KIC,Dnu,DPi1,e_DPi1,q,M,e_M,Alias,Measure,Status,numax,Result,EV,label,partition
1026084,4.45,251.2,2.89,0.31,2.43,0.23,0,2,2,46.5,1,2,2,train
1027337,6.95,70.1,0.36,0.09,1.57,0.08,0,2,0,74.2,1,1,1,train
1161618,4.07,327.5,3.61,0.49,1.31,0.08,0,2,1,33.9,1,2,2,train
1163453,4.45,299.4,3.57,0.37,1.46,0.14,0,2,1,40.3,1,2,2,test
1163621,4.99,327.8,5.43,0.45,1.96,0.1,0,2,2,50.7,1,2,2,test
1430118,13.33,82.6,1.09,0.23,1.23,0.07,0,2,0,158.7,1,1,1,train
1431316,4.31,318.6,3.75,0.39,1.44,0.13,0,2,1,37.4,1,2,2,train
1433803,12.19,79.3,0.95,0.11,1.34,0.07,0,2,0,150.3,1,1,1,test
1569842,11.81,80.6,0.87,0.23,1.17,0.06,0,2,0,135.2,1,1,1,train
1571780,4.47,336.7,5.36,0.25,2.15,0.17,0,2,2,48.2,1,2,2,train
1576469,7.36,284.5,7.25,0.31,2.4,0.12,0,2,2,89.6,1,2,2,train
1576646,7.7,69.6,0.41,0.15,1.63,0.08,0,2,0,84.8,1,1,1,test
1717994,4.1,328.2,3.36,0.15,1.01,0.11,0,2,1,31.5,1,2,2,test
1720425,3.68,276.6,2.15,0.19,1.03,0.04,0,2,1,28.7,1,2,2,test
1723656,3.78,269.9,2.24,0.17,1.14,0.08,0,2,1,31.0,1,2,2,train
1723700,4.48,323.6,4.11,0.39,1.45,0.09,0,2,1,38.7,1,2,2,train
1723752,14.98,83.7,1.38,0.15,1.46,0.05,0,2,0,198.1,1,1,1,train
1723843,9.44,72.7,0.59,0.15,1.56,0.06,0,2,0,111.3,1,1,1,train
1724879,4.5,293.8,3.45,0.39,1.57,0.16,0,2,1,40.3,1,2,2,test
1725796,4.51,316.8,4.18,0.33,1.66,0.17,0,2,1,40.8,1,2,2,test
1726211,3.72,318.8,25.24,0.43,1.32,0.05,0,2,1,31.0,1,2,2,train
1726291,12.89,82.1,1.01,0.17,1.1,0.06,0,2,0,149.4,1,1,1,train
1865102,7.96,73.8,0.45,0.15,1.23,0.05,0,2,0,82.1,1,1,1,train
1868101,3.8,298.7,2.8,0.31,0.93,0.05,0,2,1,32.1,1,2,2,test
1870196,14.9,84.8,1.37,0.19,1.4,0.09,0,2,0,191.5,1,1,1,train
1872166,6.72,263.8,5.36,0.31,2.27,0.22,0,2,2,77.5,1,2,2,train
1872842,4.44,281.1,3.23,0.21,1.66,0.07,0,2,1,41.1,1,2,2,test
1995859,4.74,321.4,4.71,0.29,1.86,0.06,0,2,1,45.8,1,2,2,train
1996078,7.79,71.4,0.42,0.15,1.42,0.06,0,2,0,82.7,1,1,1,train
1996415,10.8,79.1,0.79,0.15,1.32,0.08,0,2,0,125.6,1,1,1,test
2010702,4.1,347.9,3.55,0.47,0.86,0.08,0,2,1,29.4,1,2,2,train
2011675,4.04,287.3,2.67,0.37,0.89,0.05,0,2,1,33.1,1,2,2,train
2011891,9.75,76.7,0.67,0.19,1.37,0.06,0,2,0,113.2,1,1,1,train
2012216,8.14,72.1,0.47,0.15,1.44,0.08,0,2,0,89.3,1,1,1,train
2013502,5.72,232.9,3.29,0.25,1.86,0.07,0,2,1,61.4,1,2,2,train
2013530,4.38,284.0,3.16,0.21,1.13,0.05,0,2,1,39.3,1,2,2,train
2015820,4.61,305.4,4.18,0.39,1.83,0.07,0,2,1,45.2,1,2,2,train
2016676,6.85,255.3,5.26,0.25,2.23,0.19,0,2,2,80.0,1,2,2,test
2016706,4.3,260.7,2.59,0.25,1.44,0.13,0,2,1,38.7,1,2,2,test
2018007,3.9,261.2,2.26,0.37,1.46,0.12,0,2,1,32.8,1,2,2,train
2018537,13.85,80.6,1.18,0.11,1.46,0.08,0,2,0,182.3,1,1,1,train
2018585,8.4,73.8,0.47,0.15,1.23,0.07,0,2,0,86.4,1,1,1,train
2140446,5.7,66.0,0.25,0.15,1.49,0.09,0,2,0,57.6,1,1,1,train
2140982,4.1,256.5,2.25,0.17,1.38,0.05,0,2,1,34.5,1,2,2,train
2141436,10.06,77.6,0.67,0.13,1.21,0.05,0,2,0,112.2,1,1,1,test
2141928,4.07,318.6,3.47,0.29,1.15,0.05,0,2,1,35.0,1,2,2,train
2155148,4.14,307.7,3.15,0.45,1.38,0.1,0,2,1,33.2,1,2,2,train
2156988,3.91,283.4,2.41,0.47,0.95,0.07,0,2,1,30.9,1,2,2,train
2157650,11.36,77.2,0.83,0.19,1.41,0.06,0,2,0,138.5,1,1,1,train
2160161,4.69,277.1,3.54,0.29,1.69,0.09,0,2,1,46.8,1,2,2,test
2160572,3.95,246.0,1.94,0.33,1.25,0.11,0,2,1,32.5,1,2,2,train
2160910,10.41,77.0,0.7,0.17,1.38,0.05,0,2,0,117.4,1,1,1,train
2161409,8.6,72.4,0.52,0.13,1.57,0.08,0,2,0,98.9,1,1,1,train
2162486,4.2,275.5,2.75,0.31,1.43,0.09,0,2,1,36.5,1,2,2,train
2163597,4.09,323.7,3.45,0.37,1.02,0.07,0,2,1,33.3,1,2,2,test
2163605,4.3,300.0,3.2,0.29,1.16,0.06,0,2,1,35.5,1,2,2,train
2164327,4.68,236.7,2.5,0.23,1.44,0.14,0,2,1,45.8,1,2,2,train
2166766,4.57,326.6,4.79,0.25,1.73,0.11,0,2,1,44.9,1,2,2,train
2285827,13.24,81.8,1.13,0.15,1.34,0.06,0,2,0,166.8,1,1,1,test
2297785,4.67,289.5,4.02,0.43,2.14,0.25,0,2,2,47.7,1,2,2,train
2299926,4.46,306.4,3.86,0.23,1.78,0.13,0,2,1,41.1,1,2,2,train
2300494,4.05,327.0,3.58,0.25,1.42,0.07,0,2,1,32.9,1,2,2,train
2300853,4.08,310.9,3.3,0.31,1.39,0.12,0,2,1,34.1,1,2,2,train
2301577,4.25,318.7,3.59,0.39,1.2,0.07,0,2,1,35.1,1,2,2,train
2303101,13.75,84.1,1.21,0.21,1.19,0.08,0,2,0,170.1,1,1,1,train
2305145,8.35,214.0,4.91,0.25,2.39,0.13,0,2,2,106.1,1,2,2,train
2305992,8.93,74.5,0.56,0.13,1.38,0.05,0,2,0,100.7,1,1,1,train
2306481,4.24,361.6,4.69,0.47,1.43,0.12,0,2,1,36.1,1,2,2,train
2308196,7.07,70.0,0.35,0.13,1.42,0.07,0,2,0,71.2,1,1,1,train
2309550,5.02,314.2,4.9,0.27,1.49,0.15,0,2,1,50.2,1,2,2,train
2309617,4.1,312.5,3.17,0.27,1.28,0.12,0,2,1,32.7,1,2,2,train
2310129,5.07,312.5,5.05,0.21,1.86,0.09,0,2,1,51.8,1,2,2,test
2311548,4.05,243.2,2.06,0.23,1.11,0.1,0,2,1,34.9,1,2,2,train
2422558,9.34,74.3,0.61,0.11,1.52,0.09,0,2,0,108.0,1,1,1,train
2423737,4.28,253.4,2.37,0.27,1.56,0.16,0,2,1,37.2,1,2,2,test
2424934,3.89,329.2,3.61,0.45,1.25,0.1,0,2,1,33.8,1,2,2,train
2436457,9.61,76.0,0.6,0.23,1.25,0.09,0,2,0,103.6,1,1,1,train
2442363,3.24,334.5,3.56,0.13,1.35,0.14,0,2,1,27.7,1,2,2,train
2442483,9.28,76.3,0.58,0.13,1.17,0.05,0,2,0,100.1,1,1,1,train
2442559,4.56,323.6,4.43,0.31,1.86,0.14,0,2,1,42.1,1,2,2,test
2443035,4.48,336.6,4.7,0.45,1.47,0.1,0,2,1,41.2,1,2,2,train
2443903,7.0,70.3,0.33,0.19,1.11,0.06,0,2,0,66.5,1,1,1,test
2444691,3.93,329.3,3.19,0.41,1.06,0.08,0,2,1,29.8,1,2,2,test
2445712,3.92,324.0,3.22,0.27,1.16,0.06,0,2,1,31.1,1,2,2,test
2445947,4.07,288.6,2.69,0.35,1.17,0.08,0,2,1,32.8,1,2,2,train
2447476,7.88,70.8,0.45,0.09,1.73,0.12,0,2,0,88.6,1,1,1,train
2447604,4.95,294.7,4.7,0.33,1.79,0.16,0,2,1,55.0,1,2,2,test
2448260,4.38,336.2,4.42,0.21,1.73,0.13,0,2,1,39.4,1,2,2,train
2448679,4.3,331.9,4.19,0.33,1.6,0.1,0,2,1,38.8,1,2,2,test
2448756,4.13,252.0,2.23,0.21,1.48,0.09,0,2,1,35.7,1,2,2,train
2449020,6.04,313.3,6.61,0.29,2.24,0.21,0,2,2,67.5,1,2,2,train
2449518,7.19,232.6,4.72,0.23,2.29,0.16,0,2,2,86.1,1,2,2,test
2449703,3.96,302.1,2.87,0.37,0.98,0.04,0,2,1,32.2,1,2,2,train
2554924,3.97,299.7,3.1,0.13,1.5,0.11,0,2,1,34.8,1,2,2,train
2557392,15.69,88.9,1.63,0.25,1.38,0.11,0,2,0,208.7,1,1,1,train
2557942,4.01,288.0,2.62,0.37,1.15,0.12,0,2,1,32.0,1,2,2,train
2558794,4.13,272.8,2.56,0.29,1.34,0.07,0,2,1,34.7,1,2,2,train
2568912,11.36,80.2,0.83,0.17,1.18,0.04,0,2,0,129.3,1,1,1,train
2571668,14.67,84.6,1.34,0.17,1.31,0.06,0,2,0,182.8,1,1,1,train
2572089,4.23,335.5,4.71,0.27,1.79,0.15,0,2,1,43.5,1,2,2,train
2572667,4.14,289.8,2.86,0.21,1.16,0.08,0,2,1,34.5,1,2,2,test
2575024,3.86,324.0,3.39,0.21,1.53,0.12,0,2,1,32.7,1,2,2,test
2575044,4.09,296.2,2.84,0.35,1.08,0.09,0,2,1,32.7,1,2,2,train
2576211,4.05,315.4,3.28,0.21,1.54,0.17,0,2,1,33.0,1,2,2,train
2581394,4.26,335.3,4.2,0.31,1.67,0.17,0,2,1,37.6,1,2,2,test
2582764,4.05,301.1,2.92,0.19,0.98,0.09,0,2,1,32.7,1,2,2,train
2583651,3.94,268.8,2.42,0.25,1.35,0.1,0,2,1,34.8,1,2,2,train
2583884,5.49,306.9,5.36,0.23,1.96,0.1,0,2,2,57.6,1,2,2,test
2584478,13.91,81.2,1.19,0.21,1.5,0.1,0,2,0,180.1,1,1,1,test
2584997,14.39,83.7,1.31,0.13,1.24,0.06,0,2,0,186.4,1,1,1,test
2585190,4.74,333.9,5.2,0.31,1.87,0.18,0,2,1,47.3,1,2,2,train
2693967,7.04,229.4,4.49,0.27,2.5,0.19,0,2,2,85.2,1,2,2,test
2695592,4.31,308.5,3.5,0.47,1.4,0.16,0,2,1,36.8,1,2,2,train
2696739,15.13,85.9,1.43,0.17,1.32,0.08,0,2,0,193.9,1,1,1,train
2697082,3.33,318.1,3.15,0.39,2.35,0.19,0,2,2,31.6,1,2,2,train
2697501,4.8,302.4,4.55,0.27,2.36,0.13,0,2,2,50.5,1,2,2,train
2709625,4.3,322.2,3.82,0.25,1.24,0.11,0,2,1,37.2,1,2,2,train
2713391,4.14,315.3,3.48,0.25,1.44,0.14,0,2,1,34.5,1,2,2,train
2713894,4.03,338.0,4.06,0.35,1.53,0.15,0,2,1,36.9,1,2,2,train
2714090,5.09,272.4,3.84,0.29,1.96,0.22,0,2,2,51.7,1,2,2,train
2714108,4.35,293.0,3.3,0.31,1.4,0.16,0,2,1,38.7,1,2,2,train
2714397,4.15,325.5,3.46,0.45,1.1,0.06,0,2,1,33.0,1,2,2,train
2715975,9.35,75.2,0.58,0.13,1.31,0.1,0,2,0,103.2,1,1,1,train
2716376,4.2,299.2,3.31,0.35,1.44,0.13,0,2,1,37.9,1,2,2,test
2716608,5.72,315.7,6.67,0.33,2.87,0.21,0,2,2,68.2,1,2,2,train
2719113,3.95,248.3,1.99,0.45,1.17,0.05,0,2,1,32.7,1,2,2,train
2721170,3.97,306.2,18.24,0.41,0.77,0.03,0,2,1,29.0,1,2,2,test
2831815,5.65,67.8,0.24,0.11,1.28,0.06,0,2,0,52.5,1,1,1,test
2833772,9.11,73.7,0.55,0.11,1.41,0.12,0,2,0,100.9,1,1,1,test
2835067,7.63,70.8,0.41,0.15,1.52,0.12,0,2,0,81.4,1,1,1,train
2835657,7.85,69.8,0.42,0.13,1.57,0.13,0,2,0,85.4,1,1,1,test
2846355,4.1,292.1,2.91,0.17,1.41,0.16,0,2,1,34.0,1,2,2,train
2848618,4.21,229.7,2.07,0.17,1.6,0.11,0,2,1,39.6,1,2,2,test
2853354,10.32,76.1,0.73,0.17,1.58,0.11,0,2,0,125.2,1,1,1,train
2853631,3.95,276.8,2.45,0.39,1.37,0.12,0,2,1,32.2,1,2,2,test
2854297,3.89,319.0,3.01,0.47,1.08,0.11,0,2,1,30.2,1,2,2,train
2855150,4.07,320.7,3.24,0.25,1.0,0.07,0,2,1,31.6,1,2,2,train
2856817,4.2,305.7,2.92,0.37,0.82,0.08,0,2,1,31.4,1,2,2,train
2858440,4.76,297.3,4.12,0.27,1.9,0.18,0,2,2,47.3,1,2,2,train
2860010,6.81,254.9,5.07,0.49,1.96,0.16,0,2,2,78.8,1,2,2,train
2861042,6.61,260.6,5.34,0.23,2.47,0.18,0,2,2,77.5,1,2,2,test
2969846,8.21,71.9,0.48,0.11,1.56,0.11,0,2,0,91.5,1,1,1,train
2970396,3.84,287.7,2.47,0.15,1.12,0.07,0,2,1,30.2,1,2,2,test
2970784,11.72,79.6,0.86,0.19,1.35,0.08,0,2,0,135.2,1,1,1,train
2971380,7.92,71.4,0.4,0.13,1.25,0.11,0,2,0,77.4,1,1,1,train
2971432,13.72,83.3,1.27,0.13,1.62,0.14,0,2,0,182.5,1,1,1,train
2972545,10.74,80.3,0.87,0.13,1.79,0.11,0,2,0,133.0,1,1,1,train
2974827,12.64,82.6,1.01,0.19,1.26,0.08,0,2,0,145.9,1,1,1,train
2982965,4.3,315.0,3.68,0.27,1.45,0.14,0,2,1,37.6,1,2,2,train
2983428,4.06,328.5,3.63,0.27,1.2,0.11,0,2,1,34.1,1,2,2,test
2986661,3.89,242.6,1.91,0.11,1.36,0.12,0,2,1,32.6,1,2,2,train
2987113,3.8,245.9,1.98,0.27,1.47,0.1,0,2,1,33.4,1,2,2,train
2988079,4.18,266.9,2.57,0.35,1.42,0.09,0,2,1,36.5,1,2,2,test
2988638,7.41,232.6,4.93,0.29,2.45,0.25,0,2,2,90.8,1,2,2,train
2988743,4.3,250.7,2.49,0.25,1.52,0.17,0,2,1,40.0,1,2,2,train
2992250,4.46,247.3,2.48,0.25,1.71,0.19,0,2,1,40.4,1,2,2,train
2992573,4.56,286.6,3.52,0.29,1.7,0.15,0,2,1,43.5,1,2,2,train
2993958,4.71,271.0,3.37,0.39,1.87,0.2,0,2,1,46.0,1,2,2,train
2994762,4.24,286.4,2.96,0.49,1.49,0.19,0,2,1,35.7,1,2,2,train
2995656,4.19,307.0,3.14,0.29,1.03,0.07,0,2,1,33.8,1,2,2,train
2996019,3.87,313.6,3.07,0.27,1.3,0.1,0,2,1,31.5,1,2,2,train
2996112,3.92,323.5,3.28,0.31,1.24,0.11,0,2,1,32.0,1,2,2,train
2998532,9.35,75.0,0.59,0.15,1.39,0.07,0,2,0,105.1,1,1,1,train
3001851,3.72,284.5,2.12,0.19,0.81,0.05,0,2,1,28.4,1,2,2,train
3096636,12.75,81.8,1.03,0.19,1.32,0.08,0,2,0,151.7,1,1,1,test
3097183,6.96,66.9,0.34,0.23,1.55,0.06,0,2,0,72.9,1,1,1,test
3097819,12.66,81.3,1.07,0.13,1.38,0.07,0,2,0,160.4,1,1,1,train
3098045,4.15,280.4,2.7,0.27,1.13,0.09,0,2,1,34.8,1,2,2,train
3098179,11.95,80.8,0.9,0.15,1.18,0.04,0,2,0,137.3,1,1,1,test
3098716,4.1,315.1,2.98,0.33,0.78,0.07,0,2,1,30.6,1,2,2,train
3099949,4.12,304.9,2.97,0.45,1.17,0.11,0,2,1,32.2,1,2,2,train
3100053,3.94,319.5,3.09,0.33,1.02,0.07,0,2,1,30.4,1,2,2,train
3100164,8.59,74.3,0.5,0.15,1.32,0.1,0,2,0,91.2,1,1,1,train
3101090,3.89,323.8,3.32,0.39,1.06,0.05,0,2,1,32.3,1,2,2,train
3101632,3.66,316.8,3.0,0.21,1.07,0.07,0,2,1,30.9,1,2,2,train
3102479,4.27,317.1,3.84,0.29,1.49,0.09,0,2,1,38.5,1,2,2,test
3102929,3.99,319.6,3.26,0.41,1.1,0.06,0,2,1,31.9,1,2,2,test
3109654,4.12,273.5,2.68,0.35,1.47,0.12,0,2,1,36.1,1,2,2,train
3110056,4.17,274.3,2.61,0.31,1.33,0.13,0,2,1,35.1,1,2,2,train
3110846,4.01,291.8,2.65,0.31,1.11,0.1,0,2,1,31.5,1,2,2,train
3111831,10.39,78.3,0.76,0.13,1.32,0.06,0,2,0,123.0,1,1,1,train
3112405,3.87,249.7,2.03,0.15,1.25,0.05,0,2,1,32.4,1,2,2,train
3112543,4.06,307.9,3.07,0.23,1.28,0.09,0,2,1,32.3,1,2,2,train
3113648,8.09,73.8,0.47,0.11,1.29,0.06,0,2,0,86.8,1,1,1,train
3113811,4.61,298.2,3.83,0.37,1.59,0.15,0,2,1,43.2,1,2,2,test
3116848,4.12,291.9,2.94,0.37,1.15,0.09,0,2,1,34.5,1,2,2,train
3117024,4.02,248.1,2.19,0.29,1.09,0.07,0,2,1,35.8,1,2,2,train
3119526,4.31,261.1,2.59,0.23,1.36,0.09,0,2,1,38.5,1,2,2,test
3119555,7.69,70.3,0.42,0.17,1.59,0.08,0,2,0,85.0,1,1,1,test
3120004,4.09,304.7,2.97,0.25,1.04,0.05,0,2,1,32.4,1,2,2,train
3122185,7.86,225.5,4.99,0.25,2.22,0.23,0,2,2,96.8,1,2,2,train
3122548,4.18,294.1,2.99,0.23,1.31,0.13,0,2,1,35.0,1,2,2,train
3123206,4.03,289.2,2.68,0.33,0.95,0.07,0,2,1,32.4,1,2,2,train
3123653,9.13,74.7,0.54,0.17,1.33,0.06,0,2,0,96.9,1,1,1,train
3127825,4.46,304.2,3.59,0.31,1.41,0.13,0,2,1,39.5,1,2,2,test
3128866,6.75,278.8,6.23,0.25,2.36,0.15,0,2,2,80.5,1,2,2,train
3129312,12.65,81.8,1.01,0.13,1.21,0.07,0,2,0,149.6,1,1,1,train
3215565,4.05,332.8,3.48,0.41,1.15,0.06,0,2,1,31.8,1,2,2,train
3215869,6.57,68.6,0.33,0.13,1.78,0.09,0,2,0,69.4,1,1,1,train
3216334,9.91,75.3,0.67,0.13,1.68,0.19,0,2,0,117.6,1,1,1,test
3217026,3.96,328.9,3.32,0.45,1.11,0.09,0,2,1,30.9,1,2,2,train
3218312,7.45,71.2,0.4,0.13,1.5,0.1,0,2,0,78.5,1,1,1,train
3218973,4.2,263.6,2.47,0.21,1.14,0.1,0,2,1,35.9,1,2,2,train
3221086,7.89,72.8,0.45,0.15,1.46,0.06,0,2,0,83.7,1,1,1,train
3222326,3.39,337.5,2.7,0.29,0.73,0.04,0,2,1,23.9,1,2,2,train
3222670,4.06,337.7,3.87,0.37,1.03,0.07,0,2,1,34.3,1,2,2,train
3222740,6.94,70.6,0.38,0.17,1.82,0.09,0,2,0,75.0,1,1,1,train
3222834,13.92,84.7,1.22,0.13,1.18,0.04,0,2,0,169.7,1,1,1,train
3231503,4.28,225.1,2.15,0.33,2.08,0.17,0,2,2,42.6,1,2,2,train
3232643,3.95,322.6,3.16,0.15,0.92,0.09,0,2,1,30.8,1,2,2,train
3232810,3.95,269.3,1.83,0.25,1.31,0.07,0,2,1,33.2,1,2,2,train
3232813,4.01,288.4,2.7,0.13,1.17,0.09,0,2,1,33.0,1,2,2,train
3232838,4.17,248.5,2.27,0.21,1.56,0.13,0,2,1,37.1,1,2,2,train
3233980,4.08,291.3,2.76,0.27,1.12,0.11,0,2,1,32.4,1,2,2,train
3234311,3.48,310.6,2.76,0.43,1.53,0.13,0,2,1,29.0,1,2,2,train
3234396,4.02,261.9,2.18,0.45,1.06,0.08,0,2,1,32.0,1,2,2,test
3234597,4.31,296.6,3.34,0.25,1.46,0.12,0,2,1,38.4,1,2,2,train
3234655,4.51,286.7,3.39,0.35,1.68,0.21,0,2,1,41.2,1,2,2,train
3234703,6.82,263.9,5.64,0.23,2.54,0.22,0,2,2,82.0,1,2,2,test
3235216,4.19,275.0,2.9,0.25,1.89,0.2,0,2,1,38.3,1,2,2,test
3235616,8.36,212.8,4.72,0.13,2.09,0.25,0,2,2,104.4,1,2,2,train
3236108,4.35,319.8,3.95,0.31,1.49,0.13,0,2,1,39.0,1,2,2,train
3238859,5.07,241.4,2.99,0.25,1.79,0.16,0,2,1,51.6,1,2,2,test
3239204,4.28,310.5,3.64,0.35,1.52,0.06,0,2,1,37.5,1,2,2,train
3240734,3.89,342.1,3.66,0.23,1.1,0.05,0,2,1,31.6,1,2,2,train
3241374,4.18,338.0,4.34,0.31,1.57,0.12,0,2,1,38.5,1,2,2,train
3241822,4.36,280.7,3.02,0.31,1.45,0.12,0,2,1,39.1,1,2,2,train
3242122,4.12,291.7,2.87,0.37,1.08,0.1,0,2,1,34.0,1,2,2,train
3247531,4.25,298.2,3.34,0.29,1.55,0.14,0,2,1,37.1,1,2,2,train
3323401,3.97,294.5,2.67,0.27,1.36,0.12,0,2,1,31.2,1,2,2,test
3324929,4.86,300.8,4.24,0.19,1.68,0.14,0,2,1,46.8,1,2,2,train
3325420,4.05,331.7,3.38,0.43,1.01,0.06,0,2,1,31.2,1,2,2,test
3326392,10.69,72.7,0.65,0.11,1.28,0.06,0,2,0,123.6,1,1,1,train
3336731,4.42,313.0,3.95,0.19,1.74,0.1,0,2,1,40.2,1,2,2,test
3337400,4.86,316.1,4.7,0.25,1.85,0.17,0,2,1,47.7,1,2,2,train
3337536,10.18,77.7,0.67,0.15,1.2,0.06,0,2,0,111.5,1,1,1,train
3338464,4.53,340.4,35.55,0.41,1.08,0.06,0,2,1,36.8,1,2,2,train
3339203,4.47,303.0,3.6,0.31,1.54,0.13,0,2,1,39.7,1,2,2,train
3339762,3.9,303.2,3.12,0.35,1.64,0.18,0,2,1,34.5,1,2,2,test
3339805,3.58,249.9,1.84,0.21,1.38,0.12,0,2,1,29.6,1,2,2,train
3339951,4.05,305.9,3.08,0.33,1.49,0.13,0,2,1,33.1,1,2,2,train
3341327,4.21,254.9,2.44,0.27,1.53,0.13,0,2,1,37.9,1,2,2,test
3341413,6.39,256.5,4.85,0.29,2.65,0.34,0,2,2,72.1,1,2,2,train
3342429,3.79,283.6,2.37,0.23,1.0,0.1,0,2,1,29.6,1,2,2,train
3342658,4.19,249.3,2.24,0.39,1.45,0.12,0,2,1,36.5,1,2,2,train
3343166,4.27,332.6,4.2,0.17,1.49,0.18,0,2,1,38.0,1,2,2,train
3343372,4.37,255.3,2.64,0.23,1.81,0.17,0,2,1,40.1,1,2,2,train
3343630,7.95,73.1,0.47,0.13,1.49,0.09,0,2,0,87.4,1,1,1,test
3345441,4.22,301.2,3.18,0.39,1.14,0.12,0,2,1,35.7,1,2,2,train
3346284,4.1,295.7,2.89,0.29,1.13,0.1,0,2,1,33.1,1,2,2,train
3347431,6.91,71.5,0.35,0.11,1.44,0.16,0,2,0,68.5,1,1,1,train
3347745,3.78,331.7,3.05,0.35,1.12,0.09,0,2,1,28.2,1,2,2,train
3348124,4.14,334.5,3.75,0.27,1.05,0.07,0,2,1,33.5,1,2,2,test
3348134,4.13,327.3,3.64,0.33,0.99,0.08,0,2,1,34.2,1,2,2,test
3348774,4.11,334.8,3.7,0.35,1.37,0.11,0,2,1,33.3,1,2,2,train
3354827,15.78,87.9,1.6,0.23,1.42,0.13,0,2,0,211.5,1,1,1,train
3355015,3.39,292.9,2.3,0.21,1.2,0.09,0,2,1,27.4,1,2,2,test
3355034,4.14,249.9,2.27,0.27,1.64,0.14,0,2,1,35.8,1,2,2,train
3425476,4.43,282.0,3.16,0.27,1.41,0.13,0,2,1,39.9,1,2,2,train
3425675,4.05,329.3,3.47,0.31,0.98,0.05,0,2,1,32.2,1,2,2,train
3426673,13.52,80.9,1.15,0.13,1.47,0.05,0,2,0,176.4,1,1,1,train
3426898,6.57,69.5,0.31,0.13,1.24,0.05,0,2,0,64.1,1,1,1,train
3427629,3.76,265.8,2.18,0.15,1.06,0.08,0,2,1,31.4,1,2,2,train
3430007,10.28,77.7,0.7,0.13,1.23,0.05,0,2,0,116.0,1,1,1,train
3430674,11.26,79.9,0.84,0.11,1.29,0.07,0,2,0,130.7,1,1,1,train
3437031,5.52,283.0,5.04,0.29,2.69,0.21,0,2,2,62.7,1,2,2,train
3438609,6.77,300.6,7.38,0.21,2.67,0.22,0,2,2,81.0,1,2,2,train
3439353,7.62,69.1,0.4,0.13,1.58,0.07,0,2,0,84.3,1,1,1,train
3441207,14.22,83.2,1.26,0.15,1.35,0.06,0,2,0,182.4,1,1,1,train
3445572,4.28,288.9,3.16,0.25,1.49,0.12,0,2,1,37.8,1,2,2,train
3445799,4.72,314.9,4.5,0.23,1.65,0.16,0,2,1,46.3,1,2,2,train
3445994,4.03,250.9,2.09,0.35,1.1,0.08,0,2,1,33.5,1,2,2,train
3446517,4.02,320.8,3.63,0.23,1.81,0.19,0,2,1,35.5,1,2,2,train
3448427,9.79,76.6,0.64,0.15,1.39,0.13,0,2,0,109.1,1,1,1,test
3449224,3.61,308.3,2.69,0.21,1.15,0.05,0,2,1,28.6,1,2,2,test
3450129,3.97,269.1,2.2,0.33,1.02,0.08,0,2,1,30.3,1,2,2,train
3452915,5.09,297.9,4.8,0.21,2.62,0.18,0,2,2,55.9,1,2,2,train
3453419,4.64,322.4,4.66,0.23,2.0,0.17,0,2,2,45.2,1,2,2,train
3455906,4.7,313.2,4.46,0.31,1.67,0.1,0,2,1,45.9,1,2,2,train
3456216,5.11,301.0,5.04,0.23,2.36,0.2,0,2,2,53.8,1,2,2,train
3456449,5.28,325.3,5.75,0.39,2.24,0.18,0,2,2,54.7,1,2,2,test
3456587,8.46,73.4,0.48,0.13,1.33,0.07,0,2,0,88.6,1,1,1,train
3457190,3.88,293.5,2.69,0.37,1.24,0.12,0,2,1,31.8,1,2,2,train
3457392,4.08,271.9,2.57,0.35,1.16,0.05,0,2,1,35.1,1,2,2,train
3459347,3.96,304.9,3.55,0.45,2.22,0.19,0,2,2,38.5,1,2,2,test
3526995,4.15,248.4,2.19,0.17,1.22,0.11,0,2,1,36.0,1,2,2,test
3527156,4.08,297.7,2.82,0.33,1.21,0.05,0,2,1,32.4,1,2,2,train
3528900,3.94,335.8,3.33,0.33,0.94,0.1,0,2,1,30.0,1,2,2,train
3529399,10.8,78.9,0.78,0.15,1.26,0.06,0,2,0,124.1,1,1,1,train
3529456,3.99,285.7,2.48,0.29,1.06,0.1,0,2,1,30.7,1,2,2,test
3529480,4.56,266.4,3.01,0.25,1.9,0.18,0,2,2,43.0,1,2,2,train
3529597,4.88,236.6,2.86,0.29,2.31,0.2,0,2,2,51.7,1,2,2,train
3530333,11.05,77.1,0.8,0.13,1.48,0.08,0,2,0,133.4,1,1,1,train
3531436,13.65,79.4,1.11,0.13,1.5,0.06,0,2,0,175.6,1,1,1,test
3532085,9.51,76.8,0.62,0.17,1.26,0.06,0,2,0,105.0,1,1,1,train
3533480,3.62,249.8,12.51,0.37,0.99,0.05,0,2,1,27.1,1,2,2,train
3534649,4.03,322.9,3.38,0.41,1.3,0.09,0,2,1,33.0,1,2,2,train
3539261,3.84,256.3,1.86,0.27,0.83,0.08,0,2,1,29.1,1,2,2,train
3539429,9.9,77.5,0.68,0.13,1.27,0.0,0,2,0,113.4,1,1,1,test
3541061,4.45,323.7,4.07,0.31,1.39,0.12,0,2,1,39.3,1,2,2,train
3541897,4.55,257.3,3.01,0.29,2.08,0.2,0,2,2,45.5,1,2,2,test
3544063,4.18,325.2,3.59,0.39,1.19,0.13,0,2,1,34.1,1,2,2,test
3544121,3.69,318.9,2.98,0.21,1.4,0.07,0,2,1,29.7,1,2,2,train
3544390,3.98,315.3,37.72,0.15,1.5,0.14,0,2,1,32.9,1,2,2,test
3544887,3.85,334.1,3.47,0.25,1.15,0.09,0,2,1,31.5,1,2,2,test
3545520,3.8,245.0,1.87,0.35,1.37,0.1,0,2,1,31.2,1,2,2,train
3546046,13.98,82.4,1.22,0.13,1.44,0.12,0,2,0,179.0,1,1,1,train
3546343,4.33,289.5,3.1,0.31,1.36,0.09,0,2,1,37.1,1,2,2,train
3547041,9.01,74.6,0.58,0.15,1.45,0.06,0,2,0,103.7,1,1,1,train
3547236,11.46,79.2,0.86,0.17,1.33,0.0,0,2,0,136.6,1,1,1,train
3547853,4.56,315.3,4.22,0.21,1.72,0.19,0,2,1,42.5,1,2,2,train
3550605,4.16,255.4,2.31,0.19,1.46,0.16,0,2,1,35.9,1,2,2,train
3550658,3.97,318.2,2.91,0.23,0.78,0.06,0,2,1,28.9,1,2,2,train
3553768,3.89,333.4,3.33,0.21,0.96,0.07,0,2,1,30.3,1,2,2,train
3554912,4.88,313.9,5.46,0.39,2.85,0.19,0,2,2,55.3,1,2,2,train
3555292,5.4,293.3,4.83,0.21,1.89,0.0,0,2,1,56.3,1,2,2,test
3558848,5.13,254.0,3.43,0.23,1.99,0.11,0,2,2,53.1,1,2,2,train
3560093,7.1,288.2,6.84,0.25,2.05,0.17,0,2,2,83.5,1,2,2,train
3628943,10.09,75.1,0.67,0.15,1.42,0.07,0,2,0,117.6,1,1,1,train
3629335,4.14,310.8,3.04,0.35,0.78,0.06,0,2,1,31.7,1,2,2,train
3631402,4.83,294.2,4.02,0.31,1.71,0.09,0,2,1,47.2,1,2,2,train
3631621,4.28,313.0,3.57,0.25,1.38,0.08,0,2,1,36.7,1,2,2,train
3631821,5.5,318.3,5.86,0.33,2.23,0.22,0,2,2,58.1,1,2,2,test
3632803,12.65,81.6,1.07,0.23,1.55,0.1,0,2,0,159.9,1,1,1,train
3634578,3.85,321.9,3.11,0.43,1.08,0.07,0,2,1,30.2,1,2,2,train
3634720,3.91,292.3,3.14,0.23,2.04,0.09,0,2,2,37.4,1,2,2,test
3641504,8.89,73.6,0.52,0.13,1.36,0.07,0,2,0,96.6,1,1,1,train
3642101,3.91,295.4,2.61,0.23,1.21,0.06,0,2,1,30.0,1,2,2,train
3642135,4.97,302.1,4.56,0.23,1.67,0.11,0,2,1,50.0,1,2,2,train
3642837,8.06,73.9,0.48,0.15,1.37,0.07,0,2,0,88.0,1,1,1,train
3642873,4.11,325.8,3.41,0.31,1.1,0.09,0,2,1,32.7,1,2,2,train
3645006,4.06,312.5,3.35,0.27,1.27,0.1,0,2,1,35.1,1,2,2,test
3645210,3.81,330.2,3.0,0.21,0.86,0.08,0,2,1,28.0,1,2,2,train
3645589,12.67,80.7,1.04,0.15,1.45,0.12,0,2,0,158.1,1,1,1,train
3646645,3.92,319.5,3.26,0.25,1.15,0.08,0,2,1,32.2,1,2,2,train
3647215,11.87,81.1,0.9,0.19,1.18,0.08,0,2,0,135.8,1,1,1,train
3647918,4.55,251.4,2.73,0.19,1.67,0.14,0,2,1,43.0,1,2,2,test
3649673,3.94,312.4,3.03,0.21,1.07,0.09,0,2,1,31.4,1,2,2,test
3651360,3.49,241.2,1.64,0.21,1.07,0.08,0,2,1,28.5,1,2,2,train
3654420,5.15,326.5,5.48,0.23,1.78,0.06,0,2,1,52.0,1,2,2,test
3656240,8.16,196.8,3.89,0.17,2.08,0.1,0,2,2,100.0,1,2,2,train
3657670,6.86,77.3,0.41,0.31,1.28,0.07,0,2,0,67.9,1,1,1,train
3660007,4.35,292.1,3.38,0.37,1.39,0.08,0,2,1,39.6,1,2,2,train
3660554,4.37,292.8,3.34,0.41,1.48,0.08,0,2,1,39.1,1,2,2,test
3660866,4.95,330.0,5.47,0.29,2.26,0.24,0,2,2,50.3,1,2,2,test
3660976,3.86,351.7,5.16,0.45,2.37,0.22,0,2,2,39.5,1,2,2,test
3661507,8.61,73.7,0.5,0.23,1.27,0.06,0,2,0,93.1,1,1,1,train
3662421,4.26,313.3,3.74,0.29,1.51,0.07,0,2,1,38.0,1,2,2,train
3663200,7.6,274.2,6.84,0.21,2.5,0.31,0,2,2,91.2,1,2,2,train
3727412,3.95,257.5,2.13,0.35,1.36,0.11,0,2,1,32.3,1,2,2,test
3728936,4.6,285.1,3.46,0.27,1.8,0.14,0,2,1,43.0,1,2,2,train
3730689,4.58,324.5,4.7,0.21,1.91,0.2,0,2,2,44.9,1,2,2,train
3733028,13.26,92.6,1.38,0.19,1.72,0.06,0,2,0,176.8,1,1,1,train
3735912,14.91,82.3,1.36,0.13,1.65,0.11,0,2,0,202.8,1,1,1,train
3736195,4.17,300.2,3.08,0.27,1.27,0.06,0,2,1,34.4,1,2,2,train
3736289,4.99,306.8,4.62,0.37,1.3,0.04,0,2,1,49.9,1,2,2,test
3742673,6.12,67.1,0.29,0.13,1.7,0.15,0,2,0,64.3,1,1,1,train
3744043,9.89,75.7,0.64,0.15,1.28,0.03,0,2,0,112.3,1,1,1,train
3744681,5.5,288.0,5.14,0.31,2.61,-0.0,0,2,2,61.6,1,2,2,test
3744954,4.37,317.5,3.83,0.25,1.33,0.15,0,2,1,38.3,1,2,2,test
3745153,4.67,324.9,4.66,0.33,1.84,0.15,0,2,1,44.2,1,2,2,train
3746005,8.59,74.0,0.51,0.13,1.36,0.11,0,2,0,93.9,1,1,1,test
3748487,3.82,281.6,2.33,0.39,1.0,0.07,0,2,1,30.1,1,2,2,train
3748691,4.25,320.9,3.97,0.27,1.33,0.07,0,2,1,39.2,1,2,2,train
3748941,3.94,271.9,2.33,0.47,1.11,0.06,0,2,1,31.8,1,2,2,test
3749487,6.54,68.2,0.33,0.11,1.63,0.05,0,2,0,70.7,1,1,1,train
3750794,3.93,305.7,2.95,0.33,1.04,0.08,0,2,1,32.0,1,2,2,test
3751075,4.49,286.4,3.42,0.27,1.85,0.2,0,2,1,41.4,1,2,2,train
3751222,4.39,250.0,2.43,0.23,1.37,0.11,0,2,1,39.5,1,2,2,train
3751415,12.38,81.7,0.95,0.15,1.18,0.08,0,2,0,141.9,1,1,1,train
3751663,7.96,72.5,0.45,0.21,1.46,0.09,0,2,0,85.4,1,1,1,train
3755923,4.55,286.6,3.47,0.27,1.53,0.09,0,2,1,43.0,1,2,2,train
3756174,9.5,76.8,0.64,0.19,1.44,0.09,0,2,0,107.9,1,1,1,train
3758458,5.86,263.1,4.61,0.25,2.07,0.14,0,2,2,69.3,1,2,2,train
3759654,7.78,265.8,6.36,0.21,2.18,0.1,0,2,2,91.2,1,2,2,train
3763483,4.09,309.5,3.06,0.27,1.08,0.07,0,2,1,32.6,1,2,2,train
3764173,4.1,291.9,2.77,0.29,1.16,0.15,0,2,1,32.8,1,2,2,train
3764514,4.34,310.0,3.52,0.33,1.43,0.12,0,2,1,36.4,1,2,2,train
3764887,4.21,319.5,4.05,0.29,1.91,0.19,0,2,2,39.8,1,2,2,train
3765049,4.28,282.2,3.01,0.19,1.48,0.13,0,2,1,38.3,1,2,2,train
3765758,7.59,72.4,0.41,0.17,1.25,0.07,0,2,0,77.4,1,1,1,test
3833399,4.11,296.8,3.21,0.29,1.58,0.06,0,2,1,37.3,1,2,2,train
3833819,12.39,79.6,0.98,0.09,1.38,0.05,0,2,0,152.4,1,1,1,train
3834190,4.02,319.9,3.4,0.21,1.0,0.06,0,2,1,33.8,1,2,2,train
3837488,9.3,75.4,0.55,0.17,1.06,0.05,0,2,0,97.8,1,1,1,test
3838075,4.17,267.1,2.57,0.25,1.39,0.1,0,2,1,36.4,1,2,2,test
3838336,4.07,322.6,3.54,0.29,1.04,0.05,0,2,1,35.0,1,2,2,test
3839294,9.91,77.0,0.66,0.15,1.18,-0.0,0,2,0,111.5,1,1,1,test
3839551,4.21,294.9,3.06,0.49,1.31,0.1,0,2,1,35.8,1,2,2,test
3842450,4.17,320.8,3.6,0.31,1.42,0.14,0,2,1,35.5,1,2,2,train
3842778,7.47,72.8,0.39,0.15,1.21,0.08,0,2,0,74.1,1,1,1,train
3847096,12.23,80.9,0.97,0.15,1.31,0.09,0,2,0,146.3,1,1,1,train
3847166,4.06,314.7,25.16,0.15,1.07,0.08,0,2,1,34.6,1,2,2,train
3847667,4.02,308.3,3.09,0.43,1.22,0.11,0,2,1,32.6,1,2,2,train
3852467,3.94,276.6,2.4,0.15,0.76,0.07,0,2,1,31.4,1,2,2,train
3854607,14.41,84.8,1.29,0.15,1.31,0.09,0,2,0,179.0,1,1,1,test
3855032,3.85,308.0,3.11,0.29,1.34,0.1,0,2,1,32.5,1,2,2,train
3855126,5.81,62.5,0.22,0.11,1.41,0.11,0,2,0,56.9,1,1,1,train
3858714,4.83,318.8,4.88,0.33,1.83,0.19,0,2,1,49.6,1,2,2,train
3858848,4.66,296.7,3.77,0.29,1.59,0.14,0,2,1,43.9,1,2,2,train
3859121,4.81,279.9,3.9,0.29,1.7,0.16,0,2,1,50.1,1,2,2,train
3861797,12.61,81.5,0.99,0.17,1.24,0.09,0,2,0,147.9,1,1,1,train
3862111,4.39,245.9,2.32,0.35,1.3,0.07,0,2,1,39.5,1,2,2,train
3862151,7.96,72.5,0.43,0.13,1.23,0.05,0,2,0,81.6,1,1,1,train
3863402,5.29,290.8,4.59,0.29,2.06,0.18,0,2,2,54.4,1,2,2,test
3864077,4.45,322.3,4.33,0.39,1.76,0.17,0,2,1,40.9,1,2,2,train
3864171,4.07,300.0,2.63,0.29,0.96,0.04,0,2,1,29.5,1,2,2,train
3866008,4.11,290.5,24.52,0.45,1.33,0.11,0,2,1,32.9,1,2,2,test
3866033,4.07,250.9,2.14,0.33,1.18,0.11,0,2,1,34.2,1,2,2,train
3866548,4.46,248.8,2.58,0.27,1.6,0.13,0,2,1,41.7,1,2,2,test
3867987,3.97,265.4,2.19,0.31,1.06,0.09,0,2,1,31.4,1,2,2,test
3868070,4.22,319.9,3.95,0.27,1.7,0.13,0,2,1,38.1,1,2,2,train
3868080,4.7,301.7,4.14,0.23,1.68,0.17,0,2,1,46.2,1,2,2,train
3869241,4.16,316.5,3.41,0.19,1.38,0.12,0,2,1,34.1,1,2,2,train
3869326,4.59,229.2,2.48,0.15,2.38,0.29,0,2,2,47.2,1,2,2,train
3870463,4.39,326.5,3.84,0.35,0.95,0.1,0,2,1,35.6,1,2,2,train
3934458,4.24,287.5,2.99,0.27,1.3,0.06,0,2,1,36.7,1,2,2,train
3935726,3.87,323.5,3.1,0.15,1.04,0.05,0,2,1,30.3,1,2,2,train
3937022,5.93,59.7,1.9,0.13,1.32,0.06,0,2,0,56.9,1,1,1,test
3937067,6.82,68.8,0.34,0.15,1.45,0.06,0,2,0,70.9,1,1,1,test
3942191,3.87,247.7,1.9,0.41,0.95,0.03,0,2,1,31.1,1,2,2,train
3942203,4.17,294.6,2.99,0.27,1.15,0.04,0,2,1,35.1,1,2,2,train
3942658,4.23,331.5,3.39,0.49,0.83,0.09,0,2,1,31.4,1,2,2,train
3942701,12.41,82.1,0.99,0.15,1.23,0.06,0,2,0,146.3,1,1,1,train
3946270,4.05,304.6,3.08,0.41,1.39,0.12,0,2,1,33.3,1,2,2,train
3946428,4.09,331.3,3.23,0.45,0.76,0.04,0,2,1,29.8,1,2,2,train
3946593,4.47,304.2,3.64,0.31,1.33,0.13,0,2,1,40.0,1,2,2,train
3951748,4.09,324.8,3.35,0.29,1.06,0.04,0,2,1,32.3,1,2,2,train
3951839,4.48,307.9,3.97,0.19,1.55,0.05,0,2,1,42.2,1,2,2,train
3952333,4.19,295.0,3.06,0.29,1.45,0.14,0,2,1,34.9,1,2,2,train
3952656,4.35,302.6,3.58,0.41,1.42,0.1,0,2,1,38.9,1,2,2,train
3953292,5.68,65.5,0.23,0.07,1.39,0.06,0,2,0,53.8,1,1,1,train
3954000,4.39,306.5,3.64,0.27,1.54,0.13,0,2,1,39.1,1,2,2,train
3954770,6.75,202.7,3.31,0.25,2.25,0.12,0,2,2,79.7,1,2,2,train
3954857,4.17,259.6,2.45,0.25,1.37,0.06,0,2,1,36.7,1,2,2,train
3955033,9.21,74.0,0.58,0.21,1.49,0.07,0,2,0,106.7,1,1,1,train
3956513,3.94,297.8,2.69,0.25,1.08,0.09,0,2,1,30.5,1,2,2,train
3956786,4.13,282.9,2.65,0.25,1.02,0.08,0,2,1,33.1,1,2,2,train
3957684,4.02,311.5,3.18,0.27,1.4,0.11,0,2,1,33.1,1,2,2,test
3958400,5.02,292.1,4.58,0.25,2.45,0.12,0,2,2,54.0,1,2,2,train
3962731,6.32,68.6,0.29,0.17,1.35,0.06,0,2,0,61.2,1,1,1,train
3965502,9.62,73.0,0.61,0.15,1.69,0.1,0,2,0,115.3,1,1,1,train
3965887,5.21,256.4,3.84,0.35,2.8,0.22,0,2,2,58.6,1,2,2,test
3968710,4.3,330.0,4.1,0.19,1.43,0.08,0,2,1,38.1,1,2,2,train
3969841,4.03,337.9,3.54,0.31,0.84,0.06,0,2,1,31.8,1,2,2,test
3969847,3.89,264.0,2.24,0.29,1.14,0.07,0,2,1,32.4,1,2,2,train
3970223,4.37,310.3,3.67,0.27,1.37,0.08,0,2,1,38.5,1,2,2,train
3970635,6.71,69.9,0.33,0.15,1.42,0.06,0,2,0,67.2,1,1,1,train
3971513,4.28,314.8,3.73,0.23,1.61,0.19,0,2,1,37.7,1,2,2,train
3972026,4.16,301.4,3.27,0.31,1.24,0.06,0,2,1,36.0,1,2,2,train
3973247,12.34,80.9,0.98,0.17,1.34,0.07,0,2,0,150.5,1,1,1,train
3973315,8.08,67.2,0.39,0.25,1.32,0.05,0,2,0,86.8,1,1,1,train
3974163,5.94,302.4,6.16,0.17,2.09,0.15,0,2,2,68.1,1,2,2,train
4036300,4.33,301.6,3.4,0.23,1.46,0.09,0,2,1,37.8,1,2,2,test
4039306,4.15,328.6,3.61,0.47,1.05,0.09,0,2,1,33.6,1,2,2,test
4042951,4.15,329.6,3.39,0.41,0.84,0.06,0,2,1,31.9,1,2,2,train
4043436,3.95,281.2,2.49,0.41,1.21,0.05,0,2,1,31.8,1,2,2,train
4048011,4.17,306.1,3.62,0.27,2.04,0.19,0,2,2,38.5,1,2,2,train
4048951,10.49,77.8,0.72,0.19,1.28,0.04,0,2,0,119.2,1,1,1,train
4049219,4.13,287.1,2.97,0.25,1.43,0.12,0,2,1,34.2,1,2,2,train
4054979,3.75,325.4,2.86,0.37,0.92,0.04,0,2,1,27.3,1,2,2,train
4056014,4.3,318.1,4.46,0.25,2.56,0.22,0,2,2,44.2,1,2,2,test
4056266,7.38,272.4,6.53,0.29,2.24,0.11,0,2,2,87.9,1,2,2,train
4056365,9.81,75.4,0.64,0.13,1.47,0.08,0,2,0,112.8,1,1,1,train
4056579,11.96,81.3,0.94,0.13,1.23,0.06,0,2,0,141.1,1,1,1,train
4057016,4.09,234.0,1.85,0.35,1.29,0.09,0,2,1,34.5,1,2,2,train
4057018,4.14,308.9,3.32,0.27,1.41,0.1,0,2,1,35.1,1,2,2,train
4057076,4.54,301.8,3.81,0.27,1.52,0.05,0,2,1,42.0,1,2,2,train
4058403,5.1,73.5,4.44,0.27,1.76,0.09,0,2,0,53.6,1,2,2,train
4060533,4.08,295.5,2.73,0.31,1.14,0.1,0,2,1,31.7,1,2,2,train
4063998,4.23,333.7,3.94,0.29,1.01,0.04,0,2,1,35.6,1,2,2,test
4066074,9.6,76.3,0.61,0.13,1.19,0.06,0,2,0,104.4,1,1,1,train
4066278,10.13,73.4,0.66,0.19,1.46,0.05,0,2,0,123.7,1,1,1,train
4066326,4.13,311.5,3.31,0.29,1.07,0.05,0,2,1,34.3,1,2,2,train
4069488,3.89,303.9,2.75,0.39,0.79,0.03,0,2,1,30.4,1,2,2,train
4071104,3.8,259.5,2.19,0.27,1.48,0.07,0,2,1,32.7,1,2,2,test
4071362,4.18,323.2,3.53,0.45,1.12,0.05,0,2,1,33.8,1,2,2,train
4071543,4.15,316.6,3.57,0.19,1.33,0.06,0,2,1,36.1,1,2,2,train
4072701,4.51,331.1,4.6,0.21,1.42,0.04,0,2,1,41.8,1,2,2,train
4072740,18.37,88.4,2.04,0.17,1.57,0.1,0,2,0,269.2,1,1,1,train
4074796,10.93,78.6,0.8,0.13,1.33,0.06,0,2,0,129.4,1,1,1,train
4075403,5.54,293.6,5.1,0.21,1.95,0.11,0,2,2,59.1,1,2,2,train
4076149,6.6,282.9,6.18,0.23,2.26,0.22,0,2,2,77.1,1,2,2,train
4077931,3.69,270.8,2.23,0.45,1.55,0.12,0,2,1,30.5,1,2,2,train
4078485,4.16,328.4,3.97,0.27,1.52,0.13,0,2,1,37.3,1,2,2,train
4136374,5.08,306.8,4.76,0.29,1.78,0.09,0,2,1,51.0,1,2,2,test
4137210,9.87,74.3,0.65,0.13,1.53,0.07,0,2,0,117.7,1,1,1,train
4139232,3.73,332.3,3.09,0.23,1.14,0.1,0,2,1,28.0,1,2,2,train
4139805,7.31,289.1,5.0,0.25,2.18,0.14,0,2,2,86.3,1,2,2,test
4141815,4.59,301.1,3.92,0.39,1.55,0.05,0,2,1,43.3,1,2,2,train
4143334,4.09,325.2,3.55,0.33,1.09,0.05,0,2,1,34.2,1,2,2,train
4143460,4.27,287.1,3.25,0.27,1.38,-0.0,0,2,1,40.0,1,2,2,test
4143467,5.66,63.8,0.2,0.15,1.09,0.04,0,2,0,48.8,1,1,1,train
4144796,4.68,330.4,4.9,0.39,1.89,0.13,0,2,1,45.3,1,2,2,train
4148624,4.05,322.0,3.42,0.25,1.22,0.06,0,2,1,33.1,1,2,2,test
4159205,3.58,323.7,34.23,0.21,1.49,0.07,0,2,1,33.7,1,2,2,train
4161005,3.91,257.2,1.89,0.31,0.84,0.03,0,2,1,28.7,1,2,2,train
4164464,14.18,84.2,1.29,0.13,1.38,0.1,0,2,0,181.4,1,1,1,train
4165506,4.46,265.0,2.9,0.17,1.47,0.14,0,2,1,42.2,1,2,2,test
4165711,6.64,69.8,0.33,0.15,1.38,0.06,0,2,0,66.7,1,1,1,test
4165776,4.63,319.9,4.46,0.37,1.79,0.14,0,2,1,43.6,1,2,2,train
4168541,4.36,270.8,2.77,0.29,1.14,0.07,0,2,1,38.5,1,2,2,train
4168909,11.62,78.8,0.88,0.13,1.4,0.06,0,2,0,142.3,1,1,1,test
4169130,4.26,273.1,2.79,0.35,1.47,0.16,0,2,1,38.0,1,2,2,train
4169517,6.05,286.7,4.3,0.23,1.8,0.1,0,2,1,65.2,1,2,2,train
4171788,8.4,72.7,0.48,0.15,1.44,0.05,0,2,0,91.6,1,1,1,train
4172176,4.18,267.7,2.55,0.35,1.47,0.06,0,2,1,35.8,1,2,2,train
4174996,11.14,78.6,0.77,0.17,1.17,0.05,0,2,0,124.6,1,1,1,train
4179984,3.95,298.9,2.73,0.29,1.06,0.09,0,2,1,30.8,1,2,2,test
4180064,8.61,71.3,0.49,0.17,1.23,0.05,0,2,0,96.2,1,1,1,test
4180705,6.37,279.8,5.67,0.23,2.51,0.31,0,2,2,72.8,1,2,2,train
4180903,5.38,319.0,5.7,0.27,1.78,0.14,0,2,1,56.5,1,2,2,test
4180939,5.8,242.4,3.83,0.41,2.09,0.09,0,2,2,64.3,1,2,2,train
4241369,5.66,310.0,5.83,0.33,2.23,0.09,0,2,2,60.8,1,2,2,train
4244973,4.71,325.4,5.51,0.35,2.74,0.2,0,2,2,52.0,1,2,2,test
4246481,4.61,321.6,4.42,0.23,1.54,0.09,0,2,1,42.9,1,2,2,train
4247970,6.54,66.8,0.3,0.17,1.37,0.07,0,2,0,66.8,1,1,1,train
4249128,4.51,308.4,3.94,0.15,1.35,0.04,0,2,1,41.8,1,2,2,train
4249242,3.91,332.1,3.89,0.15,1.25,0.05,0,2,1,35.5,1,2,2,train
4249357,5.15,64.6,0.2,0.17,1.25,-0.0,0,2,0,48.6,1,1,1,train
4253026,4.28,249.0,2.28,0.27,1.35,0.06,0,2,1,37.0,1,2,2,train
4261757,4.3,314.1,3.91,0.23,1.35,0.1,0,2,1,40.1,1,2,2,test
4262239,5.41,65.6,0.23,0.05,1.48,0.08,0,2,0,53.5,1,1,1,test
4262505,7.97,69.4,0.42,0.19,1.43,0.04,0,2,0,88.6,1,1,1,train
4269030,4.1,316.2,3.5,0.29,1.31,0.09,0,2,1,34.3,1,2,2,train
4269252,3.82,223.2,1.64,0.27,1.39,0.0,0,2,1,33.3,1,2,2,test
4275220,3.97,358.6,30.7,0.21,1.02,0.05,0,2,1,32.2,1,2,2,train
4275434,4.4,317.5,4.45,0.31,2.43,0.15,0,2,2,43.9,1,2,2,train
4275625,3.75,252.9,2.01,0.15,1.21,0.09,0,2,1,32.0,1,2,2,train
4275851,4.24,327.4,3.72,0.49,1.16,0.13,0,2,1,34.7,1,2,2,train
4276070,4.51,314.2,4.37,0.21,1.44,0.14,0,2,1,44.8,1,2,2,train
4277245,4.1,329.3,3.9,0.29,1.5,0.07,0,2,1,36.4,1,2,2,train
4280299,12.13,78.1,0.96,0.07,1.71,0.11,0,2,0,155.2,1,1,1,train
4280424,9.84,85.5,0.58,0.23,1.57,0.07,0,2,0,122.3,1,1,1,train
4281362,4.5,322.3,4.58,0.29,1.84,0.1,0,2,1,44.2,1,2,2,train
4281420,4.16,246.8,2.29,0.19,1.53,0.08,0,2,1,38.0,1,2,2,train
4281490,5.2,321.4,5.57,0.31,1.98,0.1,0,2,2,54.2,1,2,2,train
4281702,3.96,269.8,2.2,0.27,0.82,0.05,0,2,1,30.9,1,2,2,train
4281847,6.98,269.5,6.08,0.35,2.21,0.08,0,2,2,84.8,1,2,2,train
4282310,12.9,81.7,1.02,0.17,1.29,0.08,0,2,0,152.1,1,1,1,test
4346319,4.59,315.1,4.53,0.29,1.85,0.1,0,2,1,45.9,1,2,2,train
4346893,3.89,289.4,2.86,0.29,1.38,0.06,0,2,1,33.1,1,2,2,train
4348513,8.91,74.9,0.52,0.15,1.21,0.05,0,2,0,91.8,1,1,1,test
4355733,3.97,294.9,2.95,0.19,1.15,0.07,0,2,1,32.9,1,2,2,train
4356390,4.24,316.9,3.57,0.25,1.07,0.04,0,2,1,35.9,1,2,2,test
4356456,8.95,74.2,0.54,0.15,1.4,0.07,0,2,0,99.5,1,1,1,test
4356490,11.98,81.0,0.97,0.13,1.26,0.05,0,2,0,147.5,1,1,1,train
4356964,4.23,302.5,3.29,0.25,1.33,0.12,0,2,1,36.4,1,2,2,train
4358564,3.82,294.3,2.77,0.15,1.14,0.08,0,2,1,33.1,1,2,2,train
4359478,3.69,256.8,2.23,0.35,2.31,0.08,0,2,2,34.4,1,2,2,train
4360072,3.89,324.0,3.33,0.33,1.16,0.12,0,2,1,32.1,1,2,2,train
4365132,8.61,75.6,0.55,0.21,1.3,0.0,0,2,0,95.3,1,1,1,train
4365609,4.14,313.9,3.31,0.29,1.27,0.07,0,2,1,33.6,1,2,2,test
4367337,8.3,73.1,0.49,0.23,1.58,0.16,0,2,0,91.0,1,1,1,test
4367648,7.94,74.1,0.45,0.17,1.2,0.06,0,2,0,82.2,1,1,1,train
4370521,4.27,269.1,2.88,0.27,2.06,0.19,0,2,2,39.5,1,2,2,test
4370590,6.66,70.7,0.33,0.05,1.34,0.09,0,2,0,66.1,1,1,1,train
4371997,4.15,302.2,3.04,0.31,1.18,0.09,0,2,1,33.5,1,2,2,train
4372082,6.16,254.0,5.08,0.23,3.35,-0.0,0,2,2,77.0,1,2,2,train
4376346,5.78,234.8,3.44,0.29,2.02,0.14,0,2,2,62.9,1,2,2,test
4376913,9.15,73.0,0.57,0.19,1.53,0.07,0,2,0,106.8,1,1,1,test
4378405,4.75,321.4,4.83,0.27,1.76,0.19,0,2,1,47.5,1,2,2,train
4379098,4.06,313.9,3.14,0.31,1.24,0.05,0,2,1,32.0,1,2,2,train
4381518,4.63,287.5,3.51,0.27,1.35,0.05,0,2,1,43.2,1,2,2,train
4381604,4.75,334.0,5.14,0.29,1.93,0.08,0,2,2,46.4,1,2,2,train
4383402,4.56,323.1,4.74,0.25,1.95,0.18,0,2,2,45.4,1,2,2,train
4385002,6.69,278.1,6.15,0.27,2.44,0.19,0,2,2,77.2,1,2,2,train
4443364,9.0,74.9,0.57,0.15,1.18,0.06,0,2,0,101.1,1,1,1,train
4445549,15.93,87.4,1.52,0.15,1.23,0.07,0,2,0,199.6,1,1,1,test
4445711,4.28,294.4,3.14,0.37,1.18,0.06,0,2,1,36.5,1,2,2,test
4446181,4.08,325.0,3.12,0.35,0.79,0.04,0,2,1,30.1,1,2,2,train
4446215,14.14,81.0,1.24,0.15,1.53,0.05,0,2,0,188.5,1,1,1,train
4448636,3.98,293.4,2.86,0.27,1.28,0.08,0,2,1,33.9,1,2,2,test
4454505,8.73,73.8,0.51,0.11,1.36,0.07,0,2,0,93.7,1,1,1,test
4455406,4.95,297.9,49.75,0.15,2.16,0.07,0,2,2,53.3,1,2,2,train
4455785,4.5,266.7,3.1,0.39,2.19,0.21,0,2,2,43.5,1,2,2,train
4455880,4.04,264.3,2.2,0.25,1.13,0.06,0,2,1,31.9,1,2,2,test
4456934,3.77,282.9,2.46,0.25,1.22,0.1,0,2,1,30.9,1,2,2,train
4457200,4.47,262.4,3.0,0.23,1.87,0.14,0,2,1,44.1,1,2,2,train
4457395,4.07,294.4,2.88,0.35,1.45,0.13,0,2,1,33.6,1,2,2,train
4457632,9.65,74.3,0.63,0.13,1.59,0.08,0,2,0,114.1,1,1,1,train
4457891,4.05,314.8,3.06,0.23,1.09,0.11,0,2,1,31.0,1,2,2,test
4459025,4.37,282.5,3.09,0.15,1.42,0.14,0,2,1,39.2,1,2,2,train
4459456,4.19,314.2,3.41,0.35,1.01,0.08,0,2,1,34.6,1,2,2,train
4459786,4.65,322.1,4.63,0.27,1.49,0.13,0,2,1,45.0,1,2,2,train
4466077,3.89,333.1,3.19,0.33,0.78,0.07,0,2,1,29.3,1,2,2,train
4466582,10.33,78.9,0.73,0.11,1.25,0.07,0,2,0,117.8,1,1,1,train
4469317,8.49,72.6,0.45,0.21,1.11,0.04,0,2,0,84.8,1,1,1,train
4469886,5.48,268.6,4.0,0.41,1.59,0.21,0,2,1,56.5,1,2,2,train
4470809,4.25,294.0,3.15,0.49,1.36,0.11,0,2,1,37.1,1,2,2,train
4470856,3.87,311.9,3.24,0.19,1.64,0.11,0,2,1,33.7,1,2,2,train
4471217,9.79,76.7,0.64,0.17,1.29,0.1,0,2,0,110.0,1,1,1,train
4472726,3.98,320.7,3.36,0.19,1.01,0.08,0,2,1,32.8,1,2,2,train
4473653,11.75,79.2,0.81,0.21,1.09,0.06,0,2,0,129.8,1,1,1,test
4474383,4.76,316.9,4.83,0.25,2.19,0.16,0,2,2,47.8,1,2,2,train
4475643,10.22,76.8,0.64,0.11,1.15,0.05,0,2,0,108.4,1,1,1,train
4475934,4.36,303.8,3.66,0.21,1.3,0.07,0,2,1,39.8,1,2,2,train
4476422,6.63,285.5,6.37,0.35,2.55,0.31,0,2,2,77.9,1,2,2,train
4477337,13.24,81.3,1.18,0.13,1.82,0.08,0,2,0,179.4,1,1,1,train
4478812,3.9,247.2,2.16,0.35,1.61,0.07,0,2,1,35.8,1,2,2,train
4480938,3.95,328.0,3.91,0.41,1.69,0.08,0,2,1,35.7,1,2,2,train
4489185,8.6,74.0,0.52,0.11,1.32,0.05,0,2,0,94.8,1,1,1,train
4545532,3.78,263.1,2.3,0.25,1.57,0.14,0,2,1,33.5,1,2,2,test
4546625,4.11,296.5,2.92,0.29,1.06,0.05,0,2,1,33.5,1,2,2,train
4552514,3.79,272.2,2.27,0.29,1.39,0.11,0,2,1,30.9,1,2,2,train
4554044,4.06,295.2,3.23,0.27,1.74,0.15,0,2,1,37.2,1,2,2,test
4554222,4.16,297.8,3.07,0.29,1.27,0.12,0,2,1,34.8,1,2,2,train
4555699,3.9,269.8,2.16,0.47,1.05,0.04,0,2,1,30.4,1,2,2,train
4555734,13.03,82.4,1.05,0.13,1.26,0.07,0,2,0,154.3,1,1,1,train
4556465,3.96,245.5,1.96,0.25,1.31,0.12,0,2,1,32.9,1,2,2,test
4557785,3.99,322.7,3.37,0.15,0.96,0.1,0,2,1,33.3,1,2,2,train
4557817,6.92,296.6,7.16,0.33,2.61,0.27,0,2,2,82.0,1,2,2,train
4562939,3.89,351.0,3.69,0.49,1.07,0.06,0,2,1,30.2,1,2,2,test
4567182,4.09,326.4,3.4,0.49,1.08,0.09,0,2,1,33.1,1,2,2,train
4567952,4.19,315.0,3.36,0.45,1.39,0.12,0,2,1,33.5,1,2,2,train
4568173,4.05,284.5,2.54,0.37,1.33,0.14,0,2,1,31.8,1,2,2,test
4568343,12.9,81.7,1.07,0.15,1.39,0.1,0,2,0,159.3,1,1,1,train
4568734,3.9,286.0,2.59,0.27,1.12,0.09,0,2,1,31.6,1,2,2,train
4569298,4.13,309.4,3.49,0.27,1.44,0.1,0,2,1,36.8,1,2,2,train
4570120,7.35,277.5,6.76,0.33,2.43,0.2,0,2,2,88.4,1,2,2,test
4570555,14.71,83.2,1.33,0.31,1.36,0.06,0,2,0,190.0,1,1,1,train
4571402,4.34,338.6,4.37,0.49,1.1,0.06,0,2,1,38.6,1,2,2,train
4571903,4.18,320.1,3.44,0.41,1.09,0.07,0,2,1,33.4,1,2,2,train
4572225,4.39,283.7,3.17,0.33,1.5,0.14,0,2,1,39.6,1,2,2,train
4574601,4.2,276.4,2.86,0.25,1.54,0.07,0,2,1,37.6,1,2,2,train
4575645,4.42,268.8,2.91,0.33,1.13,0.09,0,2,1,40.5,1,2,2,train
4578825,7.23,291.8,7.26,0.25,2.21,0.12,0,2,2,85.1,1,2,2,train
4581415,3.74,322.2,3.04,0.39,1.11,0.06,0,2,1,29.5,1,2,2,train
4586817,12.78,79.8,1.02,0.13,1.4,0.05,0,2,0,159.4,1,1,1,train
4588755,14.31,83.2,1.28,0.25,1.39,0.08,0,2,0,183.1,1,1,1,train
4633238,4.07,334.4,4.09,0.25,1.6,0.15,0,2,1,37.2,1,2,2,train
4633909,3.92,315.1,2.88,0.29,1.04,0.02,0,2,1,29.4,1,2,2,test
4634310,4.0,283.2,2.76,0.35,1.43,-0.0,0,2,1,34.5,1,2,2,train
4640537,4.0,263.8,2.36,0.21,1.3,0.06,0,2,1,34.5,1,2,2,test
4643888,5.02,322.0,5.14,0.23,1.72,0.14,0,2,1,50.5,1,2,2,train
4645422,3.92,270.4,1.98,0.25,1.32,0.06,0,2,1,33.2,1,2,2,test
4645455,4.09,253.9,2.31,0.31,1.59,0.1,0,2,1,36.0,1,2,2,train
4645474,12.82,82.0,1.03,0.19,1.26,0.06,0,2,0,152.6,1,1,1,test
4645692,4.15,268.1,2.54,0.23,1.4,0.0,0,2,1,35.6,1,2,2,train
4646012,4.36,245.5,2.36,0.19,1.65,0.09,0,2,1,39.5,1,2,2,train
4647117,4.1,249.4,2.16,0.25,1.36,0.05,0,2,1,35.5,1,2,2,train
4649012,4.2,310.1,3.36,0.47,1.52,0.14,0,2,1,34.9,1,2,2,test
4649441,15.57,87.0,1.51,0.15,1.25,0.06,0,2,0,201.1,1,1,1,train
4649525,5.11,293.0,4.56,0.29,2.15,0.19,0,2,2,54.0,1,2,2,train
4650494,3.78,303.8,2.9,0.25,1.4,0.09,0,2,1,32.5,1,2,2,train
4651220,3.79,243.8,1.79,0.19,0.96,0.05,0,2,1,30.6,1,2,2,train
4651313,3.73,233.6,1.82,0.21,1.63,0.15,0,2,1,33.5,1,2,2,train
4651366,4.6,284.2,4.19,0.29,2.83,0.37,0,2,2,53.5,1,2,2,train
4658633,4.01,329.7,3.42,0.25,1.0,0.06,0,2,1,31.8,1,2,2,train
4658637,4.06,304.6,2.92,0.31,1.13,0.05,0,2,1,31.9,1,2,2,test
4659821,8.29,214.2,4.72,0.21,2.33,0.2,0,2,2,103.4,1,2,2,train
4659879,3.96,297.9,2.62,0.35,1.05,0.11,0,2,1,29.9,1,2,2,train
4660577,4.19,295.4,2.97,0.37,1.12,0.05,0,2,1,34.2,1,2,2,test
4662939,5.49,283.7,5.16,0.37,2.5,0.23,0,2,2,64.3,1,2,2,test
4664515,15.6,86.5,1.4,0.17,1.15,0.09,0,2,0,187.2,1,1,1,train
4664716,12.53,81.8,1.0,0.15,1.28,0.08,0,2,0,149.5,1,1,1,train
4667399,4.46,307.7,3.91,0.21,1.37,0.07,0,2,1,41.4,1,2,2,train
4667911,4.18,318.0,3.59,0.29,1.03,0.04,0,2,1,36.2,1,2,2,train
4668478,5.84,270.1,4.74,0.27,2.36,0.18,0,2,2,63.4,1,2,2,train
4669118,11.84,80.8,0.93,0.09,1.28,0.06,0,2,0,142.3,1,1,1,train
4669214,4.57,338.7,4.93,0.33,1.92,0.09,0,2,2,43.0,1,2,2,train
4671738,6.93,290.0,6.94,0.15,2.19,0.08,0,2,2,82.1,1,2,2,train
4672583,3.9,316.3,3.38,0.21,1.5,0.06,0,2,1,34.3,1,2,2,train
4678118,7.48,71.3,0.38,0.15,1.14,0.07,0,2,0,74.4,1,1,1,test
4680570,4.89,257.9,3.19,0.21,1.79,0.08,0,2,1,48.7,1,2,2,train
4729920,13.35,82.8,1.06,0.23,1.13,0.06,0,2,0,153.0,1,1,1,train
4731118,7.39,71.4,0.37,0.27,1.09,0.06,0,2,0,72.3,1,1,1,train
4732137,14.39,83.4,1.29,0.17,1.34,0.05,0,2,0,186.2,1,1,1,train
4736439,5.7,64.6,0.2,0.13,1.13,0.04,0,2,0,49.2,1,1,1,train
4736611,7.98,63.5,0.42,0.09,1.76,0.06,0,2,0,92.2,1,1,1,train
4737442,3.97,273.0,2.39,0.39,1.16,-0.0,0,2,1,32.0,1,2,2,train
4739016,4.04,313.6,3.1,0.43,1.05,0.11,0,2,1,32.0,1,2,2,train
4739284,4.13,282.2,2.77,0.39,1.4,0.12,0,2,1,35.6,1,2,2,train
4741931,4.3,318.2,3.77,0.29,1.44,0.08,0,2,1,37.8,1,2,2,train
4742301,4.03,309.8,3.01,0.17,1.14,0.13,0,2,1,31.6,1,2,2,test
4742356,4.57,333.4,5.03,0.37,1.96,0.2,0,2,2,45.9,1,2,2,train
4742915,4.28,273.0,3.12,0.27,2.15,0.18,0,2,2,41.5,1,2,2,train
4743924,8.05,218.0,4.8,0.33,2.26,0.21,0,2,2,101.8,1,2,2,train
4749874,13.7,81.4,1.21,0.13,1.48,0.08,0,2,0,182.3,1,1,1,train
4750456,5.89,68.2,0.26,0.11,1.17,0.06,0,2,0,55.7,1,1,1,train
4750821,4.47,287.6,3.34,0.15,1.51,0.1,0,2,1,40.6,1,2,2,train
4750825,9.18,74.7,0.62,0.15,1.79,0.11,0,2,0,110.9,1,1,1,test
4754881,6.47,248.0,4.59,0.33,2.57,0.33,0,2,2,75.4,1,2,2,train
4755118,4.03,305.9,3.01,0.37,1.14,0.04,0,2,1,32.0,1,2,2,test
4755372,11.93,78.0,0.88,0.07,1.4,0.07,0,2,0,144.4,1,1,1,test
4755467,4.31,324.7,3.9,0.37,1.44,0.08,0,2,1,37.4,1,2,2,train
4755614,5.03,300.2,3.93,0.25,1.27,0.13,0,2,1,44.2,1,2,2,train
4756445,6.15,271.2,5.45,0.35,2.79,0.34,0,2,2,75.9,1,2,2,train
4756681,4.4,271.4,3.08,0.23,1.89,0.19,0,2,1,41.1,1,2,2,test
4756746,11.71,81.6,1.01,0.13,1.64,0.11,0,2,0,150.6,1,1,1,train
4758467,4.42,329.4,4.38,0.41,1.74,0.18,0,2,1,40.4,1,2,2,train
4760427,4.33,298.3,3.33,0.27,1.5,-0.0,0,2,1,37.7,1,2,2,train
4760954,4.7,288.9,3.74,0.35,1.61,0.12,0,2,1,45.4,1,2,2,train
4762516,4.6,302.8,3.84,0.35,1.3,0.06,0,2,1,42.0,1,2,2,train
4764420,4.34,272.6,2.89,0.29,1.31,0.11,0,2,1,39.4,1,2,2,train
4770149,4.06,284.2,2.66,0.31,1.15,0.05,0,2,1,33.2,1,2,2,train
4770846,5.46,309.4,5.34,0.31,1.58,0.08,0,2,1,56.8,1,2,2,test
4772722,4.3,335.0,4.19,0.21,1.59,0.14,0,2,1,38.1,1,2,2,train
4774298,14.57,85.0,1.26,0.13,1.12,0.07,0,2,0,174.8,1,1,1,train
4818593,7.88,71.8,0.44,0.15,1.43,0.06,0,2,0,84.8,1,1,1,train
4821448,6.39,257.2,5.1,0.29,2.61,0.12,0,2,2,75.9,1,2,2,train
4825996,3.95,295.2,2.74,0.37,1.21,0.1,0,2,1,31.4,1,2,2,train
4826423,7.55,71.5,0.42,0.15,1.49,0.07,0,2,0,82.0,1,1,1,train
4826569,3.79,303.1,2.86,0.25,1.37,0.08,0,2,1,32.1,1,2,2,train
4827430,4.07,312.4,3.37,0.41,1.4,0.07,0,2,1,34.8,1,2,2,test
4828670,4.44,235.9,2.38,0.31,1.86,0.15,0,2,1,43.7,1,2,2,train
4829636,4.1,260.1,2.37,0.47,1.51,0.15,0,2,1,35.3,1,2,2,test
4829682,14.22,81.5,1.22,0.17,1.51,0.09,0,2,0,183.5,1,1,1,train
4829900,4.27,309.8,3.46,0.23,1.41,0.14,0,2,1,36.2,1,2,2,train
4829985,4.09,308.2,3.26,0.39,1.49,0.13,0,2,1,34.9,1,2,2,train
4831949,4.28,312.2,3.9,0.35,1.97,0.2,0,2,2,40.0,1,2,2,train
4833419,7.58,72.6,0.42,0.15,1.5,0.1,0,2,0,78.9,1,1,1,test
4833545,3.46,236.1,1.57,0.21,1.51,0.12,0,2,1,28.3,1,2,2,train
4840815,4.79,289.9,3.88,0.23,1.74,0.17,0,2,1,46.2,1,2,2,train
4842192,12.75,82.0,1.04,0.19,1.21,0.04,0,2,0,153.0,1,1,1,train
4842225,4.51,290.7,3.61,0.41,1.68,0.14,0,2,1,42.8,1,2,2,train
4842850,4.08,312.1,3.27,0.19,1.36,0.06,0,2,1,34.2,1,2,2,train
4842860,4.4,289.8,3.32,0.25,1.68,0.11,0,2,1,40.1,1,2,2,train
4843143,3.91,263.0,2.24,0.29,1.46,0.09,0,2,1,33.0,1,2,2,train
4844727,4.17,325.1,3.58,0.41,1.04,0.08,0,2,1,35.3,1,2,2,train
4845694,4.1,314.5,3.51,0.13,1.06,0.07,0,2,1,36.3,1,2,2,test
4847241,4.2,319.9,3.71,0.39,1.77,0.18,0,2,1,36.2,1,2,2,train
4847270,6.9,69.8,0.35,0.11,1.5,0.11,0,2,0,72.4,1,1,1,train
4848095,13.27,81.9,1.14,0.13,1.28,0.07,0,2,0,169.0,1,1,1,train
4849836,3.76,308.5,2.87,0.15,1.11,0.07,0,2,1,30.9,1,2,2,train
4850368,4.74,240.7,2.74,0.35,2.22,0.23,0,2,2,48.2,1,2,2,train
4850665,4.14,317.8,3.77,0.25,1.87,0.16,0,2,1,37.7,1,2,2,test
4851882,5.32,278.2,4.14,0.25,1.66,0.08,0,2,1,53.4,1,2,2,test
4851908,4.22,304.5,3.23,0.25,1.04,0.07,0,2,1,35.6,1,2,2,train
4857853,3.82,300.5,2.76,0.33,0.98,0.04,0,2,1,31.2,1,2,2,train
4860292,5.1,288.5,4.64,0.31,2.11,0.09,0,2,2,56.0,1,2,2,train
4862353,5.39,264.0,47.44,0.21,2.28,0.09,0,2,2,60.0,1,2,2,train
4902442,13.3,81.3,1.12,0.15,1.45,0.06,0,2,0,168.4,1,1,1,train
4903283,3.84,301.7,2.94,0.29,1.81,0.03,0,2,1,32.5,1,2,2,test
4904086,4.1,276.7,2.62,0.25,1.38,0.11,0,2,1,34.6,1,2,2,train
4904166,9.82,76.6,0.64,0.21,1.27,0.04,0,2,0,108.4,1,1,1,train
4907876,4.2,301.8,3.25,0.37,1.19,0.06,0,2,1,36.4,1,2,2,train
4912918,9.27,75.6,0.58,0.19,1.31,0.08,0,2,0,102.6,1,1,1,train
4914234,4.8,254.3,3.03,0.29,1.75,0.14,0,2,1,47.7,1,2,2,test
4914533,4.19,316.9,3.56,0.21,1.24,0.1,0,2,1,35.9,1,2,2,train
4915774,6.54,68.6,0.31,0.21,1.37,0.06,0,2,0,65.9,1,1,1,test
4915934,3.79,326.3,3.24,0.33,1.52,0.14,0,2,1,30.2,1,2,2,train
4918972,4.21,293.9,2.96,0.49,1.17,0.08,0,2,1,34.7,1,2,2,train
4919067,4.07,298.8,3.01,0.41,1.42,0.1,0,2,1,34.5,1,2,2,train
4920423,3.98,311.0,3.29,0.17,1.4,0.1,0,2,1,34.3,1,2,2,train
4920600,9.25,75.8,0.58,0.19,1.27,0.07,0,2,0,101.4,1,1,1,train
4921676,4.01,294.5,2.79,0.25,1.22,0.12,0,2,1,32.1,1,2,2,train
4922201,4.11,317.1,3.25,0.33,1.11,0.07,0,2,1,32.8,1,2,2,train
4922510,3.66,334.8,3.68,0.33,2.32,0.18,0,2,2,32.6,1,2,2,train
4926689,13.0,79.9,1.06,0.11,1.51,0.11,0,2,0,165.7,1,1,1,train
4928515,4.66,285.9,3.67,0.25,1.56,0.17,0,2,1,45.6,1,2,2,train
4928958,9.66,76.3,0.62,0.19,1.26,0.07,0,2,0,108.1,1,1,1,train
4929301,4.61,283.9,3.38,0.29,1.32,0.13,0,2,1,42.1,1,2,2,test
4930617,4.67,353.8,58.76,0.27,1.96,0.22,0,2,2,47.1,1,2,2,train
4931949,4.55,274.5,3.08,0.19,1.53,0.16,0,2,1,41.0,1,2,2,train
4932704,12.88,80.4,1.03,0.19,1.39,0.09,0,2,0,159.0,1,1,1,train
4933594,4.09,309.4,3.23,0.23,1.01,0.08,0,2,1,34.4,1,2,2,train
4934133,8.59,74.6,0.51,0.13,1.26,0.05,0,2,0,91.4,1,1,1,test
4940916,6.41,272.4,5.46,0.35,2.46,0.18,0,2,2,73.0,1,2,2,test
4948344,5.64,277.8,4.63,0.29,1.97,0.14,0,2,2,60.2,1,2,2,train
4949422,4.63,335.3,5.33,0.39,2.84,0.28,0,2,2,48.8,1,2,2,train
4949473,4.58,300.1,3.97,0.23,1.81,0.17,0,2,1,44.2,1,2,2,train
4990126,7.59,70.8,0.42,0.17,1.68,0.09,0,2,0,83.4,1,1,1,train
4991732,8.57,89.2,0.85,0.17,1.99,0.08,0,2,0,105.2,1,1,1,test
4995788,13.52,84.1,1.19,0.17,1.23,0.06,0,2,0,167.6,1,1,1,train
4995956,4.9,238.7,3.06,0.27,1.72,0.12,0,2,1,52.9,1,2,2,test
4997023,5.19,67.7,0.24,0.17,1.59,0.07,0,2,0,52.6,1,1,1,train
5000089,13.19,81.2,1.08,0.13,1.38,0.09,0,2,0,163.0,1,1,1,test
5000307,4.77,320.5,4.3,0.31,1.34,0.13,0,2,1,42.2,1,2,2,train
5002732,15.25,86.6,1.44,0.17,1.18,0.04,0,2,0,192.4,1,1,1,train
5003442,7.32,63.7,3.28,0.49,1.95,0.12,0,2,0,85.3,1,1,1,train
5003549,12.56,80.4,1.0,0.17,1.35,0.08,0,2,0,153.5,1,1,1,train
5004232,3.87,312.0,23.28,0.37,1.06,0.08,0,2,1,32.7,1,2,2,test
5004282,3.85,313.6,3.02,0.23,1.33,0.12,0,2,1,30.7,1,2,2,train
5005119,4.13,291.1,3.05,0.25,0.96,0.07,0,2,1,36.3,1,2,2,train
5005217,4.34,274.8,3.06,0.27,1.88,0.15,0,2,1,41.0,1,2,2,train
5006206,3.96,333.5,3.76,0.35,1.56,0.15,0,2,1,34.4,1,2,2,train
5017773,4.43,319.8,4.15,0.27,1.59,0.14,0,2,1,40.9,1,2,2,train
5018337,4.1,323.8,4.45,0.33,2.4,0.31,0,2,2,43.4,1,2,2,train
5018570,4.29,328.6,3.9,0.25,1.16,0.1,0,2,1,36.9,1,2,2,train
5019587,6.8,69.0,0.34,0.15,1.62,0.12,0,2,0,72.1,1,1,1,test
5021425,4.08,323.8,3.56,0.45,1.19,0.1,0,2,1,34.6,1,2,2,test
5022330,8.12,76.4,0.53,0.11,1.58,0.11,0,2,0,90.3,1,1,1,train
5022571,5.42,237.2,3.37,0.13,2.66,0.33,0,2,2,60.9,1,2,2,train
5023953,4.74,300.5,4.4,0.35,2.32,0.22,0,2,2,48.8,1,2,2,test
5024327,4.71,269.8,3.21,0.25,1.49,0.22,0,2,1,45.0,1,2,2,train
5024404,4.78,242.7,2.77,0.25,2.07,0.21,0,2,2,47.1,1,2,2,train
5024476,5.74,299.4,5.91,0.29,2.88,0.32,0,2,2,66.5,1,2,2,train
5033804,6.08,251.3,2.54,0.35,1.84,0.09,0,2,1,65.5,1,2,2,train
5034206,11.94,79.3,0.93,0.17,1.41,0.09,0,2,0,146.4,1,1,1,train
5035304,11.48,78.3,0.86,0.17,1.33,0.05,0,2,0,139.4,1,1,1,train
5040572,6.71,271.8,2.86,0.27,1.85,0.07,0,2,1,75.7,1,2,2,train
5042916,5.05,314.5,4.97,0.29,1.65,0.11,0,2,1,51.1,1,2,2,train
5083936,4.2,311.2,3.32,0.19,1.06,0.04,0,2,1,34.6,1,2,2,test
5084662,4.54,329.3,4.46,0.43,1.5,0.1,0,2,1,41.3,1,2,2,train
5084777,13.58,82.6,1.15,0.17,1.28,0.05,0,2,0,166.0,1,1,1,test
5084999,8.28,71.8,0.49,0.19,1.55,0.05,0,2,0,94.5,1,1,1,train
5087542,3.77,310.6,3.31,0.43,1.93,0.1,0,2,2,34.6,1,2,2,train
5088148,3.79,325.5,3.32,0.33,1.27,0.12,0,2,1,31.7,1,2,2,train
5088362,4.01,231.3,2.02,0.29,2.27,0.17,0,2,2,38.1,1,2,2,train
5088599,4.11,288.4,2.94,0.21,1.13,0.09,0,2,1,34.9,1,2,2,train
5090864,6.89,171.3,1.49,0.19,2.29,0.18,0,2,2,81.7,1,2,2,test
5091385,4.11,334.9,3.47,0.21,0.94,0.04,0,2,1,31.4,1,2,2,test
5092642,4.06,318.1,3.45,0.33,0.91,0.06,0,2,1,34.4,1,2,2,train
5095336,4.06,234.0,1.87,0.21,1.47,0.1,0,2,1,34.3,1,2,2,train
5095464,4.35,320.2,4.14,0.33,1.75,0.09,0,2,1,41.2,1,2,2,test
5095946,4.22,311.7,3.46,0.19,1.15,0.1,0,2,1,36.1,1,2,2,train
5095974,3.9,307.8,2.85,0.29,0.81,0.06,0,2,1,30.2,1,2,2,train
5096092,4.06,295.9,3.05,0.15,1.35,0.09,0,2,1,35.3,1,2,2,train
5098194,4.07,301.8,2.9,0.33,0.98,0.07,0,2,1,32.4,1,2,2,train
5104153,3.61,320.7,2.93,0.49,1.29,0.1,0,2,1,28.9,1,2,2,test
5104182,4.03,276.6,2.48,0.23,1.18,0.1,0,2,1,32.6,1,2,2,test
5104573,3.99,332.2,3.84,0.27,1.46,0.1,0,2,1,35.2,1,2,2,train
5105354,11.74,77.5,0.89,0.13,1.54,0.13,0,2,0,146.5,1,1,1,train
5106266,4.05,301.8,3.01,0.23,1.4,0.1,0,2,1,33.4,1,2,2,train
5106547,3.9,265.8,2.16,0.49,1.05,0.07,0,2,1,31.2,1,2,2,train
5106752,3.91,263.1,2.18,0.31,1.18,0.1,0,2,1,31.5,1,2,2,train
5107383,4.12,261.6,2.24,0.41,1.09,0.1,0,2,1,34.4,1,2,2,test
5107886,9.36,75.4,0.63,0.19,1.68,0.06,0,2,0,110.4,1,1,1,train
5109052,8.43,74.5,0.49,0.13,1.23,0.05,0,2,0,88.5,1,1,1,test
5109839,3.83,352.2,27.05,0.13,0.96,0.04,0,2,1,28.9,1,2,2,train
5110270,5.54,290.7,4.93,0.29,2.0,0.15,0,2,2,58.5,1,2,2,test
5110453,14.81,85.2,1.32,0.19,1.21,0.07,0,2,0,182.3,1,1,1,train
5111949,4.83,305.7,4.42,0.35,2.01,0.22,0,2,2,47.4,1,2,2,train
5112373,4.61,239.8,2.52,0.25,1.59,0.15,0,2,1,44.1,1,2,2,train
5112387,4.7,269.6,3.26,0.21,1.89,0.22,0,2,1,45.4,1,2,2,train
5112401,4.02,260.5,2.48,0.47,2.03,0.22,0,2,2,36.7,1,2,2,train
5112491,4.68,325.6,4.7,0.31,1.69,0.27,0,2,1,45.1,1,2,2,test
5112938,4.73,319.2,4.54,0.25,1.66,0.2,0,2,1,45.2,1,2,2,train
5112950,4.35,319.1,4.23,0.27,1.81,0.18,0,2,1,41.5,1,2,2,train
5113441,11.76,83.9,1.39,0.23,1.82,0.15,0,2,0,155.4,1,1,1,train
5121605,4.05,322.5,3.48,0.33,1.06,0.05,0,2,1,34.3,1,2,2,train
5128171,5.27,321.9,5.77,0.25,1.82,0.14,0,2,1,56.4,1,2,2,train
5129236,13.87,84.4,1.27,0.17,1.28,0.0,0,2,0,176.9,1,1,1,train
5129977,3.83,293.6,3.18,0.19,1.89,0.11,0,2,1,37.9,1,2,2,train
5165979,6.61,65.2,0.3,0.23,1.59,0.06,0,2,0,69.6,1,1,1,train
5171535,3.88,335.4,3.55,0.37,1.14,0.06,0,2,1,31.6,1,2,2,train
5172427,14.55,86.3,1.67,0.13,1.24,0.05,0,2,0,184.3,1,1,1,train
5172478,4.46,286.1,3.35,0.29,1.77,0.1,0,2,1,40.9,1,2,2,train
5174562,3.86,280.9,2.36,0.23,0.97,0.09,0,2,1,30.4,1,2,2,train
5175464,3.65,287.8,17.33,0.43,1.09,0.06,0,2,1,28.9,1,2,2,train
5175538,3.96,276.2,2.41,0.45,1.17,0.08,0,2,1,31.7,1,2,2,train
5175950,3.35,288.8,2.1,0.35,1.1,0.09,0,2,1,25.1,1,2,2,train
5176520,12.79,82.0,1.03,0.17,1.3,0.05,0,2,0,151.6,1,1,1,train
5179162,3.96,350.1,29.56,0.19,1.09,0.09,0,2,1,31.1,1,2,2,train
5179885,4.18,313.0,3.37,0.31,1.17,0.11,0,2,1,34.8,1,2,2,train
5181566,3.9,241.1,13.47,0.15,1.0,0.06,0,2,1,33.0,1,2,2,train
5181782,4.11,316.3,3.48,0.29,1.36,0.09,0,2,1,35.2,1,2,2,train
5182688,3.88,257.9,1.94,0.39,1.18,0.08,0,2,1,29.8,1,2,2,test
5183828,4.25,285.4,2.87,0.31,1.16,0.11,0,2,1,36.2,1,2,2,train
5183935,4.84,280.9,3.68,0.31,1.75,0.12,0,2,1,46.9,1,2,2,train
5184276,4.21,310.6,3.23,0.31,1.03,0.06,0,2,1,33.9,1,2,2,train
5185002,3.67,271.5,2.01,0.31,1.04,0.08,0,2,1,27.6,1,2,2,train
5185820,3.82,286.0,2.38,0.25,1.01,0.04,0,2,1,29.6,1,2,2,train
5192063,4.11,303.7,3.11,0.45,1.13,0.09,0,2,1,34.1,1,2,2,test
5193311,3.83,261.8,2.08,0.39,1.12,0.1,0,2,1,30.8,1,2,2,train
5193589,3.86,288.5,2.46,0.39,1.12,0.1,0,2,1,30.3,1,2,2,train
5193840,6.76,216.8,3.63,0.21,2.06,0.13,0,2,2,77.2,1,2,2,train
5195465,4.07,298.4,25.36,0.41,1.35,0.08,0,2,1,31.5,1,2,2,train
5196297,4.78,272.2,3.51,0.29,2.11,0.21,0,2,2,47.8,1,2,2,train
5196691,3.97,330.8,3.34,0.35,1.0,0.08,0,2,1,31.3,1,2,2,train
5197031,13.79,83.1,1.17,0.07,1.25,0.08,0,2,0,168.2,1,1,1,train
5197249,4.07,327.5,3.69,0.41,1.33,0.07,0,2,1,34.6,1,2,2,test
5198552,4.1,320.9,3.3,0.23,1.1,0.09,0,2,1,32.6,1,2,2,train
5199978,14.57,85.5,1.32,0.15,1.22,0.1,0,2,0,180.0,1,1,1,test
5200152,4.74,320.9,4.7,0.21,1.97,0.34,0,2,2,45.2,1,2,2,train
5202183,6.95,69.8,0.34,0.15,1.27,0.04,0,2,0,68.8,1,1,1,train
5202477,7.81,73.6,0.44,0.13,1.3,0.07,0,2,0,81.1,1,1,1,train
5206349,9.83,75.8,0.6,0.15,1.21,0.07,0,2,0,104.7,1,1,1,train
5208343,10.98,79.2,0.79,0.17,1.22,0.06,0,2,0,125.2,1,1,1,train
5211720,4.73,241.2,2.71,0.37,2.07,0.18,0,2,2,46.3,1,2,2,train
5211724,11.37,79.1,0.82,0.15,1.28,0.05,0,2,0,129.6,1,1,1,test
5213512,4.67,260.3,2.92,0.37,1.49,0.06,0,2,1,43.0,1,2,2,train
5214012,4.14,254.9,2.32,0.31,1.48,0.13,0,2,1,35.9,1,2,2,test
5214140,8.62,73.8,0.48,0.17,1.15,0.04,0,2,0,89.0,1,1,1,train
5215099,7.11,69.6,0.38,0.17,1.66,0.1,0,2,0,77.7,1,1,1,train
5215820,7.71,70.8,0.42,0.15,1.51,0.08,0,2,0,84.2,1,1,1,train
5218105,3.78,318.5,3.23,0.25,1.46,0.07,0,2,1,32.2,1,2,2,test
5218501,3.82,287.1,2.54,0.17,1.02,0.07,0,2,1,31.1,1,2,2,train
5219637,5.14,207.2,2.39,0.31,2.22,0.09,0,2,2,56.6,1,2,2,train
5219787,4.97,328.0,5.41,0.23,2.05,0.16,0,2,2,50.3,1,2,2,train
5220357,6.98,72.8,0.39,0.23,1.51,0.07,0,2,0,73.5,1,1,1,test
5252534,13.91,84.3,1.21,0.21,1.15,0.05,0,2,0,169.1,1,1,1,train
5252771,15.62,86.8,1.43,0.13,1.1,0.04,0,2,0,193.1,1,1,1,train
5253782,4.49,302.2,3.62,0.27,1.44,0.09,0,2,1,40.4,1,2,2,test
5254812,8.48,72.8,0.48,0.15,1.28,0.06,0,2,0,90.7,1,1,1,test
5255835,7.84,75.6,0.44,0.13,1.12,0.04,0,2,0,77.3,1,1,1,train
5256019,3.95,285.4,2.4,0.43,1.04,0.09,0,2,1,30.0,1,2,2,train
5262577,4.11,312.9,3.16,0.49,1.06,0.08,0,2,1,32.4,1,2,2,train
5262788,4.42,271.5,2.89,0.35,1.74,0.2,0,2,1,39.1,1,2,2,train
5263537,4.1,321.7,4.4,0.11,1.07,0.09,0,2,1,32.6,1,2,2,test
5264406,3.37,326.5,2.48,0.43,0.81,0.08,0,2,1,23.8,1,2,2,train
5264460,3.84,249.2,1.89,0.49,1.12,0.07,0,2,1,30.5,1,2,2,train
5264769,4.15,273.5,2.62,0.21,1.41,0.14,0,2,1,35.4,1,2,2,test
5266369,8.06,72.7,0.45,0.19,1.32,0.05,0,2,0,84.1,1,1,1,train
5266416,3.75,284.0,2.54,0.29,1.47,0.07,0,2,1,32.3,1,2,2,train
5268494,4.02,339.5,3.65,0.29,1.13,0.08,0,2,1,32.1,1,2,2,train
5268576,7.34,72.7,0.39,0.33,1.19,0.06,0,2,0,73.0,1,1,1,test
5269165,3.79,244.1,1.8,0.33,1.24,0.08,0,2,1,30.4,1,2,2,test
5270814,3.88,321.7,3.03,0.27,0.96,0.07,0,2,1,29.7,1,2,2,train
5271191,4.21,286.6,2.92,0.39,1.41,0.15,0,2,1,36.2,1,2,2,test
5271626,3.81,291.9,2.14,0.39,0.66,0.05,0,2,1,25.8,1,2,2,test
5272166,4.13,326.5,3.27,0.17,0.98,0.11,0,2,1,31.2,1,2,2,train
5273239,3.95,302.2,3.09,0.33,1.52,0.12,0,2,1,35.4,1,2,2,test
5273846,4.12,254.9,2.38,0.27,1.91,0.21,0,2,2,36.2,1,2,2,train
5282875,4.73,334.8,5.1,0.31,1.35,0.1,0,2,1,46.0,1,2,2,train
5283798,5.33,270.0,4.01,0.25,1.91,0.17,0,2,2,55.5,1,2,2,test
5283958,5.25,323.8,5.64,0.35,1.96,0.23,0,2,2,54.5,1,2,2,train
5285490,7.64,73.5,0.47,0.21,1.82,0.19,0,2,0,87.3,1,1,1,train
5286794,4.25,300.2,3.24,0.19,1.25,0.07,0,2,1,36.8,1,2,2,train
5287316,4.43,309.4,3.73,0.35,1.47,0.16,0,2,1,39.2,1,2,2,train
5287551,4.1,258.3,2.37,0.27,1.52,0.12,0,2,1,35.5,1,2,2,test
5287706,7.89,206.9,4.41,0.37,2.89,0.2,0,2,2,101.2,1,2,2,test
5288332,4.68,274.0,3.4,0.21,2.04,0.21,0,2,2,45.1,1,2,2,test
5288607,5.67,265.2,4.12,0.27,2.05,0.19,0,2,2,60.8,1,2,2,train
5288716,4.21,257.0,2.33,0.27,1.32,0.12,0,2,1,35.9,1,2,2,train
5290047,10.28,76.1,0.7,0.17,1.51,0.1,0,2,0,119.7,1,1,1,train
5290071,4.37,270.5,19.51,0.27,1.0,0.09,0,2,1,39.0,1,2,2,train
5295846,14.5,83.7,1.29,0.17,1.29,0.09,0,2,0,184.3,1,1,1,train
5300767,5.39,65.4,0.23,0.05,1.53,0.12,0,2,0,54.0,1,1,1,train
5303959,4.59,302.3,3.86,0.47,1.72,0.2,0,2,1,41.8,1,2,2,train
5304355,5.06,290.0,4.31,0.29,1.64,0.15,0,2,1,52.5,1,2,2,train
5304555,4.74,298.9,4.09,0.35,1.35,0.17,0,2,1,47.5,1,2,2,test
5304582,4.65,311.2,4.32,0.29,1.83,0.22,0,2,1,44.5,1,2,2,train
5305259,5.47,64.3,0.23,0.21,1.8,0.13,0,2,0,56.8,1,1,1,train
5305945,9.38,76.0,0.58,0.15,1.17,0.06,0,2,0,100.0,1,1,1,train
5306667,4.27,239.4,2.26,0.49,1.41,0.14,0,2,1,40.2,1,2,2,train
5306751,8.76,75.3,0.51,0.23,1.12,0.06,0,2,0,89.7,1,1,1,train
5307203,5.4,63.7,0.2,0.09,1.22,0.09,0,2,0,49.6,1,1,1,train
5307348,5.51,304.9,5.54,0.21,2.05,0.16,0,2,2,60.0,1,2,2,train
5307747,6.87,291.3,3.53,0.19,1.94,0.09,0,2,2,81.1,1,2,2,train
5308081,5.62,303.0,5.56,0.35,2.24,0.19,0,2,2,60.8,1,2,2,test
5308777,7.76,71.0,0.43,0.19,1.47,0.08,0,2,0,85.7,1,1,1,train
5309012,4.7,331.5,4.96,0.29,1.51,0.14,0,2,1,45.3,1,2,2,train
5309064,5.55,313.8,6.4,0.19,2.71,0.29,0,2,2,65.2,1,2,2,train
5340189,14.64,83.7,1.32,0.15,1.4,0.09,0,2,0,188.6,1,1,1,train
5342486,8.02,74.8,0.48,0.27,1.26,0.04,0,2,0,85.9,1,1,1,train
5343454,10.03,76.1,0.67,0.17,1.47,0.07,0,2,0,116.4,1,1,1,train
5345094,12.11,79.7,0.95,0.11,1.35,0.07,0,2,0,148.9,1,1,1,test
5350163,6.7,72.1,0.39,0.13,1.79,0.11,0,2,0,74.9,1,1,1,test
5353146,4.21,275.0,2.84,0.17,1.49,0.16,0,2,1,37.7,1,2,2,train
5353178,3.57,313.3,2.66,0.17,1.38,0.12,0,2,1,27.6,1,2,2,test
5353200,4.0,346.2,3.69,0.19,1.05,0.07,0,2,1,31.3,1,2,2,train
5353786,3.78,273.2,2.08,0.45,1.1,0.11,0,2,1,28.2,1,2,2,train
5357329,3.69,317.2,2.84,0.35,1.08,0.09,0,2,1,28.8,1,2,2,test
5359329,4.05,315.1,3.18,0.23,1.1,0.08,0,2,1,32.4,1,2,2,train
5359478,3.75,316.3,3.08,0.33,1.26,0.1,0,2,1,31.4,1,2,2,test
5359518,5.16,246.1,3.39,0.27,2.5,0.22,0,2,2,55.3,1,2,2,test
5363562,4.2,321.3,3.64,0.49,1.19,0.11,0,2,1,35.2,1,2,2,test
5363820,4.24,298.1,3.75,0.35,1.91,0.17,0,2,2,43.2,1,2,2,train
5364240,6.79,68.8,0.33,0.19,1.45,0.1,0,2,0,70.5,1,1,1,train
5364445,3.73,272.3,2.1,0.17,1.05,0.08,0,2,1,28.4,1,2,2,test
5364580,4.11,292.4,2.99,0.17,1.33,0.09,0,2,1,34.9,1,2,2,test
5369662,5.48,274.3,4.79,0.25,2.88,0.21,0,2,2,63.5,1,2,2,train
5370902,10.12,74.5,0.67,0.17,1.55,0.12,0,2,0,120.6,1,1,1,train
5371756,10.05,75.5,0.67,0.11,1.66,0.21,0,2,0,117.3,1,1,1,train
5372224,10.25,76.1,0.71,0.17,1.41,0.09,0,2,0,121.9,1,1,1,train
5374249,4.13,295.8,3.07,0.15,1.21,0.11,0,2,1,35.5,1,2,2,train
5374540,5.1,310.1,5.07,0.23,1.97,0.11,0,2,2,52.8,1,2,2,train
5375770,4.54,287.9,3.68,0.29,1.81,0.19,0,2,1,44.9,1,2,2,train
5376963,4.51,322.4,4.56,0.21,1.96,0.12,0,2,2,44.6,1,2,2,train
5377341,12.09,81.0,0.95,0.13,1.26,0.06,0,2,0,144.7,1,1,1,train
5380775,5.98,76.9,4.45,0.19,1.88,0.13,0,2,0,65.5,1,1,1,test
5383359,4.05,309.1,3.07,0.27,1.05,0.05,0,2,1,32.6,1,2,2,train
5389263,12.81,82.7,1.05,0.17,1.23,0.08,0,2,0,152.2,1,1,1,test
5389655,4.59,298.9,3.75,0.29,1.34,0.11,0,2,1,42.0,1,2,2,train
5390372,13.86,83.8,1.19,0.15,1.27,0.06,0,2,0,168.9,1,1,1,train
5391118,7.84,71.2,0.43,0.31,1.46,0.07,0,2,0,84.0,1,1,1,test
5392140,3.92,364.2,30.15,0.27,1.03,0.1,0,2,1,31.1,1,2,2,train
5393278,4.93,334.7,5.4,0.17,1.64,0.08,0,2,1,48.2,1,2,2,train
5395669,4.91,258.5,3.21,0.21,1.93,0.11,0,2,2,48.4,1,2,2,train
5395997,3.91,323.8,3.37,0.27,1.34,0.06,0,2,1,32.3,1,2,2,train
5425986,3.99,284.8,2.26,0.49,0.68,0.03,0,2,1,28.0,1,2,2,train
5426137,8.35,73.9,0.5,0.19,1.35,0.06,0,2,0,91.5,1,1,1,test
5427229,4.61,320.9,4.5,0.23,1.57,0.15,0,2,1,43.5,1,2,2,train
5428360,8.64,74.3,0.53,0.17,1.31,0.06,0,2,0,97.3,1,1,1,test
5435961,4.08,306.7,3.14,0.25,1.23,0.09,0,2,1,34.1,1,2,2,train
5435995,4.5,290.7,3.4,0.29,1.42,0.13,0,2,1,40.7,1,2,2,test
5436082,4.31,304.8,3.6,0.33,1.65,0.16,0,2,1,38.9,1,2,2,test
5439087,4.43,301.9,3.53,0.33,1.32,0.15,0,2,1,39.0,1,2,2,train
5439695,4.55,248.6,2.66,0.29,1.54,0.15,0,2,1,43.1,1,2,2,train
5440198,11.35,78.7,0.84,0.21,1.33,0.05,0,2,0,136.6,1,1,1,train
5441150,4.22,315.0,3.53,0.33,1.44,0.15,0,2,1,35.9,1,2,2,train
5445796,3.82,273.8,2.08,0.33,0.73,0.06,0,2,1,28.5,1,2,2,test
5449223,3.67,337.8,4.14,0.33,1.84,0.16,0,2,1,36.4,1,2,2,train
5450937,8.05,72.3,0.44,0.19,1.3,0.05,0,2,0,84.2,1,1,1,test
5455901,4.19,338.6,3.98,0.23,1.11,0.1,0,2,1,35.0,1,2,2,train
5456602,4.19,295.9,3.04,0.23,1.44,0.15,0,2,1,34.6,1,2,2,test
5457016,4.3,337.0,4.18,0.25,1.54,0.15,0,2,1,36.6,1,2,2,train
5457703,10.4,78.3,0.72,0.17,1.35,0.08,0,2,0,117.1,1,1,1,train
5458268,4.18,279.2,2.75,0.31,1.36,0.07,0,2,1,35.4,1,2,2,train
5458457,4.14,324.3,3.39,0.35,1.01,0.05,0,2,1,32.8,1,2,2,train
5459287,6.78,298.3,7.11,0.35,2.58,0.12,0,2,2,81.1,1,2,2,test
5461447,2.96,218.2,1.04,0.49,1.32,0.05,0,2,1,21.8,1,2,2,train
5461605,3.88,320.6,3.02,0.49,0.82,0.04,0,2,1,29.6,1,2,2,test
5461610,4.09,283.4,2.84,0.33,1.18,0.06,0,2,1,35.8,1,2,2,test
5461779,10.11,78.2,0.71,0.15,1.27,0.06,0,2,0,115.7,1,1,1,train
5461921,8.19,72.8,0.45,0.19,1.19,0.06,0,2,0,84.1,1,1,1,test
5468123,8.6,73.1,0.51,0.27,1.34,0.07,0,2,0,95.9,1,1,1,train
5470218,13.6,82.4,1.15,0.17,1.29,0.06,0,2,0,167.7,1,1,1,train
5472717,8.44,71.8,0.5,0.21,1.61,0.1,0,2,0,96.6,1,1,1,train
5472964,12.22,81.6,0.95,0.17,1.16,0.05,0,2,0,142.2,1,1,1,train
5473840,7.54,234.1,5.11,0.27,2.61,0.17,0,2,2,92.3,1,2,2,train
5476034,4.06,279.7,2.53,0.29,0.97,0.04,0,2,1,32.8,1,2,2,test
5476427,3.83,319.0,28.72,0.27,1.45,0.11,0,2,1,32.6,1,2,2,train
5476729,4.76,264.1,3.31,0.25,1.76,0.15,0,2,1,47.6,1,2,2,test
5477973,4.1,318.0,3.35,0.29,1.1,0.05,0,2,1,33.2,1,2,2,train
5478010,4.19,284.3,2.83,0.31,1.2,0.04,0,2,1,35.3,1,2,2,train
5478864,4.1,253.2,2.21,0.27,1.39,0.07,0,2,1,34.8,1,2,2,train
5479483,8.25,66.5,0.42,0.15,1.56,0.08,0,2,0,94.6,1,1,1,train
5481206,4.7,335.9,5.33,0.29,1.44,0.14,0,2,1,47.3,1,2,2,test
5512910,4.33,335.1,4.26,0.29,1.57,0.15,0,2,1,37.9,1,2,2,train
5513434,10.37,80.7,0.85,0.17,1.71,0.1,0,2,0,129.0,1,1,1,train
5513771,14.35,84.6,1.24,0.15,1.11,0.04,0,2,0,173.5,1,1,1,train
5514079,7.85,71.2,0.44,0.29,1.48,0.06,0,2,0,87.3,1,1,1,train
5514689,14.0,84.3,1.18,0.17,1.12,0.05,0,2,0,166.0,1,1,1,test
5514974,4.06,327.3,3.44,0.23,1.08,0.07,0,2,1,32.5,1,2,2,train
5515314,10.74,79.2,0.85,0.15,1.75,0.14,0,2,0,136.2,1,1,1,train
5515794,5.15,261.0,3.59,0.43,1.72,0.15,0,2,1,52.7,1,2,2,train
5515939,4.03,330.8,3.2,0.47,0.76,0.08,0,2,1,29.3,1,2,2,train
5517118,3.84,226.5,14.71,0.41,1.46,0.11,0,2,1,32.1,1,2,2,train
5517442,3.98,296.0,3.13,0.37,1.71,0.16,0,2,1,36.0,1,2,2,test
5521176,3.86,258.7,1.92,0.45,0.97,0.1,0,2,1,29.2,1,2,2,train
5522071,9.74,74.9,0.65,0.15,1.64,0.09,0,2,0,115.9,1,1,1,test
5522575,9.91,76.3,0.67,0.19,1.73,0.23,0,2,0,115.7,1,1,1,train
5522828,4.32,285.8,3.09,0.21,1.16,0.11,0,2,1,38.0,1,2,2,train
5523030,4.37,297.4,3.41,0.25,1.51,0.14,0,2,1,39.1,1,2,2,train
5524119,4.22,309.3,4.08,0.31,2.02,0.16,0,2,2,43.5,1,2,2,train
5525484,9.85,74.7,0.65,0.05,1.55,0.09,0,2,0,118.1,1,1,1,train
5525753,4.01,329.4,3.47,0.33,1.09,0.07,0,2,1,32.3,1,2,2,test
5526083,4.53,308.2,3.84,0.35,1.61,0.12,0,2,1,40.6,1,2,2,train
5526390,3.94,274.2,2.33,0.43,1.35,0.09,0,2,1,31.2,1,2,2,train
5530598,8.7,75.9,0.6,0.13,1.79,0.06,0,2,0,104.5,1,1,1,train
5534039,4.08,278.1,2.53,0.27,0.99,0.07,0,2,1,32.6,1,2,2,train
5534253,4.27,242.7,2.17,0.31,1.45,0.14,0,2,1,37.3,1,2,2,train
5534910,8.12,165.8,3.02,0.15,2.48,0.13,0,2,2,111.3,1,2,2,test
5535333,3.93,262.4,1.38,0.21,1.09,0.04,0,2,1,32.0,1,2,2,train
5536129,4.29,300.2,3.33,0.25,1.4,0.13,0,2,1,37.6,1,2,2,test
5543573,10.85,77.0,0.78,0.11,1.55,0.09,0,2,0,132.4,1,1,1,test
5543746,4.41,270.9,2.88,0.29,1.4,0.08,0,2,1,39.3,1,2,2,train
5544284,4.45,316.6,4.25,0.31,1.58,0.13,0,2,1,43.2,1,2,2,train
5544444,7.94,70.8,0.45,0.15,1.71,0.09,0,2,0,90.8,1,1,1,train
5544582,4.09,327.1,3.87,0.27,1.56,0.06,0,2,1,35.8,1,2,2,test
5545303,4.52,309.5,3.94,0.43,1.48,0.09,0,2,1,41.5,1,2,2,train
5545340,4.48,332.1,4.56,0.27,1.62,0.15,0,2,1,41.8,1,2,2,train
5546141,7.5,71.6,0.42,0.15,1.47,0.06,0,2,0,81.3,1,1,1,train
5547077,5.05,312.3,5.13,0.33,2.07,0.17,0,2,2,53.1,1,2,2,test
5552283,10.33,80.3,12.96,0.05,1.77,0.15,0,2,0,127.8,1,1,1,test
5557807,4.75,324.5,5.2,0.31,2.07,0.21,0,2,2,49.7,1,2,2,test
5557808,4.32,271.0,2.74,0.29,1.39,0.13,0,2,1,37.7,1,2,2,test
5558488,4.16,275.1,2.59,0.25,1.39,0.11,0,2,1,34.6,1,2,2,train
5560101,12.68,80.3,1.03,0.21,1.48,0.09,0,2,0,159.0,1,1,1,train
5561145,4.16,331.3,2.6,0.37,1.41,0.13,0,2,1,35.0,1,2,2,train
5561743,7.27,260.5,6.08,0.21,2.14,0.11,0,2,2,88.4,1,2,2,train
5562465,4.72,309.4,3.9,0.43,1.23,0.11,0,2,1,41.0,1,2,2,train
5562913,5.2,248.6,3.47,0.31,2.74,0.09,0,2,2,56.3,1,2,2,train
5562995,6.33,68.6,0.3,0.13,1.39,0.05,0,2,0,63.2,1,1,1,train
5563915,4.78,321.1,5.56,0.39,2.99,0.13,0,2,2,54.3,1,2,2,train
5566037,3.9,258.0,2.07,0.23,1.2,0.08,0,2,1,31.5,1,2,2,test
5566273,4.31,326.2,4.22,0.29,1.89,0.11,0,2,1,39.4,1,2,2,train
5596344,3.99,336.5,3.79,0.47,1.46,0.09,0,2,1,33.6,1,2,2,train
5598789,5.23,279.7,4.41,0.35,2.56,0.11,0,2,2,56.5,1,2,2,train
5599763,3.78,250.2,1.94,0.31,1.37,0.07,0,2,1,31.6,1,2,2,train
5600739,14.45,82.9,1.29,0.15,1.38,0.06,0,2,0,188.2,1,1,1,train
5602062,9.83,77.2,0.64,0.13,1.18,0.04,0,2,0,108.9,1,1,1,train
5608082,4.13,326.8,3.67,0.35,1.46,0.15,0,2,1,34.4,1,2,2,train
5609515,4.12,309.4,3.22,0.31,1.26,0.12,0,2,1,33.5,1,2,2,test
5610212,8.54,72.8,0.49,0.17,1.36,0.07,0,2,0,93.6,1,1,1,train
5610766,7.4,72.1,0.38,0.23,1.19,0.06,0,2,0,74.2,1,1,1,train
5611192,7.98,217.6,4.69,0.19,2.35,0.17,0,2,2,99.8,1,2,2,train
5612549,3.62,325.4,2.85,0.19,0.97,0.04,0,2,1,27.7,1,2,2,test
5612599,4.13,284.2,2.87,0.43,1.56,0.16,0,2,1,36.3,1,2,2,train
5613099,13.86,83.7,1.24,0.21,1.34,0.06,0,2,0,177.4,1,1,1,train
5615331,4.7,328.4,4.97,0.39,2.04,0.21,0,2,2,46.0,1,2,2,train
5616489,3.82,286.0,2.26,0.31,0.76,0.05,0,2,1,27.9,1,2,2,train
5617000,4.02,325.4,3.6,0.39,1.41,0.1,0,2,1,34.7,1,2,2,test
5617324,12.58,87.9,1.28,0.15,1.74,0.11,0,2,0,165.2,1,1,1,test
5620596,4.33,335.3,4.45,0.29,1.48,0.08,0,2,1,39.8,1,2,2,train
5620636,12.31,79.6,0.99,0.13,1.44,0.05,0,2,0,155.6,1,1,1,train
5621122,4.14,303.2,3.12,0.21,1.29,0.13,0,2,1,34.3,1,2,2,train
5621372,4.21,295.2,3.11,0.27,1.48,0.15,0,2,1,35.5,1,2,2,test
5629459,4.49,291.7,3.48,0.27,1.42,0.08,0,2,1,41.8,1,2,2,train
5630116,4.05,279.1,2.54,0.27,0.99,0.05,0,2,1,32.8,1,2,2,train
5630622,4.35,269.2,2.8,0.35,1.38,0.1,0,2,1,39.1,1,2,2,test
5631694,4.09,340.6,3.9,0.25,1.0,0.05,0,2,1,33.7,1,2,2,train
5633306,4.99,287.6,4.23,0.29,2.24,0.16,0,2,2,51.0,1,2,2,train
5637392,7.7,70.4,0.41,0.15,1.53,0.08,0,2,0,82.6,1,1,1,train
5638865,4.66,271.4,3.3,0.23,1.58,0.1,0,2,1,45.0,1,2,2,train
5640843,3.95,257.3,2.06,0.35,1.32,0.06,0,2,1,31.8,1,2,2,train
5645576,10.58,78.0,0.77,0.13,1.36,0.0,0,2,0,126.1,1,1,1,train
5645845,7.01,71.2,0.35,0.15,1.29,0.05,0,2,0,69.6,1,1,1,train
5648159,14.86,85.1,1.47,0.17,1.63,0.11,0,2,0,203.5,1,1,1,train
5648894,6.21,298.5,6.84,0.23,2.71,0.14,0,2,2,76.9,1,2,2,train
5649027,6.28,267.1,5.21,0.23,2.3,0.12,0,2,2,72.7,1,2,2,test
5650499,5.92,297.8,5.83,0.21,2.46,0.13,0,2,2,65.4,1,2,2,train
5650945,13.76,83.5,1.22,0.13,1.31,-0.0,0,2,0,174.2,1,1,1,test
5653970,9.48,72.1,0.58,0.15,1.66,0.1,0,2,0,113.2,1,1,1,train
5685000,3.93,282.7,2.35,0.33,0.96,-0.0,0,2,1,29.9,1,2,2,train
5685237,9.44,75.6,0.6,0.15,1.29,0.07,0,2,0,105.8,1,1,1,train
5685751,4.03,340.2,3.65,0.21,1.12,0.09,0,2,1,31.9,1,2,2,train
5689343,7.98,250.3,6.08,0.19,2.26,0.17,0,2,2,97.5,1,2,2,train
5689750,3.89,302.3,2.82,0.45,1.09,0.07,0,2,1,32.0,1,2,2,train
5693324,5.85,270.8,4.68,0.25,2.12,0.23,0,2,2,64.9,1,2,2,train
5694017,14.29,83.0,1.26,0.09,1.34,0.09,0,2,0,183.4,1,1,1,test
5694334,8.03,72.5,0.45,0.17,1.39,0.07,0,2,0,85.7,1,1,1,train
5694547,5.61,243.4,3.48,0.25,2.23,0.22,0,2,2,59.5,1,2,2,test
5696539,6.8,66.5,0.28,0.27,1.25,0.06,0,2,0,64.4,1,1,1,train
5698093,14.47,85.0,1.33,0.15,1.37,0.1,0,2,0,184.2,1,1,1,test
5698896,3.9,263.9,2.13,0.31,1.05,0.07,0,2,1,30.8,1,2,2,train
5701821,3.88,272.1,2.28,0.15,1.17,0.09,0,2,1,31.4,1,2,2,test
5702180,4.78,288.2,3.82,0.29,1.64,0.15,0,2,1,46.3,1,2,2,test
5703348,4.28,300.3,3.26,0.41,1.29,0.08,0,2,1,36.4,1,2,2,train
5706341,7.04,240.6,5.04,0.29,2.57,0.12,0,2,2,86.8,1,2,2,train
5706760,4.29,244.0,2.3,0.33,1.18,0.1,0,2,1,38.8,1,2,2,train
5707115,8.55,75.9,0.52,0.15,1.25,0.04,0,2,0,89.5,1,1,1,train
5707311,3.97,305.8,3.11,0.15,1.22,0.04,0,2,1,33.0,1,2,2,test
5709182,4.06,330.6,3.47,0.31,0.97,0.07,0,2,1,32.2,1,2,2,train
5709564,3.67,318.8,2.71,0.21,0.83,0.03,0,2,1,27.2,1,2,2,train
5715911,7.24,288.8,7.09,0.37,2.21,0.2,0,2,2,85.5,1,2,2,train
5717058,5.34,269.5,3.91,0.37,1.88,0.08,0,2,1,54.7,1,2,2,test
5718239,4.63,291.8,3.93,0.31,2.1,0.13,0,2,2,46.2,1,2,2,train
5721762,4.03,312.6,3.63,0.25,1.43,0.08,0,2,1,37.6,1,2,2,test
5721975,6.89,202.3,3.36,0.25,2.11,0.11,0,2,2,81.9,1,2,2,test
5722012,5.07,320.7,5.29,0.29,1.85,0.0,0,2,1,51.5,1,2,2,train
5723909,4.39,287.8,33.28,0.27,1.72,0.1,0,2,1,41.0,1,2,2,train
5724214,13.94,83.1,1.22,0.19,1.37,0.05,0,2,0,176.3,1,1,1,train
5726892,4.67,238.5,2.61,0.29,2.08,0.18,0,2,2,46.5,1,2,2,test
5727534,4.22,324.4,3.68,0.49,1.35,0.13,0,2,1,35.6,1,2,2,test
5728401,4.05,320.7,3.61,0.31,1.45,0.11,0,2,1,35.4,1,2,2,test
5728738,4.16,319.8,3.73,0.15,1.43,0.07,0,2,1,36.8,1,2,2,train
5730384,4.1,289.6,2.91,0.31,1.23,0.06,0,2,1,35.2,1,2,2,test
5730703,4.93,293.1,4.3,0.25,1.73,0.07,0,2,1,50.2,1,2,2,train
5731766,5.06,307.9,4.75,0.33,1.77,0.16,0,2,1,50.7,1,2,2,train
5732285,4.13,245.5,2.18,0.37,1.57,0.07,0,2,1,36.1,1,2,2,train
5732418,3.96,272.0,2.31,0.31,1.1,0.06,0,2,1,31.2,1,2,2,test
5733555,4.74,174.5,1.63,0.19,2.8,-0.0,0,2,2,53.2,1,2,2,train
5733975,7.35,259.0,6.21,0.25,2.5,0.14,0,2,2,92.5,1,2,2,test
5734092,5.16,315.9,5.99,0.31,3.51,0.2,0,2,2,61.1,1,2,2,train
5734838,5.42,304.4,5.23,0.27,2.07,0.14,0,2,2,57.2,1,2,2,train
5734889,4.3,263.3,2.54,0.33,1.19,0.09,0,2,1,36.9,1,2,2,test
5736841,5.74,324.1,6.76,0.41,2.02,0.1,0,2,2,64.2,1,2,2,train
5736877,4.14,320.7,3.44,0.47,1.04,0.05,0,2,1,33.5,1,2,2,test
5770031,4.14,296.7,3.06,0.47,1.36,0.1,0,2,1,34.7,1,2,2,train
5770923,7.01,293.6,6.99,0.17,2.09,0.14,0,2,2,81.1,1,2,2,train
5771621,12.92,82.4,1.05,0.19,1.28,0.08,0,2,0,154.6,1,1,1,test
5772710,3.92,315.2,3.22,0.17,1.03,0.07,0,2,1,33.1,1,2,2,train
5774266,14.54,82.4,1.29,0.17,1.46,0.11,0,2,0,189.6,1,1,1,train
5779754,3.91,299.7,2.72,0.25,1.2,0.09,0,2,1,30.3,1,2,2,test
5780614,13.52,81.5,1.14,0.15,1.46,0.09,0,2,0,170.4,1,1,1,train
5781782,4.26,273.8,2.79,0.27,1.49,0.13,0,2,1,37.4,1,2,2,train
5782127,3.55,263.5,14.94,0.19,1.21,0.1,0,2,1,28.7,1,2,2,train
5782792,4.03,287.5,2.61,0.35,1.03,0.08,0,2,1,32.0,1,2,2,train
5783115,4.03,300.5,19.19,0.31,0.87,0.07,0,2,1,31.0,1,2,2,test
5785858,4.48,315.3,3.87,0.35,1.34,0.13,0,2,1,39.0,1,2,2,train
5787509,3.8,238.8,1.75,0.21,1.12,0.07,0,2,1,31.0,1,2,2,test
5788154,3.83,259.2,2.03,0.25,1.3,0.11,0,2,1,30.4,1,2,2,train
5788275,3.71,319.6,2.93,0.35,1.16,0.07,0,2,1,29.2,1,2,2,train
5788354,4.32,282.5,2.9,0.25,1.31,0.07,0,2,1,37.1,1,2,2,train
5791045,9.76,77.6,0.66,0.11,1.25,0.05,0,2,0,109.6,1,1,1,train
5791135,4.32,310.1,4.18,0.29,1.93,0.16,0,2,2,44.4,1,2,2,train
5791844,5.21,288.7,4.43,0.31,2.07,0.19,0,2,2,53.4,1,2,2,train
5791882,4.17,292.0,2.97,0.31,1.44,0.08,0,2,1,35.3,1,2,2,train
5792421,4.64,300.6,3.98,0.25,1.74,0.16,0,2,1,43.8,1,2,2,train
5792500,4.69,329.8,4.83,0.19,1.63,0.14,0,2,1,45.1,1,2,2,test
5794496,4.11,258.7,2.27,0.29,1.43,0.12,0,2,1,33.8,1,2,2,train
5795361,4.08,323.1,29.55,0.19,1.24,0.1,0,2,1,33.4,1,2,2,train
5795583,4.03,328.6,3.53,0.43,1.04,0.05,0,2,1,32.9,1,2,2,test
5795626,4.45,311.2,3.65,0.29,1.11,0.05,0,2,1,38.1,1,2,2,train
5801717,4.53,247.7,2.53,0.35,1.68,0.1,0,2,1,41.2,1,2,2,train
5801749,4.29,310.4,3.61,0.27,1.47,0.13,0,2,1,37.5,1,2,2,train
5802420,4.07,256.8,2.2,0.31,1.29,0.05,0,2,1,33.9,1,2,2,train
5802573,7.47,71.8,0.42,0.15,1.61,0.08,0,2,0,80.8,1,1,1,train
5806620,4.24,308.3,2.94,0.45,0.84,0.03,0,2,1,31.2,1,2,2,train
5809445,3.72,344.5,4.31,0.39,1.79,0.09,0,2,1,36.9,1,2,2,train
5810333,3.87,286.2,2.41,0.45,0.99,0.04,0,2,1,30.0,1,2,2,test
5816547,3.91,328.1,2.55,0.19,1.32,0.07,0,2,1,33.0,1,2,2,train
5819994,4.3,292.5,3.39,0.29,1.82,0.15,0,2,1,39.9,1,2,2,test
5820672,10.5,74.8,0.64,0.19,2.08,0.1,0,2,0,135.0,1,1,1,train
5854149,4.34,323.5,4.16,0.27,1.55,0.12,0,2,1,39.9,1,2,2,train
5855568,4.24,326.2,3.79,0.27,1.45,0.12,0,2,1,36.2,1,2,2,test
5857548,4.05,336.2,3.59,0.27,1.09,0.08,0,2,1,32.0,1,2,2,train
5858034,4.41,307.0,3.57,0.29,1.32,0.12,0,2,1,38.7,1,2,2,train
5866138,7.24,272.5,6.51,0.21,2.28,0.22,0,2,2,87.7,1,2,2,train
5866537,8.99,73.0,0.55,0.09,1.64,0.15,0,2,0,103.7,1,1,1,train
5866737,6.55,68.4,0.31,0.23,1.49,0.07,0,2,0,66.6,1,1,1,train
5867450,13.18,83.2,1.15,0.13,1.42,0.1,0,2,0,165.7,1,1,1,train
5867802,8.62,73.1,0.51,0.21,1.52,0.16,0,2,0,96.3,1,1,1,train
5869538,15.58,85.3,1.47,0.17,1.41,0.12,0,2,0,203.5,1,1,1,test
5871273,4.15,320.5,3.48,0.45,1.15,0.12,0,2,1,34.0,1,2,2,test
5871340,3.86,313.5,3.09,0.29,1.49,0.11,0,2,1,32.0,1,2,2,train
5871792,4.24,329.1,4.03,0.31,1.17,0.09,0,2,1,37.7,1,2,2,train
5872509,4.34,267.1,2.73,0.19,1.43,0.12,0,2,1,38.8,1,2,2,test
5876758,4.14,283.4,2.73,0.49,1.42,0.07,0,2,1,34.6,1,2,2,train
5876943,12.26,79.5,0.99,0.17,1.46,0.1,0,2,0,155.1,1,1,1,test
5877422,4.27,305.3,3.44,0.25,1.29,0.12,0,2,1,37.2,1,2,2,train
5879728,3.92,261.1,2.47,0.21,2.02,0.17,0,2,2,36.4,1,2,2,train
5880056,13.58,81.5,1.14,0.15,1.39,0.1,0,2,0,170.1,1,1,1,test
5881162,4.25,284.8,25.84,0.49,1.34,0.1,0,2,1,37.7,1,2,2,test
5881316,7.28,71.8,0.39,0.21,1.21,0.05,0,2,0,74.8,1,1,1,train
5881406,4.0,278.2,2.38,0.47,1.04,0.08,0,2,1,30.8,1,2,2,train
5887403,5.09,245.8,3.44,0.25,2.46,0.12,0,2,2,57.2,1,2,2,train
5887428,4.58,334.3,4.56,0.31,1.52,0.14,0,2,1,41.1,1,2,2,train
5896480,4.22,329.6,3.8,0.19,1.48,0.13,0,2,1,35.6,1,2,2,test
5905736,7.9,70.2,0.45,0.19,1.6,0.08,0,2,0,90.8,1,1,1,train
5905907,10.96,78.3,0.74,0.17,1.2,0.08,0,2,0,121.7,1,1,1,train
5937398,10.53,78.5,0.73,0.13,1.24,0.04,0,2,0,118.4,1,1,1,train
5939253,7.62,72.4,0.4,0.15,1.18,0.05,0,2,0,76.5,1,1,1,train
5940068,8.4,74.8,0.5,0.13,1.31,0.05,0,2,0,90.7,1,1,1,test
5940587,9.05,74.1,0.57,0.25,1.62,0.09,0,2,0,103.3,1,1,1,test
5943345,4.69,292.5,4.16,0.31,1.56,0.13,0,2,1,50.2,1,2,2,train
5950735,3.68,282.7,2.32,0.25,1.22,0.1,0,2,1,29.2,1,2,2,train
5951057,7.5,71.6,0.41,0.11,1.54,0.08,0,2,0,78.7,1,1,1,train
5952802,4.42,285.0,3.22,0.39,1.56,0.13,0,2,1,39.4,1,2,2,train
5953450,12.65,80.0,0.9,0.19,1.06,0.05,0,2,0,140.7,1,1,1,train
5954815,12.51,79.8,1.0,0.13,1.38,0.05,0,2,0,156.4,1,1,1,test
5955077,4.05,276.2,2.57,0.29,1.43,0.15,0,2,1,33.6,1,2,2,train
5955404,4.42,323.9,4.06,0.31,1.88,0.19,0,2,1,39.4,1,2,2,train
5956038,3.94,267.2,2.19,0.23,1.14,0.06,0,2,1,31.1,1,2,2,train
5960394,4.04,310.0,2.86,0.47,0.81,0.07,0,2,1,29.9,1,2,2,train
5960594,4.27,355.5,46.63,0.11,1.66,0.15,0,2,1,39.6,1,2,2,train
5960693,3.82,241.1,1.9,0.21,1.61,0.08,0,2,1,33.0,1,2,2,train
5962817,3.91,316.8,3.27,0.21,1.44,0.1,0,2,1,32.6,1,2,2,test
5962892,3.9,334.7,3.42,0.31,1.16,0.11,0,2,1,30.9,1,2,2,train
5963287,15.65,86.9,1.5,0.13,1.18,0.07,0,2,0,198.4,1,1,1,train
5964877,3.86,288.4,2.42,0.17,1.09,0.11,0,2,1,29.6,1,2,2,train
5966036,4.5,293.1,3.57,0.35,1.71,0.17,0,2,1,41.5,1,2,2,train
5966386,5.25,323.2,5.7,0.23,1.94,0.17,0,2,2,54.8,1,2,2,test
5967279,8.29,186.1,3.61,0.19,2.41,0.26,0,2,2,102.9,1,2,2,test
5976266,14.25,82.6,1.24,0.19,1.4,0.06,0,2,0,181.4,1,1,1,train
5976798,5.11,309.3,4.92,0.29,1.87,0.08,0,2,1,51.8,1,2,2,train
5981329,4.37,335.3,4.39,0.33,1.51,0.1,0,2,1,39.2,1,2,2,train
5981666,7.55,278.4,4.55,0.23,2.01,0.1,0,2,2,91.7,1,2,2,train
5981697,4.23,304.9,3.38,0.25,1.31,0.07,0,2,1,36.8,1,2,2,train
5983299,5.87,270.6,4.61,0.21,2.17,0.19,0,2,2,64.3,1,2,2,train
5984633,7.7,263.6,6.64,0.25,2.52,0.15,0,2,2,94.3,1,2,2,train
5990753,7.55,192.3,3.57,0.19,2.66,0.16,0,2,2,98.5,1,2,2,test
6019408,12.55,81.5,0.96,0.21,1.1,0.05,0,2,0,144.6,1,1,1,train
6019590,8.71,73.4,0.5,0.23,1.18,0.06,0,2,0,93.7,1,1,1,test
6021696,15.68,86.5,1.47,0.13,1.2,0.08,0,2,0,197.8,1,1,1,train
6025641,9.87,75.7,0.7,0.15,1.7,0.11,0,2,0,121.8,1,1,1,test
6033938,13.29,82.7,1.11,0.17,1.31,0.09,0,2,0,162.9,1,1,1,train
6034166,9.03,72.5,0.56,0.15,1.61,0.07,0,2,0,107.5,1,1,1,test
6037811,4.53,281.8,3.25,0.29,1.45,0.18,0,2,1,41.3,1,2,2,test
6037858,4.57,244.6,2.59,0.43,1.46,0.12,0,2,1,44.2,1,2,2,train
6043014,4.08,329.9,3.57,0.37,1.19,0.08,0,2,1,33.2,1,2,2,train
6043234,4.73,329.8,4.79,0.25,1.45,0.12,0,2,1,44.7,1,2,2,test
6043705,4.04,304.6,3.02,0.33,0.97,0.06,0,2,1,32.7,1,2,2,train
6044054,7.31,71.4,0.37,0.17,1.19,0.05,0,2,0,71.5,1,1,1,test
6045299,3.41,287.3,2.17,0.27,1.18,0.09,0,2,1,26.9,1,2,2,train
6047033,4.16,349.6,4.24,0.27,1.4,0.12,0,2,1,35.0,1,2,2,test
6047683,4.01,322.0,3.56,0.39,1.51,0.13,0,2,1,34.5,1,2,2,train
6048066,3.6,153.4,0.6,0.25,1.03,0.11,0,2,1,26.1,1,2,2,test
6048148,3.83,331.3,3.26,0.33,1.2,0.11,0,2,1,30.1,1,2,2,train
6048345,3.94,246.7,1.97,0.45,1.22,0.08,0,2,1,32.5,1,2,2,train
6048862,4.14,339.5,4.35,0.31,1.48,0.12,0,2,1,38.0,1,2,2,test
6049173,4.26,306.8,3.42,0.23,1.5,0.14,0,2,1,36.3,1,2,2,train
6056972,3.79,315.3,2.6,0.45,0.62,0.02,0,2,1,26.2,1,2,2,train
6058104,14.07,83.2,1.22,0.21,1.32,0.1,0,2,0,175.2,1,1,1,train
6058941,9.23,75.2,0.56,0.21,1.3,0.04,0,2,0,99.8,1,1,1,train
6060867,6.32,65.9,0.29,0.33,1.58,0.07,0,2,0,65.8,1,1,1,train
6060903,4.09,249.1,2.1,0.23,1.23,0.11,0,2,1,34.2,1,2,2,train
6061867,10.01,76.3,0.65,0.17,1.26,0.05,0,2,0,112.3,1,1,1,test
6067987,4.15,308.0,3.61,0.37,1.84,0.11,0,2,1,38.6,1,2,2,train
6071633,8.23,224.2,5.1,0.23,1.95,0.12,0,2,2,123.9,1,1,1,train
6104433,15.33,87.0,1.45,0.09,1.2,0.07,0,2,0,191.3,1,1,1,train
6104786,13.82,83.7,1.18,0.17,1.25,0.08,0,2,0,168.3,1,1,1,train
6105102,3.75,317.3,2.92,0.41,0.98,0.05,0,2,1,29.6,1,2,2,train
6105925,4.14,266.0,2.54,0.21,1.48,0.14,0,2,1,35.6,1,2,2,test
6106023,6.77,70.4,0.32,0.15,1.12,0.05,0,2,0,65.3,1,1,1,train
6114108,8.02,74.1,0.48,0.23,1.39,0.08,0,2,0,88.1,1,1,1,train
6115916,3.87,292.0,2.45,0.35,0.93,0.08,0,2,1,28.9,1,2,2,test
6116517,10.11,78.6,0.72,0.13,1.31,0.06,0,2,0,117.2,1,1,1,train
6117517,10.13,76.7,0.7,0.11,1.38,0.08,0,2,0,120.0,1,1,1,train
6117719,8.69,74.5,0.5,0.19,1.15,0.06,0,2,0,89.8,1,1,1,train
6118479,5.96,69.3,0.3,0.23,2.01,0.14,0,2,0,63.2,1,1,1,test
6118670,11.16,78.2,0.81,0.13,1.41,0.08,0,2,0,132.4,1,1,1,train
6119179,13.51,82.3,1.17,0.09,1.35,0.08,0,2,0,172.3,1,1,1,train
6119774,9.67,75.2,0.63,0.05,1.43,0.08,0,2,0,111.8,1,1,1,test
6122562,3.98,293.6,2.8,0.41,1.32,0.1,0,2,1,32.8,1,2,2,test
6122692,4.83,60.8,0.16,0.09,1.5,0.14,0,2,0,44.4,1,1,1,train
6126808,13.04,82.0,1.1,0.13,1.36,0.07,0,2,0,162.4,1,1,1,train
6128428,4.74,259.2,3.13,0.33,1.75,0.17,0,2,1,46.8,1,2,2,train
6128774,4.81,310.6,4.36,0.31,1.79,0.17,0,2,1,45.3,1,2,2,test
6128846,4.06,290.0,2.53,0.27,0.78,0.07,0,2,1,30.4,1,2,2,train
6129411,7.19,263.5,6.07,0.23,2.24,0.18,0,2,2,87.0,1,2,2,train
6129581,4.79,237.0,2.64,0.25,2.08,0.23,0,2,2,47.0,1,2,2,train
6130752,7.41,232.7,4.88,0.23,2.63,0.3,0,2,2,89.9,1,2,2,train
6132311,3.98,338.9,4.4,0.15,0.96,0.08,0,2,1,30.5,1,2,2,train
6137774,4.1,292.0,26.22,0.27,1.37,0.1,0,2,1,34.9,1,2,2,test
6139000,5.98,290.6,5.54,0.31,2.08,0.16,0,2,2,65.7,1,2,2,train
6140030,4.31,244.1,2.27,0.23,1.4,0.11,0,2,1,39.0,1,2,2,train
6140947,4.81,332.2,5.1,0.35,1.83,0.14,0,2,1,46.9,1,2,2,train
6148227,5.0,326.1,6.02,0.31,2.54,0.14,0,2,2,56.8,1,2,2,train
6181933,6.02,300.5,5.91,0.25,2.21,0.19,0,2,2,65.9,1,2,2,test
6183311,4.16,336.6,29.95,0.13,1.12,0.09,0,2,1,33.7,1,2,2,test
6185317,9.88,76.8,0.66,0.17,1.28,-0.0,0,2,0,111.4,1,1,1,train
6186435,3.94,299.2,2.94,0.37,1.38,0.08,0,2,1,33.6,1,2,2,train
6188073,9.23,75.8,0.61,0.15,1.4,0.06,0,2,0,106.0,1,1,1,train
6191711,4.09,294.6,2.81,0.27,0.86,0.05,0,2,1,33.3,1,2,2,train
6196149,3.69,264.7,2.01,0.47,1.09,0.11,0,2,1,29.3,1,2,2,train
6197448,4.88,214.4,2.31,0.27,1.92,0.19,0,2,2,51.2,1,2,2,test
6198581,4.51,326.8,4.41,0.33,1.44,0.08,0,2,1,41.8,1,2,2,train
6199918,4.44,292.3,3.6,0.31,1.78,0.17,0,2,1,43.1,1,2,2,train
6200113,3.99,336.8,3.57,0.21,0.92,0.09,0,2,1,31.7,1,2,2,train
6200178,6.98,76.3,0.46,0.23,2.06,0.16,0,2,0,78.1,1,1,1,train
6201050,5.48,66.4,0.23,0.11,1.51,0.08,0,2,0,52.7,1,1,1,train
6203617,4.06,254.4,2.33,0.31,1.63,0.15,0,2,1,36.4,1,2,2,train
6205783,4.08,286.7,2.67,0.43,1.12,0.1,0,2,1,32.5,1,2,2,train
6206897,3.94,245.1,1.92,0.27,1.3,0.09,0,2,1,32.2,1,2,2,train
6207510,8.51,73.3,0.51,0.17,1.49,0.09,0,2,0,95.9,1,1,1,train
6208344,4.86,248.7,2.96,0.27,1.77,0.09,0,2,1,48.1,1,2,2,train
6209759,4.46,315.3,3.97,0.27,1.69,0.17,0,2,1,40.0,1,2,2,train
6209916,4.07,268.1,2.37,0.15,1.38,0.15,0,2,1,32.7,1,2,2,train
6210264,4.78,273.3,3.25,0.19,1.3,0.13,0,2,1,44.5,1,2,2,train
6210415,6.57,69.8,3.17,0.17,1.37,0.06,0,2,0,65.7,1,1,1,train
6210663,7.48,71.5,0.4,0.31,1.34,0.1,0,2,0,78.5,1,1,1,train
6211720,3.67,313.1,2.74,0.37,0.87,0.08,0,2,1,28.4,1,2,2,train
6212708,6.71,67.3,0.33,0.19,1.9,0.15,0,2,0,73.2,1,1,1,train
6212838,7.98,73.1,0.43,0.13,1.26,0.07,0,2,0,80.9,1,1,1,train
6220663,4.92,261.8,3.62,0.41,2.95,0.27,0,2,2,53.0,1,2,2,train
6220899,3.74,270.2,2.09,0.21,0.99,0.04,0,2,1,29.0,1,2,2,train
6221641,4.61,273.0,3.14,0.23,1.45,0.14,0,2,1,42.2,1,2,2,test
6222355,4.36,287.1,3.21,0.23,1.33,0.07,0,2,1,39.1,1,2,2,test
6222408,16.38,88.0,1.59,0.17,1.14,0.05,0,2,0,205.3,1,1,1,test
6225344,9.3,76.4,0.59,0.13,1.2,0.05,0,2,0,102.3,1,1,1,train
6228590,11.88,80.2,0.9,0.09,1.26,0.04,0,2,0,139.4,1,1,1,test
6230903,5.76,300.9,5.86,0.31,2.16,0.1,0,2,2,64.6,1,2,2,train
6231237,3.91,330.7,3.23,0.37,0.92,0.04,0,2,1,30.1,1,2,2,test
6232858,4.9,236.3,2.72,0.39,2.06,0.18,0,2,2,49.5,1,2,2,train
6232914,6.11,308.4,6.51,0.33,2.11,0.09,0,2,2,66.5,1,2,2,train
6262579,8.76,74.8,0.56,0.15,1.49,0.07,0,2,0,100.1,1,1,1,train
6263718,11.18,79.3,0.81,0.15,1.27,0.05,0,2,0,128.3,1,1,1,train
6263808,8.2,73.8,0.46,0.15,1.17,0.04,0,2,0,84.2,1,1,1,train
6265768,15.1,86.1,1.41,0.15,1.26,0.06,0,2,0,189.9,1,1,1,test
6271966,12.85,82.0,1.05,0.15,1.27,0.05,0,2,0,155.7,1,1,1,train
6272933,4.17,264.7,2.74,0.15,1.89,0.17,0,2,1,39.9,1,2,2,train
6272945,4.32,273.7,3.16,0.25,1.73,0.15,0,2,1,41.7,1,2,2,train
6273063,3.62,247.7,1.9,0.13,1.48,0.08,0,2,1,31.6,1,2,2,train
6276645,8.77,73.7,0.53,0.19,1.49,0.13,0,2,0,97.4,1,1,1,train
6276898,4.53,294.6,3.92,0.29,1.97,0.18,0,2,2,44.9,1,2,2,test
6276957,3.86,333.5,3.41,0.25,1.32,0.08,0,2,1,30.7,1,2,2,test
6278080,4.08,323.6,3.48,0.31,0.99,0.08,0,2,1,33.1,1,2,2,train
6278698,3.9,250.2,15.72,0.31,1.19,0.09,0,2,1,32.1,1,2,2,train
6280636,10.94,79.0,0.8,0.13,1.27,0.09,0,2,0,127.1,1,1,1,test
6280936,4.57,312.5,4.24,0.21,1.68,0.16,0,2,1,43.6,1,2,2,train
6284459,4.29,296.2,3.24,0.25,1.53,0.16,0,2,1,37.0,1,2,2,train
6286502,4.36,341.0,4.46,0.27,1.24,0.11,0,2,1,38.9,1,2,2,test
6287650,4.21,308.5,3.38,0.21,1.46,0.12,0,2,1,35.5,1,2,2,test
6287950,4.07,305.7,3.27,0.21,1.45,0.09,0,2,1,35.5,1,2,2,train
6289002,11.13,78.7,0.8,0.19,1.38,0.08,0,2,0,128.6,1,1,1,test
6289573,3.7,272.0,2.06,0.27,1.13,0.11,0,2,1,28.1,1,2,2,test
6289617,4.37,286.0,3.22,0.31,1.5,0.17,0,2,1,39.7,1,2,2,train
6290000,3.99,274.6,2.33,0.23,1.12,0.1,0,2,1,31.2,1,2,2,train
6290862,4.08,266.3,2.47,0.27,1.35,0.13,0,2,1,35.0,1,2,2,train
6291149,4.14,298.8,3.04,0.21,1.3,0.12,0,2,1,34.0,1,2,2,train
6292128,3.95,276.9,2.45,0.31,1.1,0.07,0,2,1,32.2,1,2,2,train
6292632,4.21,269.5,2.53,0.37,1.25,0.06,0,2,1,35.0,1,2,2,train
6293605,3.81,290.5,2.49,0.35,1.1,0.07,0,2,1,29.6,1,2,2,test
6294708,4.34,271.6,2.83,0.23,1.34,0.1,0,2,1,39.0,1,2,2,train
6304807,14.95,83.5,1.38,0.17,1.41,0.08,0,2,0,199.4,1,1,1,train
6304895,4.73,250.2,3.03,0.21,1.78,0.12,0,2,1,49.5,1,2,2,train
6305709,4.22,316.9,3.5,0.43,1.12,0.09,0,2,1,35.5,1,2,2,train
6307578,4.08,337.1,3.93,0.35,1.16,0.06,0,2,1,35.0,1,2,2,train
6309307,6.28,291.3,6.08,0.25,2.14,0.17,0,2,2,72.4,1,2,2,train
6309488,5.3,215.1,2.69,0.21,2.25,0.1,0,2,2,58.5,1,2,2,train
6310248,7.39,72.6,0.4,0.27,1.31,0.05,0,2,0,76.8,1,1,1,train
6312478,6.37,63.1,0.25,0.19,1.24,0.04,0,2,0,62.9,1,1,1,train
6312503,6.24,210.1,3.11,0.23,2.18,0.11,0,2,2,70.6,1,2,2,train
6343222,7.41,72.4,0.41,0.15,1.24,0.08,0,2,0,78.2,1,1,1,test
6343543,3.55,353.5,3.64,0.25,1.73,0.16,0,2,1,28.8,1,2,2,test
6345474,4.07,322.6,3.42,0.25,1.22,0.08,0,2,1,33.3,1,2,2,train
6346443,4.23,275.6,2.71,0.27,1.42,0.11,0,2,1,36.1,1,2,2,train
6347518,9.31,73.2,0.57,0.17,1.58,0.08,0,2,0,107.2,1,1,1,test
6350696,14.23,80.9,1.23,0.23,1.5,0.08,0,2,0,188.3,1,1,1,test
6356038,4.13,323.7,3.99,0.33,1.67,0.17,0,2,1,38.0,1,2,2,train
6357879,4.59,364.2,5.59,0.27,1.49,0.17,0,2,1,42.5,1,2,2,train
6358280,4.07,322.8,3.47,0.25,1.08,0.09,0,2,1,33.9,1,2,2,train
6358695,9.28,76.3,0.62,0.17,1.44,0.11,0,2,0,105.9,1,1,1,train
6359454,12.33,80.6,0.96,0.15,1.42,0.09,0,2,0,147.3,1,1,1,train
6359560,4.29,300.7,3.38,0.35,1.43,0.14,0,2,1,37.5,1,2,2,train
6359688,3.88,300.5,2.96,0.43,1.5,0.12,0,2,1,33.3,1,2,2,train
6363090,4.59,302.5,3.86,0.31,1.46,0.13,0,2,1,42.8,1,2,2,test
6363338,4.42,282.0,3.14,0.33,1.39,0.11,0,2,1,40.1,1,2,2,test
6365582,3.67,228.2,1.66,0.25,1.65,0.11,0,2,1,31.9,1,2,2,train
6365690,4.03,246.1,1.94,0.35,1.33,0.1,0,2,1,32.0,1,2,2,train
6365867,3.67,326.5,2.9,0.35,1.02,0.12,0,2,1,27.9,1,2,2,train
6367815,4.37,281.7,3.28,0.29,1.72,0.17,0,2,1,41.7,1,2,2,train
6368800,5.06,278.2,3.93,0.19,1.79,0.08,0,2,1,51.2,1,2,2,train
6369438,4.41,309.4,3.72,0.31,1.42,0.16,0,2,1,39.4,1,2,2,train
6369832,4.03,257.1,2.28,0.19,1.36,0.11,0,2,1,35.0,1,2,2,train
6373278,4.6,300.4,3.96,0.25,1.72,0.14,0,2,1,44.3,1,2,2,train
6380975,12.41,80.2,0.98,0.13,1.31,0.05,0,2,0,152.3,1,1,1,train
6385325,5.09,317.9,5.33,0.27,2.09,0.18,0,2,2,52.9,1,2,2,train
6392210,14.46,84.0,1.33,0.13,1.39,0.09,0,2,0,188.4,1,1,1,test
6423690,4.07,304.6,3.09,0.29,1.21,0.09,0,2,1,33.7,1,2,2,train
6424157,8.89,73.6,0.54,0.17,1.46,0.09,0,2,0,99.9,1,1,1,test
6424597,3.76,315.1,2.83,0.27,0.95,0.09,0,2,1,28.8,1,2,2,train
6425377,12.95,81.1,1.06,0.15,1.35,0.08,0,2,0,159.1,1,1,1,train
6425652,3.74,250.3,1.77,0.17,1.05,0.08,0,2,1,28.6,1,2,2,test
6428974,4.55,309.9,3.9,0.35,1.24,0.12,0,2,1,41.4,1,2,2,train
6429457,3.11,224.2,1.19,0.23,1.27,0.11,0,2,1,24.0,1,2,2,train
6430834,4.29,312.1,3.68,0.23,1.24,0.06,0,2,1,38.4,1,2,2,train
6431097,14.1,83.3,1.24,0.13,1.32,0.06,0,2,0,176.1,1,1,1,train
6431857,4.04,325.5,3.53,0.29,1.5,0.13,0,2,1,33.3,1,2,2,test
6437547,10.7,102.3,1.65,0.23,2.17,0.2,0,2,0,138.2,1,1,1,train
6442543,4.06,314.0,3.24,0.31,1.18,0.11,0,2,1,32.9,1,2,2,train
6443316,7.72,68.5,0.37,0.27,1.21,0.06,0,2,0,78.4,1,1,1,train
6443407,6.96,68.3,0.34,0.35,1.61,0.07,0,2,0,72.0,1,1,1,train
6444746,4.08,307.0,3.09,0.29,1.18,0.11,0,2,1,32.9,1,2,2,test
6445497,4.28,339.0,4.32,0.23,1.57,0.2,0,2,1,38.1,1,2,2,test
6446482,4.01,270.8,2.42,0.11,1.17,0.05,0,2,1,33.0,1,2,2,train
6447817,3.88,289.4,2.67,0.37,1.33,0.09,0,2,1,32.6,1,2,2,test
6448010,4.09,272.7,2.55,0.23,1.39,0.12,0,2,1,34.8,1,2,2,test
6448098,3.86,338.8,26.2,0.15,1.05,0.08,0,2,1,30.1,1,2,2,test
6448299,15.11,81.4,1.35,0.13,1.53,0.15,0,2,0,201.6,1,1,1,train
6448436,4.3,278.1,2.84,0.27,1.26,0.15,0,2,1,37.0,1,2,2,test
6450549,3.88,265.5,2.15,0.35,1.04,0.06,0,2,1,30.8,1,2,2,train
6450868,11.41,78.1,0.84,0.13,1.44,0.14,0,2,0,136.3,1,1,1,train
6465610,4.35,334.2,4.44,0.33,1.88,0.09,0,2,1,39.8,1,2,2,train
6469446,12.31,81.8,0.96,0.17,1.2,0.04,0,2,0,142.6,1,1,1,train
6471060,4.43,310.2,4.03,0.29,1.77,0.12,0,2,1,41.9,1,2,2,test
6501869,4.12,309.5,3.12,0.23,1.12,0.08,0,2,1,32.8,1,2,2,test
6502800,7.57,72.6,0.43,0.11,1.45,0.09,0,2,0,81.6,1,1,1,train
6504867,4.13,306.6,3.18,0.25,1.14,0.1,0,2,1,33.8,1,2,2,train
6505025,4.17,311.3,3.27,0.27,1.0,0.09,0,2,1,34.4,1,2,2,test
6508300,4.09,308.8,3.25,0.19,1.24,0.08,0,2,1,34.5,1,2,2,test
6508328,4.23,290.2,3.2,0.19,1.54,0.13,0,2,1,38.2,1,2,2,train
6508943,4.03,317.0,3.41,0.25,1.34,0.11,0,2,1,34.4,1,2,2,train
6508967,4.35,286.9,3.08,0.37,1.5,0.12,0,2,1,38.2,1,2,2,train
6509282,4.31,254.4,2.58,0.29,1.74,0.17,0,2,1,39.4,1,2,2,train
6509819,3.96,252.7,1.98,0.17,1.39,0.13,0,2,1,31.4,1,2,2,train
6510447,4.27,315.8,3.63,0.23,1.54,0.16,0,2,1,36.7,1,2,2,train
6515704,4.25,254.6,2.47,0.19,1.36,0.12,0,2,1,38.2,1,2,2,train
6516187,3.99,277.9,2.41,0.33,1.19,0.1,0,2,1,31.8,1,2,2,train
6516242,4.62,338.8,5.13,0.45,1.97,0.16,0,2,2,45.0,1,2,2,test
6519747,4.03,299.7,2.88,0.41,1.09,0.1,0,2,1,32.4,1,2,2,test
6521522,8.33,75.2,0.5,0.19,1.31,0.06,0,2,0,88.7,1,1,1,train
6522571,4.33,305.8,3.42,0.31,1.46,0.11,0,2,1,36.8,1,2,2,train
6525134,4.02,280.2,2.39,0.27,1.04,0.12,0,2,1,30.7,1,2,2,train
6525150,4.1,302.3,3.07,0.19,1.38,0.11,0,2,1,34.5,1,2,2,test
6525661,4.03,297.1,2.72,0.25,1.18,0.12,0,2,1,31.0,1,2,2,test
6526847,3.95,259.2,2.24,0.21,1.55,0.15,0,2,1,33.0,1,2,2,train
6528297,4.29,293.6,3.19,0.29,1.38,0.11,0,2,1,37.1,1,2,2,train
6528720,4.7,262.2,3.07,0.27,1.51,0.09,0,2,1,45.3,1,2,2,train
6528757,4.08,303.1,2.99,0.23,1.09,0.08,0,2,1,32.8,1,2,2,train
6528942,4.42,338.6,4.51,0.37,1.63,0.17,0,2,1,39.6,1,2,2,test
6530065,8.17,217.4,3.19,0.25,2.36,0.17,0,2,2,102.4,1,2,2,train
6530242,4.26,259.4,2.56,0.17,1.73,0.1,0,2,1,38.2,1,2,2,train
6531974,4.1,308.4,3.06,0.31,1.11,0.07,0,2,1,32.7,1,2,2,train
6532043,6.36,264.5,5.23,0.27,2.64,0.32,0,2,2,74.5,1,2,2,train
6535291,4.25,293.0,3.02,0.47,1.15,0.06,0,2,1,35.7,1,2,2,train
6535400,7.91,72.1,0.45,0.31,1.38,0.07,0,2,0,86.8,1,1,1,test
6543282,4.1,266.3,2.47,0.31,1.4,0.1,0,2,1,35.4,1,2,2,train
6546615,4.28,287.8,2.86,0.15,1.05,0.05,0,2,1,37.1,1,2,2,train
6548666,5.55,315.6,6.21,0.35,2.17,0.11,0,2,2,63.1,1,2,2,test
6579495,8.19,79.2,0.54,0.17,1.23,0.07,0,2,0,85.9,1,1,1,train
6579998,4.19,311.6,3.04,0.33,1.02,0.03,0,2,1,31.8,1,2,2,train
6584387,4.15,312.2,3.16,0.45,1.14,0.12,0,2,1,32.9,1,2,2,train
6584555,13.38,83.6,1.19,0.11,1.36,0.07,0,2,0,170.2,1,1,1,train
6586001,4.11,296.5,2.64,0.21,0.96,0.11,0,2,1,30.3,1,2,2,train
6586554,5.29,279.7,4.28,0.25,2.08,0.16,0,2,2,55.2,1,2,2,test
6587049,4.06,253.9,2.19,0.21,1.47,0.12,0,2,1,34.2,1,2,2,train
6590642,3.84,248.7,1.83,0.25,1.14,0.08,0,2,1,30.2,1,2,2,train
6592034,12.61,82.3,1.0,0.17,1.19,0.07,0,2,0,147.0,1,1,1,test
6593596,3.93,289.6,2.43,0.37,0.97,0.08,0,2,1,29.3,1,2,2,train
6593627,4.18,253.8,2.28,0.27,1.5,0.08,0,2,1,35.3,1,2,2,train
6594505,4.12,282.8,2.79,0.17,1.57,0.15,0,2,1,35.1,1,2,2,train
6603090,4.33,317.5,3.86,0.37,1.36,0.11,0,2,1,38.7,1,2,2,train
6603956,4.02,338.0,3.57,0.25,1.07,0.12,0,2,1,31.6,1,2,2,train
6604495,4.43,289.2,3.45,0.17,1.55,0.16,0,2,1,42.1,1,2,2,test
6604616,3.88,285.5,2.38,0.35,1.12,0.09,0,2,1,29.6,1,2,2,train
6605431,4.09,261.5,2.3,0.41,1.19,0.11,0,2,1,33.7,1,2,2,train
6606106,3.95,296.8,2.81,0.37,1.23,0.1,0,2,1,32.1,1,2,2,train
6606904,4.75,305.9,4.23,0.31,1.94,0.18,0,2,2,45.6,1,2,2,train
6610354,4.56,210.2,2.07,0.25,2.35,0.22,0,2,2,47.4,1,2,2,test
6610828,4.01,309.2,3.29,0.29,1.17,0.1,0,2,1,35.0,1,2,2,train
6613293,4.19,329.5,3.83,0.31,1.44,0.16,0,2,1,35.5,1,2,2,train
6614588,4.49,243.5,2.44,0.27,1.53,0.13,0,2,1,41.3,1,2,2,test
6614650,4.06,311.4,3.13,0.31,1.01,0.09,0,2,1,32.6,1,2,2,train
6615922,4.18,329.1,3.84,0.25,1.41,0.15,0,2,1,35.6,1,2,2,test
6619177,4.11,243.3,2.01,0.41,1.31,0.07,0,2,1,34.4,1,2,2,test
6619547,4.26,310.0,3.45,0.25,1.42,0.08,0,2,1,35.9,1,2,2,train
6619631,4.93,321.5,4.94,0.33,1.72,0.1,0,2,1,48.4,1,2,2,train
6620876,4.31,334.9,4.31,0.23,1.53,0.16,0,2,1,38.2,1,2,2,train
6628766,5.45,304.4,5.19,0.25,1.71,0.09,0,2,1,56.3,1,2,2,train
6629205,3.88,212.2,1.63,0.31,1.75,0.1,0,2,1,36.9,1,2,2,train
6629315,4.18,267.6,2.61,0.27,1.44,0.07,0,2,1,36.7,1,2,2,train
6632882,6.95,272.4,6.08,0.45,2.25,0.15,0,2,2,81.8,1,2,2,test
6633766,11.73,73.3,0.81,0.13,1.65,0.0,0,2,0,147.2,1,1,1,train
6634762,4.56,279.3,3.33,0.31,1.76,0.12,0,2,1,43.3,1,2,2,test
6635875,5.07,230.4,2.87,0.33,2.07,0.12,0,2,2,53.9,1,2,2,train
6664431,6.96,285.7,6.63,0.21,2.2,0.1,0,2,2,81.1,1,2,2,train
6664950,4.38,295.2,3.41,0.31,1.33,0.12,0,2,1,39.7,1,2,2,train
6665058,9.78,76.9,0.63,0.17,1.23,0.07,0,2,0,107.6,1,1,1,train
6672662,4.4,293.7,3.24,0.27,1.28,0.09,0,2,1,37.8,1,2,2,train
6676597,6.78,69.7,0.33,0.23,1.45,0.13,0,2,0,67.9,1,1,1,test
6677430,4.84,306.6,4.43,0.33,1.76,0.11,0,2,1,47.5,1,2,2,test
6677653,6.04,281.7,5.67,0.31,2.89,0.28,0,2,2,71.9,1,2,2,train
6678428,4.16,316.3,3.5,0.25,1.4,0.14,0,2,1,34.9,1,2,2,test
6678472,10.52,76.1,0.71,0.21,1.55,0.07,0,2,0,123.5,1,1,1,train
6679278,4.12,317.5,3.49,0.25,1.27,0.07,0,2,1,34.8,1,2,2,train
6680023,13.42,83.9,1.17,0.17,1.29,0.06,0,2,0,165.7,1,1,1,test
6680386,3.81,328.3,3.13,0.35,1.12,0.11,0,2,1,29.7,1,2,2,test
6681465,4.11,317.8,3.39,0.33,1.23,0.1,0,2,1,33.8,1,2,2,train
6688580,4.05,343.6,4.4,0.33,1.69,0.15,0,2,1,37.5,1,2,2,train
6690067,4.12,348.8,3.93,0.25,1.04,0.08,0,2,1,32.6,1,2,2,test
6690139,9.67,66.3,0.51,0.19,1.66,0.07,0,2,0,115.7,1,1,1,test
6690894,14.89,84.7,1.39,0.17,1.42,0.11,0,2,0,192.2,1,1,1,train
6690934,3.93,323.6,3.05,0.33,1.04,0.09,0,2,1,29.7,1,2,2,train
6692078,3.9,281.5,2.38,0.29,0.91,0.08,0,2,1,30.6,1,2,2,train
6696387,7.73,73.0,0.42,0.17,1.22,0.06,0,2,0,78.7,1,1,1,train
6696443,4.28,241.4,2.2,0.33,1.53,0.15,0,2,1,38.3,1,2,2,train
6698275,3.69,319.4,2.69,0.49,0.81,0.07,0,2,1,27.0,1,2,2,train
6698285,4.17,307.0,3.11,0.29,1.17,0.15,0,2,1,33.3,1,2,2,train
6700113,7.6,223.8,4.84,0.15,2.66,0.17,0,2,2,96.8,1,2,2,test
6700889,3.91,320.3,3.35,0.31,1.41,0.13,0,2,1,33.0,1,2,2,test
6700950,4.07,305.1,3.1,0.29,1.21,0.11,0,2,1,33.4,1,2,2,train
6705642,4.77,294.2,3.94,0.29,1.66,0.16,0,2,1,46.1,1,2,2,train
6708088,4.16,339.2,4.37,0.39,1.48,0.13,0,2,1,38.4,1,2,2,train
6718029,4.7,323.3,4.89,0.37,2.19,0.18,0,2,2,46.8,1,2,2,train
6720476,4.36,270.0,2.8,0.29,1.46,0.08,0,2,1,38.7,1,2,2,train
6721721,5.43,308.7,5.4,0.29,2.06,0.16,0,2,2,56.9,1,2,2,train
6751420,7.92,72.4,0.44,0.15,1.34,0.05,0,2,0,84.0,1,1,1,test
6751562,13.56,83.9,1.2,0.15,1.36,0.0,0,2,0,169.9,1,1,1,test
6751876,3.84,319.5,3.08,0.31,1.09,0.07,0,2,1,30.3,1,2,2,train
6752116,7.98,73.5,0.45,0.17,1.31,0.06,0,2,0,82.8,1,1,1,train
6752140,6.05,67.4,0.27,0.17,1.56,0.06,0,2,0,60.1,1,1,1,test
6755830,4.45,273.4,3.09,0.23,1.53,0.12,0,2,1,41.6,1,2,2,test
6756156,13.65,82.2,1.08,0.17,1.12,0.04,0,2,0,159.0,1,1,1,train
6756579,3.98,342.5,4.55,0.33,2.09,0.17,0,2,2,39.1,1,2,2,test
6758326,8.86,75.2,0.53,0.23,1.19,0.05,0,2,0,94.2,1,1,1,train
6762022,4.41,258.8,2.7,0.27,1.74,0.16,0,2,1,40.5,1,2,2,train
6762465,9.29,75.8,0.58,0.15,1.29,0.06,0,2,0,101.7,1,1,1,train
6762612,4.38,312.0,3.8,0.33,1.44,0.13,0,2,1,39.4,1,2,2,train
6762834,4.14,285.7,2.8,0.29,1.29,0.13,0,2,1,34.8,1,2,2,train
6764026,7.57,66.5,0.36,0.15,1.41,0.06,0,2,0,81.5,1,1,1,test
6764229,6.11,64.0,0.24,0.11,1.32,0.05,0,2,0,59.2,1,1,1,train
6764668,6.43,69.2,0.31,0.11,1.49,0.07,0,2,0,63.8,1,1,1,train
6764679,3.95,341.1,3.94,0.17,1.59,0.15,0,2,1,33.8,1,2,2,test
6764685,10.09,75.7,0.69,0.13,1.56,0.08,0,2,0,121.0,1,1,1,test
6767165,8.1,72.7,0.46,0.15,1.4,0.08,0,2,0,88.1,1,1,1,train
6767249,4.37,299.2,3.41,0.37,1.49,0.14,0,2,1,38.2,1,2,2,train
6768355,4.2,259.2,2.43,0.25,1.14,0.1,0,2,1,36.7,1,2,2,train
6773938,3.82,287.5,2.48,0.13,1.2,0.12,0,2,1,30.3,1,2,2,train
6774693,8.78,73.2,0.53,0.17,1.44,0.06,0,2,0,98.9,1,1,1,train
6774769,4.1,255.4,2.25,0.31,1.46,0.08,0,2,1,35.0,1,2,2,test
6774810,3.88,298.7,17.76,0.49,0.85,0.06,0,2,1,29.9,1,2,2,train
6775098,5.87,68.1,0.27,0.09,1.37,0.05,0,2,0,58.1,1,1,1,test
6776272,4.09,336.3,3.55,0.45,1.03,0.07,0,2,1,32.2,1,2,2,train
6776347,3.97,300.2,2.7,0.49,1.01,0.1,0,2,1,30.4,1,2,2,train
6776349,11.14,78.2,0.79,0.19,1.33,0.05,0,2,0,128.2,1,1,1,train
6776396,11.83,78.6,0.89,0.15,1.5,0.1,0,2,0,143.8,1,1,1,train
6776750,3.95,315.3,3.02,0.23,1.05,0.1,0,2,1,30.5,1,2,2,train
6777407,3.88,303.1,2.85,0.25,1.0,0.07,0,2,1,31.5,1,2,2,train
6778420,4.0,293.8,2.68,0.35,0.98,0.09,0,2,1,31.4,1,2,2,train
6778771,3.81,306.1,2.9,0.23,0.99,0.07,0,2,1,32.1,1,2,2,train
6778789,3.97,325.9,3.36,0.27,1.12,0.06,0,2,1,31.6,1,2,2,train
6779009,4.02,299.9,2.97,0.25,1.28,0.09,0,2,1,33.2,1,2,2,train
6779699,8.06,74.7,0.48,0.15,1.37,0.07,0,2,0,88.2,1,1,1,train
6780490,4.2,312.0,3.67,0.25,1.52,0.12,0,2,1,37.9,1,2,2,train
6783335,4.27,300.1,3.23,0.31,1.44,0.12,0,2,1,35.8,1,2,2,test
6783485,4.04,323.9,3.46,0.17,1.08,0.08,0,2,1,33.2,1,2,2,train
6785068,8.1,71.8,0.46,0.17,1.52,0.08,0,2,0,89.0,1,1,1,train
6785523,4.82,234.1,2.64,0.23,1.81,0.11,0,2,1,48.1,1,2,2,train
6786075,7.11,69.8,0.36,0.13,1.55,0.07,0,2,0,74.9,1,1,1,test
6786177,8.48,71.8,0.5,0.13,1.53,0.09,0,2,0,96.5,1,1,1,train
6786969,4.06,290.7,2.74,0.27,1.34,0.12,0,2,1,32.5,1,2,2,train
6790382,4.3,306.1,3.58,0.27,1.58,0.14,0,2,1,38.5,1,2,2,train
6790573,3.96,271.9,2.27,0.33,1.42,0.13,0,2,1,31.1,1,2,2,test
6790938,4.76,326.0,5.73,0.41,3.29,0.29,0,2,2,54.8,1,2,2,train
6791104,4.2,277.8,2.64,0.27,1.15,0.09,0,2,1,34.2,1,2,2,train
6791309,3.68,247.9,1.69,0.17,0.72,0.03,0,2,1,28.2,1,2,2,train
6792133,4.14,287.6,2.86,0.21,1.29,0.12,0,2,1,34.5,1,2,2,train
6793808,8.49,75.1,0.51,0.13,1.25,0.05,0,2,0,90.7,1,1,1,test
6794908,4.51,273.4,3.2,0.31,1.76,0.13,0,2,1,42.9,1,2,2,train
6836321,4.22,246.5,2.15,0.41,1.44,0.13,0,2,1,35.7,1,2,2,train
6837573,11.49,79.5,0.85,0.15,1.36,0.07,0,2,0,134.8,1,1,1,train
6838707,4.08,314.3,3.3,0.31,1.3,0.11,0,2,1,34.0,1,2,2,train
6841466,3.95,340.4,3.84,0.29,1.56,0.15,0,2,1,33.3,1,2,2,train
6841793,14.58,84.0,1.35,0.13,1.33,0.05,0,2,0,191.7,1,1,1,test
6842204,14.06,82.8,1.23,0.15,1.3,0.09,0,2,0,178.2,1,1,1,train
6842918,4.36,313.7,3.76,0.25,1.57,0.14,0,2,1,38.5,1,2,2,train
6847876,9.42,78.1,0.62,0.21,1.29,0.07,0,2,0,102.4,1,1,1,train
6849167,4.19,333.2,3.8,0.29,1.31,0.11,0,2,1,34.8,1,2,2,train
6850417,4.14,251.1,2.26,0.21,1.34,0.12,0,2,1,36.3,1,2,2,train
6852836,4.01,276.3,2.4,0.25,1.14,0.07,0,2,1,31.6,1,2,2,train
6853266,3.68,300.6,2.67,0.19,1.23,0.11,0,2,1,29.8,1,2,2,train
6853977,8.39,71.5,0.48,0.11,1.74,0.16,0,2,0,94.7,1,1,1,test
6854095,3.85,300.9,2.76,0.37,1.07,0.09,0,2,1,30.8,1,2,2,test
6854391,5.64,312.4,5.94,0.21,1.96,0.13,0,2,2,61.4,1,2,2,test
6859685,4.17,315.3,3.54,0.31,1.63,0.09,0,2,1,36.0,1,2,2,train
6859803,13.54,82.0,1.15,0.21,1.48,0.07,0,2,0,169.8,1,1,1,train
6860096,4.04,247.1,2.12,0.37,1.51,0.13,0,2,1,34.9,1,2,2,test
6861403,5.77,72.1,0.32,0.15,1.88,0.15,0,2,0,61.7,1,1,1,train
6861835,4.35,328.3,4.15,0.17,1.37,0.13,0,2,1,38.8,1,2,2,train
6863017,4.17,310.0,3.24,0.43,1.05,0.05,0,2,1,34.3,1,2,2,train
6864995,4.49,330.1,4.33,0.19,1.43,0.09,0,2,1,40.7,1,2,2,train
6866134,4.01,294.2,2.67,0.25,1.04,0.09,0,2,1,31.8,1,2,2,train
6866149,4.67,256.2,2.96,0.23,1.81,0.19,0,2,1,45.6,1,2,2,train
6866587,4.53,280.4,3.28,0.31,1.58,0.14,0,2,1,42.2,1,2,2,train
6867485,3.84,257.4,2.12,0.23,1.14,0.09,0,2,1,32.5,1,2,2,train
6868144,9.01,73.3,0.56,0.15,1.5,0.09,0,2,0,103.5,1,1,1,train
6875474,8.89,74.6,0.51,0.23,1.15,0.04,0,2,0,92.5,1,1,1,test
6876260,4.07,325.0,3.29,0.31,0.99,0.08,0,2,1,31.5,1,2,2,train
6876759,3.93,269.4,2.34,0.31,1.04,0.07,0,2,1,32.5,1,2,2,train
6878041,6.41,233.1,3.94,0.49,2.01,0.14,0,2,2,72.7,1,2,2,test
6878398,4.28,334.5,4.11,0.35,1.43,0.08,0,2,1,37.1,1,2,2,test
6878403,3.42,333.5,2.77,0.23,0.9,0.08,0,2,1,26.1,1,2,2,train
6878964,4.09,292.3,3.08,0.37,2.0,0.2,0,2,2,36.3,1,2,2,train
6879282,4.03,288.8,3.07,0.35,1.17,0.09,0,2,1,32.1,1,2,2,train
6879650,4.51,311.2,3.88,0.31,1.28,0.14,0,2,1,40.5,1,2,2,train
6879830,14.86,84.6,1.36,0.17,1.3,0.08,0,2,0,189.6,1,1,1,train
6880287,3.88,322.2,3.1,0.41,1.01,0.04,0,2,1,30.2,1,2,2,test
6880915,3.85,319.5,3.02,0.31,1.04,0.07,0,2,1,30.0,1,2,2,test
6890391,4.44,296.2,3.62,0.49,1.87,0.16,0,2,1,41.7,1,2,2,train
6890433,4.92,292.2,4.34,0.27,2.04,0.11,0,2,2,52.2,1,2,2,test
6890561,4.14,295.2,2.89,0.17,1.1,0.05,0,2,1,33.5,1,2,2,train
6923677,5.55,271.4,4.43,0.19,2.18,0.14,0,2,2,60.1,1,2,2,test
6924105,10.01,75.2,0.58,0.23,1.03,0.05,0,2,0,103.5,1,1,1,train
6925109,15.42,86.4,1.4,0.15,1.07,0.04,0,2,0,188.9,1,1,1,test
6925158,8.0,71.2,0.47,0.05,1.62,0.09,0,2,0,92.5,1,1,1,train
6928997,10.04,76.8,0.71,0.11,1.52,0.1,0,2,0,121.8,1,1,1,train
6934127,4.25,315.8,3.62,0.35,1.57,0.15,0,2,1,37.0,1,2,2,train
6936091,8.74,75.2,0.52,0.17,1.32,0.07,0,2,0,92.4,1,1,1,train
6936990,4.22,278.6,2.96,0.21,1.68,0.11,0,2,1,38.3,1,2,2,test
6937017,8.05,70.8,0.48,0.11,1.9,0.09,0,2,0,95.9,1,1,1,train
6937384,3.76,309.1,2.86,0.45,1.07,0.1,0,2,1,30.6,1,2,2,train
6940048,4.01,279.2,2.42,0.31,1.02,0.08,0,2,1,31.6,1,2,2,test
6940816,4.15,276.0,2.66,0.29,1.4,0.11,0,2,1,35.5,1,2,2,train
6945727,4.57,297.2,3.78,0.21,1.69,0.13,0,2,1,42.9,1,2,2,train
6945941,10.2,76.3,0.71,0.15,1.59,0.08,0,2,0,124.6,1,1,1,train
6946275,4.09,243.2,2.07,0.29,1.51,0.14,0,2,1,35.6,1,2,2,train
6946715,4.15,259.9,2.39,0.29,1.46,0.12,0,2,1,35.8,1,2,2,train
6947706,8.71,73.1,0.51,0.15,1.43,0.08,0,2,0,95.3,1,1,1,test
6948317,4.06,245.1,2.09,0.35,1.15,0.11,0,2,1,35.7,1,2,2,train
6949009,7.73,68.3,0.39,0.13,1.53,0.09,0,2,0,84.1,1,1,1,train
6949182,4.1,317.2,3.48,0.23,1.46,0.09,0,2,1,34.6,1,2,2,train
6949533,4.18,296.8,3.13,0.25,1.4,0.13,0,2,1,35.9,1,2,2,train
6949816,7.97,79.6,0.51,0.19,1.14,0.05,0,2,0,81.5,1,1,1,train
6950753,8.16,73.0,0.47,0.17,1.43,0.09,0,2,0,88.2,1,1,1,train
6951925,4.64,296.8,3.78,0.43,1.37,0.14,0,2,1,44.0,1,2,2,train
6952430,4.27,310.5,3.55,0.25,1.3,0.13,0,2,1,36.8,1,2,2,train
6953533,4.17,281.7,2.77,0.21,1.54,0.16,0,2,1,34.8,1,2,2,test
6953651,10.24,75.2,0.69,0.15,1.56,0.12,0,2,0,120.5,1,1,1,train
6953758,4.21,275.7,2.99,0.35,1.72,0.17,0,2,1,39.2,1,2,2,train
6955286,4.07,322.3,3.43,0.21,1.06,0.05,0,2,1,33.6,1,2,2,train
6956335,5.66,261.9,4.27,0.39,2.36,0.27,0,2,2,62.3,1,2,2,test
6956481,4.2,303.1,3.88,0.35,2.55,0.16,0,2,2,42.3,1,2,2,test
6956582,4.39,313.7,4.09,0.25,1.85,0.15,0,2,1,42.2,1,2,2,train
6957157,3.9,253.2,2.25,0.41,1.93,0.1,0,2,2,34.9,1,2,2,test
6960601,7.85,251.8,6.11,0.27,2.31,0.24,0,2,2,95.9,1,2,2,train
6960978,6.66,251.6,4.69,0.23,2.01,0.25,0,2,2,74.4,1,2,2,train
6961680,4.75,253.9,3.0,0.27,1.84,0.19,0,2,1,46.9,1,2,2,test
6963897,4.04,329.4,3.39,0.43,1.14,0.09,0,2,1,31.6,1,2,2,test
6967600,4.31,263.7,2.71,0.19,1.58,0.11,0,2,1,39.9,1,2,2,train
6976504,4.86,302.5,4.39,0.43,1.75,0.17,0,2,1,48.2,1,2,2,train
7006979,4.11,336.4,3.84,0.39,1.33,0.05,0,2,1,34.1,1,2,2,train
7008219,4.11,312.5,3.23,0.27,0.98,0.04,0,2,1,33.6,1,2,2,train
7009142,4.14,301.6,3.04,0.29,1.15,0.08,0,2,1,33.4,1,2,2,train
7009245,9.53,75.1,0.6,0.17,1.42,0.05,0,2,0,107.0,1,1,1,train
7014126,12.68,81.3,0.97,0.13,1.22,0.07,0,2,0,146.7,1,1,1,train
7014489,4.11,280.5,2.63,0.47,1.07,0.1,0,2,1,33.0,1,2,2,train
7017044,3.96,328.6,3.36,0.41,1.17,0.09,0,2,1,31.6,1,2,2,train
7017630,4.25,286.4,2.91,0.27,1.01,0.06,0,2,1,36.6,1,2,2,train
7018192,3.69,319.3,2.87,0.29,0.93,0.09,0,2,1,29.0,1,2,2,train
7018212,12.58,83.1,1.06,0.17,1.27,0.07,0,2,0,152.5,1,1,1,train
7018515,9.25,76.7,0.6,0.13,1.33,0.07,0,2,0,102.9,1,1,1,test
7019952,3.84,311.1,2.78,0.27,1.06,0.1,0,2,1,29.0,1,2,2,train
7022500,3.96,328.9,24.85,0.29,1.07,0.07,0,2,1,29.9,1,2,2,train
7023496,4.01,278.3,2.54,0.23,1.47,0.13,0,2,1,32.7,1,2,2,train
7025568,5.43,287.3,4.65,0.39,1.63,0.12,0,2,1,57.2,1,2,2,train
7025721,4.33,323.2,3.84,0.35,1.44,0.08,0,2,1,37.4,1,2,2,train
7025935,7.71,72.9,0.42,0.15,1.35,0.07,0,2,0,78.1,1,1,1,train
7026573,4.14,312.7,3.56,0.27,1.65,0.11,0,2,1,36.1,1,2,2,train
7030947,6.89,69.2,0.35,0.11,1.6,0.11,0,2,0,71.9,1,1,1,test
7031016,4.11,271.5,2.55,0.37,1.31,0.12,0,2,1,35.0,1,2,2,train
7032190,4.61,306.6,4.06,0.31,1.49,0.14,0,2,1,44.0,1,2,2,train
7032312,5.53,61.6,0.21,0.05,1.55,0.07,0,2,0,54.5,1,1,1,test
7033225,15.16,86.2,1.46,0.13,1.38,0.09,0,2,0,194.6,1,1,1,test
7033518,5.9,273.1,4.77,0.23,2.06,0.18,0,2,2,64.5,1,2,2,train
7033942,4.07,291.3,2.79,0.37,1.2,0.05,0,2,1,33.1,1,2,2,test
7034927,4.03,293.9,2.87,0.33,1.47,0.15,0,2,1,33.1,1,2,2,train
7034957,3.94,257.8,2.17,0.31,1.5,0.13,0,2,1,33.1,1,2,2,test
7036151,4.21,225.4,2.07,0.19,2.09,0.2,0,2,2,41.3,1,2,2,train
7036270,5.23,61.0,1.46,0.19,1.4,0.07,0,2,0,49.4,1,1,1,train
7039075,4.75,274.9,3.53,0.29,1.81,0.1,0,2,1,46.8,1,2,2,train
7041075,4.05,323.1,3.78,0.39,1.62,0.17,0,2,1,35.9,1,2,2,train
7041245,9.85,75.9,0.65,0.17,1.42,0.09,0,2,0,112.5,1,1,1,train
7041744,3.66,315.6,3.08,0.33,1.38,0.04,0,2,1,31.6,1,2,2,train
7042040,11.58,77.9,1.07,0.15,1.42,0.06,0,2,0,144.1,1,1,1,train
7045503,7.59,73.3,0.43,0.11,1.33,0.06,0,2,0,79.8,1,1,1,train
7047097,4.1,267.1,2.53,0.31,1.27,0.07,0,2,1,35.8,1,2,2,train
7047441,3.95,293.5,2.9,0.35,1.44,0.07,0,2,1,33.8,1,2,2,train
7049467,7.18,70.9,0.36,0.23,1.2,0.06,0,2,0,72.5,1,1,1,train
7090867,8.73,73.4,0.52,0.17,1.36,0.06,0,2,0,96.5,1,1,1,test
7092127,9.88,77.5,0.67,0.13,1.27,0.07,0,2,0,112.2,1,1,1,train
7093705,4.07,331.6,3.56,0.35,1.21,0.1,0,2,1,32.5,1,2,2,test
7100888,4.02,286.5,2.59,0.35,1.09,0.08,0,2,1,32.2,1,2,2,train
7101251,3.91,268.7,2.2,0.37,1.1,0.09,0,2,1,30.5,1,2,2,train
7101357,3.93,301.1,2.62,0.23,0.77,0.08,0,2,1,29.2,1,2,2,train
7101544,3.95,312.0,2.85,0.41,1.14,0.12,0,2,1,29.5,1,2,2,train
7102068,5.91,68.2,0.26,0.15,1.37,0.1,0,2,0,55.8,1,1,1,test
7102446,3.74,243.7,1.79,0.23,1.5,0.13,0,2,1,30.6,1,2,2,test
7103297,4.29,307.4,3.63,0.23,1.57,0.16,0,2,1,38.6,1,2,2,train
7103666,4.16,285.2,2.9,0.31,1.45,0.14,0,2,1,36.1,1,2,2,train
7105049,4.2,288.6,2.89,0.39,1.21,0.13,0,2,1,34.8,1,2,2,test
7105433,4.18,317.1,3.53,0.43,1.07,0.08,0,2,1,35.1,1,2,2,train
7107227,3.9,320.1,3.33,0.29,1.58,0.12,0,2,1,32.3,1,2,2,train
7107419,10.19,78.3,0.69,0.13,1.23,0.04,0,2,0,112.0,1,1,1,test
7107505,6.81,70.4,0.32,0.15,1.15,0.06,0,2,0,63.5,1,1,1,train
7108236,4.54,259.8,2.94,0.31,1.74,0.16,0,2,1,45.3,1,2,2,train
7108501,4.82,244.4,3.02,0.33,2.51,0.28,0,2,2,50.6,1,2,2,train
7108536,3.94,326.4,21.48,0.13,0.85,0.05,0,2,1,30.1,1,2,2,train
7115634,3.67,308.9,2.51,0.25,0.89,0.1,0,2,1,26.7,1,2,2,train
7116264,4.0,286.8,2.84,0.33,1.24,0.09,0,2,1,35.0,1,2,2,train
7116481,3.86,272.2,2.23,0.41,1.33,0.12,0,2,1,30.7,1,2,2,train
7117050,4.7,236.9,2.65,0.27,1.71,0.16,0,2,1,47.8,1,2,2,train
7118193,4.0,323.9,3.24,0.39,0.88,0.07,0,2,1,31.6,1,2,2,train
7118412,4.66,295.9,4.1,0.31,1.88,0.16,0,2,1,47.1,1,2,2,train
7118457,11.62,79.9,0.95,0.11,1.75,0.13,0,2,0,147.4,1,1,1,train
7118721,6.07,275.9,5.09,0.19,1.95,0.17,0,2,2,67.5,1,2,2,train
7119934,5.48,313.5,5.92,0.21,2.17,0.18,0,2,2,61.4,1,2,2,test
7120637,3.65,241.1,1.82,0.33,1.51,0.13,0,2,1,32.1,1,2,2,test
7122640,7.78,73.0,0.43,0.19,1.31,0.06,0,2,0,81.7,1,1,1,train
7124081,4.08,311.7,2.95,0.41,0.85,0.04,0,2,1,31.0,1,2,2,train
7124596,3.99,295.4,2.69,0.41,1.4,0.12,0,2,1,31.0,1,2,2,train
7128663,7.74,86.8,0.87,0.23,1.95,0.14,0,2,0,92.4,1,1,1,train
7128999,4.45,301.7,3.94,0.31,1.51,0.12,0,2,1,43.9,1,2,2,train
7129219,4.24,316.9,3.59,0.25,1.28,0.07,0,2,1,35.9,1,2,2,test
7130728,4.02,338.4,3.46,0.27,0.99,0.05,0,2,1,30.3,1,2,2,train
7131794,8.94,77.9,0.64,0.17,1.71,0.09,0,2,0,106.1,1,1,1,train
7136780,4.11,269.0,2.53,0.29,1.25,0.05,0,2,1,35.4,1,2,2,train
7136854,9.31,75.8,0.61,0.11,1.3,0.06,0,2,0,106.0,1,1,1,train
7139187,4.11,322.9,4.01,0.27,1.9,0.12,0,2,2,38.8,1,2,2,train
7173776,4.04,259.5,2.19,0.23,1.1,0.06,0,2,1,32.5,1,2,2,test
7174182,4.01,237.5,1.88,0.13,1.22,0.09,0,2,1,33.6,1,2,2,train
7175826,6.93,67.6,0.33,0.37,1.5,0.06,0,2,0,73.3,1,1,1,test
7178106,6.7,72.7,0.35,0.27,1.31,0.06,0,2,0,66.0,1,1,1,train
7178170,8.42,74.0,0.47,0.13,1.12,0.06,0,2,0,85.7,1,1,1,train
7183354,4.05,320.0,3.17,0.43,0.77,0.08,0,2,1,31.1,1,2,2,train
7186274,3.99,285.3,2.59,0.31,1.11,0.08,0,2,1,32.3,1,2,2,train
7186744,9.71,76.5,0.63,0.17,1.31,0.08,0,2,0,108.2,1,1,1,test
7188655,4.12,301.5,3.25,0.27,1.5,0.16,0,2,1,36.2,1,2,2,train
7188662,9.44,73.8,0.6,0.13,1.54,0.08,0,2,0,110.6,1,1,1,train
7189418,10.2,77.5,0.69,0.11,1.24,0.06,0,2,0,114.3,1,1,1,test
7190047,3.9,351.2,3.67,0.39,1.08,0.09,0,2,1,30.3,1,2,2,train
7190231,4.07,307.2,3.03,0.27,1.05,0.08,0,2,1,32.5,1,2,2,train
7190400,3.71,254.2,1.88,0.11,0.92,0.1,0,2,1,30.1,1,2,2,train
7191026,7.22,71.3,0.36,0.15,1.22,0.06,0,2,0,71.5,1,1,1,test
7191673,3.64,245.3,1.9,0.23,1.78,0.12,0,2,1,32.2,1,2,2,train
7191945,5.41,263.5,3.95,0.31,2.33,0.29,0,2,2,57.4,1,2,2,train
7198587,13.73,81.2,1.17,0.15,1.53,0.11,0,2,0,176.4,1,1,1,train
7200975,4.19,318.1,3.55,0.27,1.13,0.1,0,2,1,35.1,1,2,2,train
7202003,4.1,302.2,3.15,0.33,1.38,0.12,0,2,1,35.1,1,2,2,test
7203663,4.16,302.4,3.01,0.27,1.16,0.07,0,2,1,33.2,1,2,2,train
7204026,7.67,72.3,0.42,0.25,1.32,0.05,0,2,0,79.6,1,1,1,train
7205905,4.04,284.2,2.58,0.21,1.0,0.09,0,2,1,32.1,1,2,2,train
7206531,4.62,274.1,3.42,0.23,1.76,0.18,0,2,1,46.2,1,2,2,test
7207127,14.77,84.0,1.38,0.15,1.43,0.09,0,2,0,195.3,1,1,1,test
7211766,4.19,329.4,3.7,0.35,1.09,0.11,0,2,1,34.2,1,2,2,train
7212750,12.52,80.2,1.03,0.15,1.65,0.1,0,2,0,158.5,1,1,1,train
7213509,4.11,301.0,2.95,0.49,1.05,0.05,0,2,1,32.7,1,2,2,train
7217530,14.9,86.3,1.39,0.11,1.17,0.05,0,2,0,186.1,1,1,1,train
7218915,10.13,76.0,0.67,0.13,1.35,0.05,0,2,0,115.6,1,1,1,train
7255313,7.27,71.7,0.38,0.15,1.25,0.07,0,2,0,75.1,1,1,1,train
7257175,8.11,72.5,0.42,0.15,1.16,0.08,0,2,0,80.3,1,1,1,test
7257241,10.92,80.0,0.82,0.11,1.3,0.08,0,2,0,126.9,1,1,1,train
7258771,7.51,70.8,0.42,0.21,1.63,0.08,0,2,0,83.9,1,1,1,test
7264660,4.11,321.0,3.31,0.19,1.08,0.09,0,2,1,32.3,1,2,2,train
7264736,6.93,67.4,0.31,0.05,1.24,0.06,0,2,0,68.3,1,1,1,train
7265075,3.95,301.3,23.09,0.15,1.17,0.08,0,2,1,31.5,1,2,2,train
7265189,8.55,71.8,0.44,0.19,1.18,0.05,0,2,0,85.4,1,1,1,train
7265690,8.01,73.3,0.44,0.15,1.28,0.06,0,2,0,81.1,1,1,1,train
7266674,3.87,313.7,3.04,0.25,1.31,0.09,0,2,1,30.9,1,2,2,train
7267119,8.28,69.7,0.41,0.31,1.17,0.05,0,2,0,85.5,1,1,1,train
7270142,5.49,67.6,0.24,0.21,1.43,0.08,0,2,0,53.5,1,1,1,train
7270355,3.98,278.5,2.43,0.33,1.11,0.1,0,2,1,31.4,1,2,2,test
7270385,9.89,75.4,0.64,0.19,1.48,0.09,0,2,0,112.3,1,1,1,test
7271514,3.81,314.7,3.07,0.37,1.46,0.14,0,2,1,31.2,1,2,2,test
7273151,4.12,319.8,3.3,0.25,1.05,0.08,0,2,1,32.5,1,2,2,train
7273176,3.88,260.7,1.98,0.27,0.87,0.08,0,2,1,29.7,1,2,2,train
7273426,3.83,318.0,3.06,0.33,1.24,0.1,0,2,1,30.6,1,2,2,train
7281139,4.08,312.8,3.1,0.29,1.1,0.1,0,2,1,32.1,1,2,2,train
7281777,4.23,280.4,2.89,0.41,1.43,0.12,0,2,1,37.1,1,2,2,train
7281826,3.71,274.4,2.23,0.11,0.96,0.07,0,2,1,30.7,1,2,2,train
7282068,3.91,314.2,2.71,0.37,0.96,0.09,0,2,1,28.0,1,2,2,train
7282550,3.94,281.6,2.46,0.29,1.04,0.09,0,2,1,31.4,1,2,2,train
7283578,12.16,81.4,0.96,0.11,1.35,0.09,0,2,0,145.2,1,1,1,train
7285374,5.02,288.5,4.19,0.35,1.97,0.15,0,2,2,51.1,1,2,2,train
7285830,4.37,251.5,2.44,0.47,1.29,0.12,0,2,1,39.0,1,2,2,test
7288301,3.99,333.0,3.5,0.31,0.81,0.04,0,2,1,32.0,1,2,2,test
7289209,4.18,321.7,3.75,0.33,1.45,0.15,0,2,1,36.5,1,2,2,train
7289277,3.85,276.0,2.17,0.33,1.1,0.1,0,2,1,29.3,1,2,2,train
7292554,4.16,303.2,3.31,0.37,1.52,0.16,0,2,1,35.5,1,2,2,train
7292720,14.63,84.2,1.32,0.19,1.23,0.06,0,2,0,184.8,1,1,1,train
7293609,3.66,237.8,13.2,0.19,1.27,0.12,0,2,1,32.2,1,2,2,train
7295725,7.6,75.1,0.49,0.19,1.94,0.11,0,2,0,87.4,1,1,1,test
7296975,4.86,299.8,4.19,0.31,1.33,0.06,0,2,1,47.3,1,2,2,train
7301518,7.83,244.9,6.02,0.23,2.52,0.15,0,2,2,95.7,1,2,2,test
7335125,3.55,291.5,2.27,0.31,1.03,0.1,0,2,1,27.1,1,2,2,train
7337694,5.62,62.5,0.2,0.19,1.2,0.05,0,2,0,50.2,1,1,1,test
7340568,4.1,313.5,3.18,0.29,1.16,0.1,0,2,1,32.5,1,2,2,train
7345186,4.04,303.5,3.18,0.49,1.35,0.08,0,2,1,34.2,1,2,2,train
7345308,4.19,321.6,32.9,0.15,1.44,0.14,0,2,1,36.2,1,2,2,train
7348314,7.89,77.8,0.51,0.19,1.25,0.05,0,2,0,84.1,1,1,1,train
7348442,3.84,262.0,2.2,0.19,1.46,0.09,0,2,1,32.4,1,2,2,train
7348956,14.58,83.9,1.31,0.19,1.37,0.1,0,2,0,185.9,1,1,1,train
7349386,3.75,294.3,2.32,0.17,0.75,0.05,0,2,1,27.6,1,2,2,train
7350897,11.15,77.6,0.78,0.15,1.4,0.06,0,2,0,129.8,1,1,1,train
7352718,3.92,246.1,2.06,0.25,1.61,0.12,0,2,1,34.3,1,2,2,train
7352727,4.24,325.0,3.8,0.37,1.43,0.09,0,2,1,36.4,1,2,2,train
7363312,4.14,325.9,3.76,0.23,1.38,0.14,0,2,1,35.3,1,2,2,train
7363339,4.18,310.0,3.53,0.21,1.5,0.13,0,2,1,37.0,1,2,2,test
7363357,4.45,248.4,2.62,0.29,1.69,0.15,0,2,1,43.3,1,2,2,test
7363858,4.17,329.3,29.13,0.09,1.12,0.09,0,2,1,31.7,1,2,2,train
7364706,4.18,295.3,2.92,0.41,1.07,0.09,0,2,1,33.8,1,2,2,test
7365534,4.14,322.2,3.65,0.17,1.44,0.16,0,2,1,35.0,1,2,2,train
7365701,4.03,340.2,3.68,0.23,1.02,0.08,0,2,1,32.0,1,2,2,train
7366321,4.59,297.6,3.8,0.29,1.81,0.16,0,2,1,43.1,1,2,2,train
7366820,4.17,315.4,3.58,0.25,1.52,0.15,0,2,1,36.2,1,2,2,train
7367398,4.13,284.0,2.74,0.47,1.15,0.09,0,2,1,34.3,1,2,2,train
7368013,7.92,70.7,0.44,0.15,1.56,0.1,0,2,0,88.2,1,1,1,train
7368594,4.24,321.1,3.74,0.25,1.43,0.14,0,2,1,36.5,1,2,2,train
7368754,4.05,282.0,2.81,0.25,1.34,0.11,0,2,1,36.2,1,2,2,test
7369386,4.15,288.4,2.77,0.27,0.98,0.07,0,2,1,33.7,1,2,2,train
7369792,7.57,72.6,0.39,0.15,1.18,0.07,0,2,0,74.4,1,1,1,train
7373334,4.62,326.6,4.91,0.39,2.51,0.25,0,2,2,45.8,1,2,2,train
7376659,10.11,77.4,0.68,0.11,1.31,0.09,0,2,0,113.4,1,1,1,train
7379100,4.28,281.4,2.98,0.29,1.23,0.07,0,2,1,38.2,1,2,2,train
7384523,4.09,273.3,2.59,0.21,1.04,0.07,0,2,1,35.1,1,2,2,train
7387808,9.85,74.6,0.67,0.29,1.52,0.0,0,2,0,120.2,1,1,1,test
7416430,4.52,272.5,30.63,0.21,1.78,0.17,0,2,1,43.8,1,2,2,test
7420223,4.18,254.8,2.28,0.27,1.08,0.09,0,2,1,35.8,1,2,2,test
7421138,4.25,332.6,3.85,0.41,1.3,0.1,0,2,1,35.2,1,2,2,train
7421582,4.37,282.8,3.12,0.19,1.48,0.14,0,2,1,39.1,1,2,2,test
7428217,5.72,67.4,0.24,0.11,1.26,0.08,0,2,0,53.6,1,1,1,train
7429354,4.01,324.0,3.34,0.21,1.06,0.08,0,2,1,32.0,1,2,2,train
7433485,4.61,250.5,2.75,0.31,1.84,0.13,0,2,1,44.3,1,2,2,train
7448560,4.57,326.4,4.3,0.29,1.46,0.11,0,2,1,40.9,1,2,2,train
7448801,4.22,320.7,3.56,0.25,0.97,0.08,0,2,1,34.8,1,2,2,train
7451968,3.93,328.6,3.33,0.33,1.14,0.1,0,2,1,30.4,1,2,2,train
7457184,5.91,73.3,4.43,0.19,2.48,0.17,0,2,0,67.2,1,1,1,train
7458743,10.9,76.6,0.73,0.21,1.19,0.05,0,2,0,123.6,1,1,1,train
7459180,6.68,274.3,5.93,0.35,2.38,0.13,0,2,2,79.1,1,2,2,train
7460447,4.82,309.0,4.33,0.31,1.68,0.17,0,2,1,45.4,1,2,2,train
7460625,4.04,331.5,3.62,0.33,1.09,0.09,0,2,1,33.1,1,2,2,train
7463281,4.97,311.2,4.67,0.31,1.72,0.15,0,2,1,49.1,1,2,2,test
7465221,4.26,232.4,2.1,0.17,1.4,0.09,0,2,1,39.0,1,2,2,train
7466616,6.28,275.7,5.73,0.29,2.62,0.13,0,2,2,75.3,1,2,2,train
7467630,6.05,292.5,6.11,0.25,3.13,0.2,0,2,2,72.8,1,2,2,train
7468893,7.82,84.7,1.8,0.23,1.84,0.07,0,2,0,91.1,1,1,1,test
7469543,4.2,318.5,26.71,0.37,1.08,0.09,0,2,1,34.7,1,2,2,test
7500267,4.02,317.3,3.6,0.27,1.6,0.14,0,2,1,36.0,1,2,2,train
7501656,14.4,84.9,1.29,0.21,1.26,0.08,0,2,0,178.7,1,1,1,train
7502128,11.09,79.8,0.82,0.13,1.26,0.07,0,2,0,127.2,1,1,1,train
7502157,6.34,67.6,0.3,0.15,1.62,0.14,0,2,0,65.4,1,1,1,train
7504110,4.4,315.6,3.88,0.23,1.46,0.14,0,2,1,39.3,1,2,2,train
7506104,4.25,301.4,3.28,0.35,1.19,0.11,0,2,1,36.3,1,2,2,train
7509720,7.11,74.3,0.4,0.13,1.48,0.1,0,2,0,72.4,1,1,1,train
7510539,13.8,82.7,1.18,0.17,1.35,0.1,0,2,0,171.8,1,1,1,test
7510604,4.15,322.2,3.51,0.29,1.14,0.09,0,2,1,34.3,1,2,2,test
7515137,6.74,66.1,0.29,0.11,1.23,0.07,0,2,0,67.9,1,1,1,train
7518077,3.95,282.2,2.32,0.25,0.78,0.03,0,2,1,29.5,1,2,2,test
7518143,12.34,78.3,0.96,0.13,1.58,0.09,0,2,0,155.8,1,1,1,test
7518352,7.48,71.0,0.39,0.17,1.4,0.05,0,2,0,76.2,1,1,1,train
7522297,4.1,312.9,3.11,0.21,1.04,0.1,0,2,1,32.3,1,2,2,train
7523164,9.13,81.7,0.68,0.19,1.32,0.09,0,2,0,102.2,1,1,1,train
7523259,4.16,343.5,4.05,0.19,1.24,0.11,0,2,1,34.3,1,2,2,train
7529355,3.92,290.1,2.56,0.33,1.04,0.1,0,2,1,30.6,1,2,2,train
7530088,13.37,81.7,1.11,0.15,1.37,0.09,0,2,0,164.6,1,1,1,train
7530451,4.91,338.6,5.61,0.33,1.96,0.21,0,2,2,49.1,1,2,2,train
7530534,3.93,317.6,3.01,0.23,1.14,0.1,0,2,1,30.1,1,2,2,train
7531022,4.08,297.1,2.84,0.29,1.18,0.05,0,2,1,32.6,1,2,2,train
7531908,4.29,321.7,3.85,0.45,1.18,0.11,0,2,1,37.5,1,2,2,train
7532125,4.07,291.6,2.64,0.33,1.19,0.14,0,2,1,31.4,1,2,2,test
7532626,4.09,259.6,2.28,0.23,1.15,0.08,0,2,1,34.3,1,2,2,test
7532885,4.26,319.6,3.73,0.35,1.46,0.13,0,2,1,36.7,1,2,2,train
7533043,7.32,69.2,0.3,0.41,1.38,0.05,0,2,0,74.3,1,1,1,train
7533496,4.35,322.3,4.02,0.25,1.53,0.14,0,2,1,38.8,1,2,2,train
7533995,9.59,77.1,0.63,0.15,1.27,0.05,0,2,0,107.4,1,1,1,train
7534016,4.4,308.2,3.86,0.27,1.8,0.17,0,2,1,40.7,1,2,2,train
7538896,5.97,303.1,6.12,0.29,2.32,0.2,0,2,2,65.8,1,2,2,test
7538899,9.97,77.4,0.68,0.17,1.3,0.07,0,2,0,113.0,1,1,1,train
7546098,13.15,82.7,1.09,0.17,1.28,0.04,0,2,0,158.7,1,1,1,test
7547839,8.8,72.0,0.47,0.23,1.1,0.06,0,2,0,91.4,1,1,1,train
7550056,4.56,272.5,3.13,0.27,1.89,0.11,0,2,1,41.9,1,2,2,test
7550235,7.48,279.0,6.94,0.33,2.33,0.09,0,2,2,90.3,1,2,2,train
7550955,9.37,73.8,0.59,0.13,1.49,0.09,0,2,0,109.0,1,1,1,test
7551643,8.44,192.2,3.91,0.29,2.11,0.11,0,2,2,105.3,1,2,2,test
7552577,4.81,240.0,2.89,0.23,2.27,0.28,0,2,2,50.3,1,2,2,train
7581214,7.45,72.1,0.39,0.21,1.3,0.05,0,2,0,74.7,1,1,1,train
7581822,13.09,83.7,1.12,0.19,1.29,0.06,0,2,0,160.1,1,1,1,train
7585122,4.4,276.6,25.3,0.29,1.3,0.11,0,2,1,40.3,1,2,2,train
7585506,4.32,297.1,3.24,0.29,1.42,0.13,0,2,1,37.1,1,2,2,test
7585523,3.91,335.6,3.99,0.31,1.97,0.15,0,2,2,35.7,1,2,2,test
7585696,4.37,330.5,4.15,0.29,1.49,0.12,0,2,1,38.7,1,2,2,train
7587099,3.84,308.7,3.44,0.23,1.64,0.13,0,2,1,37.0,1,2,2,test
7588209,4.44,316.5,4.27,0.27,1.88,0.18,0,2,1,43.0,1,2,2,test
7591451,11.0,75.2,0.72,0.15,1.32,0.05,0,2,0,127.6,1,1,1,test
7591481,4.08,303.0,3.11,0.39,1.25,0.09,0,2,1,34.3,1,2,2,test
7592356,3.95,276.7,2.35,0.33,1.15,0.1,0,2,1,31.1,1,2,2,train
7593075,5.03,289.3,3.99,0.21,1.54,0.19,0,2,1,48.3,1,2,2,train
7593843,4.03,284.0,2.63,0.35,1.15,0.09,0,2,1,33.0,1,2,2,train
7593905,3.87,304.2,2.69,0.35,1.11,0.09,0,2,1,29.7,1,2,2,test
7594865,3.91,262.2,2.09,0.29,1.29,0.1,0,2,1,30.9,1,2,2,test
7595365,3.87,263.1,1.98,0.27,1.13,0.1,0,2,1,28.8,1,2,2,test
7595572,4.92,323.4,5.21,0.37,1.42,0.13,0,2,1,50.9,1,2,2,train
7597056,3.97,315.1,3.33,0.17,1.33,0.11,0,2,1,34.4,1,2,2,train
7597230,4.22,267.7,2.72,0.17,1.46,0.13,0,2,1,38.5,1,2,2,test
7598552,6.94,74.9,0.39,0.19,1.5,0.13,0,2,0,69.1,1,1,1,train
7601720,3.89,253.9,2.04,0.19,1.27,0.09,0,2,1,32.0,1,2,2,test
7602282,3.88,301.8,2.85,0.13,1.21,0.1,0,2,1,32.1,1,2,2,train
7609378,4.06,280.2,2.62,0.23,1.41,0.13,0,2,1,33.5,1,2,2,test
7609801,10.49,77.0,0.72,0.15,1.41,0.09,0,2,0,121.3,1,1,1,train
7610244,4.08,303.4,3.09,0.47,1.4,0.14,0,2,1,33.2,1,2,2,test
7610274,13.78,84.5,1.29,0.07,1.6,0.14,0,2,0,180.1,1,1,1,test
7611069,12.6,79.1,0.99,0.15,1.48,0.09,0,2,0,157.9,1,1,1,train
7612341,4.28,338.2,4.22,0.23,1.25,0.07,0,2,1,37.5,1,2,2,train
7612755,8.39,72.9,0.49,0.17,1.45,0.07,0,2,0,91.5,1,1,1,train
7616829,3.52,262.7,1.98,0.25,1.38,0.06,0,2,1,28.8,1,2,2,train
7617028,15.42,83.4,1.43,0.11,1.33,0.05,0,2,0,206.9,1,1,1,train
7617399,6.81,67.6,0.33,0.15,1.38,0.07,0,2,0,72.4,1,1,1,train
7618547,3.81,307.7,3.15,0.17,1.56,0.07,0,2,1,33.5,1,2,2,test
7618890,4.15,261.0,2.74,0.29,1.36,0.06,0,2,1,35.4,1,2,2,train
7619034,4.69,320.8,4.57,0.29,1.88,0.16,0,2,1,44.5,1,2,2,train
7619946,13.74,84.1,1.18,0.19,1.21,0.04,0,2,0,166.1,1,1,1,test
7620272,4.42,322.2,4.26,0.29,1.24,0.07,0,2,1,41.4,1,2,2,train
7620783,6.15,310.5,6.9,0.33,2.35,0.12,0,2,2,71.7,1,2,2,train
7621561,10.03,77.4,0.69,0.13,1.28,0.08,0,2,0,115.4,1,1,1,test
7621593,10.51,75.1,0.72,0.13,1.55,0.14,0,2,0,128.4,1,1,1,train
7624334,8.57,72.1,0.51,0.15,1.52,0.06,0,2,0,97.5,1,1,1,test
7626498,4.17,323.7,3.54,0.47,1.01,0.05,0,2,1,34.3,1,2,2,train
7629559,8.34,74.3,0.52,0.17,1.51,0.07,0,2,0,93.8,1,1,1,test
7630302,12.02,79.7,0.91,0.17,1.3,0.06,0,2,0,143.5,1,1,1,test
7630743,14.08,85.1,1.24,0.15,1.11,0.04,0,2,0,171.6,1,1,1,train
7631194,5.58,319.7,6.11,0.29,1.72,0.06,0,2,1,61.4,1,2,2,train
7661600,13.41,81.8,1.14,0.11,1.48,0.07,0,2,0,169.0,1,1,1,train
7661720,4.6,238.8,2.58,0.23,1.98,0.19,0,2,2,45.7,1,2,2,test
7663228,3.98,287.2,2.6,0.31,1.11,0.09,0,2,1,31.6,1,2,2,train
7663241,3.07,225.8,1.15,0.23,0.79,0.04,0,2,1,23.4,1,2,2,train
7667657,4.4,282.5,3.53,0.27,2.18,0.19,0,2,2,44.2,1,2,2,train
7667878,4.16,307.0,3.23,0.23,1.43,0.15,0,2,1,34.3,1,2,2,train
7671562,3.8,265.4,2.09,0.25,1.12,0.09,0,2,1,30.4,1,2,2,test
7672969,3.79,317.5,2.98,0.29,1.09,0.07,0,2,1,30.1,1,2,2,train
7673018,4.13,280.9,2.68,0.35,1.38,0.16,0,2,1,34.1,1,2,2,test
7673438,9.43,75.4,0.59,0.15,1.33,0.09,0,2,0,103.9,1,1,1,train
7673913,6.09,69.3,0.28,0.13,1.21,0.07,0,2,0,58.5,1,1,1,train
7673993,3.89,326.5,2.9,0.35,0.81,0.05,0,2,1,29.5,1,2,2,test
7678547,3.89,287.3,2.7,0.35,1.42,0.1,0,2,1,32.9,1,2,2,test
7679049,4.0,267.8,2.29,0.27,1.21,0.1,0,2,1,32.1,1,2,2,test
7680159,3.66,246.5,1.87,0.33,1.6,0.11,0,2,1,31.3,1,2,2,train
7685039,4.23,297.9,24.28,0.33,1.12,0.08,0,2,1,35.2,1,2,2,train
7685260,4.24,306.0,3.54,0.27,1.01,0.07,0,2,1,38.2,1,2,2,test
7685316,4.21,319.4,3.78,0.27,1.08,0.1,0,2,1,37.5,1,2,2,train
7685724,4.19,318.1,3.48,0.43,1.61,0.17,0,2,1,34.9,1,2,2,train
7686101,3.92,257.6,2.02,0.33,1.1,0.09,0,2,1,31.0,1,2,2,train
7687390,7.73,71.4,0.43,0.17,1.49,0.08,0,2,0,84.2,1,1,1,train
7687755,3.52,316.5,2.64,0.19,1.1,0.11,0,2,1,27.8,1,2,2,train
7690739,8.91,74.7,0.51,0.15,1.1,0.06,0,2,0,92.0,1,1,1,train
7691148,3.94,295.5,2.65,0.23,0.98,0.05,0,2,1,30.9,1,2,2,train
7691952,7.75,71.2,0.41,0.17,1.41,0.08,0,2,0,81.3,1,1,1,train
7693359,3.19,288.9,2.2,0.39,1.41,0.15,0,2,1,26.7,1,2,2,test
7696229,6.99,67.5,0.36,0.17,1.66,0.08,0,2,0,77.6,1,1,1,train
7697146,5.77,298.8,5.46,0.27,1.68,0.13,0,2,1,62.2,1,2,2,test
7697217,4.15,283.1,2.84,0.25,1.37,0.08,0,2,1,35.9,1,2,2,train
7698688,7.7,71.2,0.42,0.15,1.46,0.08,0,2,0,83.1,1,1,1,test
7707887,6.56,269.2,5.76,0.23,2.59,0.2,0,2,2,79.0,1,2,2,train
7708320,4.68,287.8,3.69,0.29,1.53,0.13,0,2,1,45.0,1,2,2,train
7728945,8.3,70.9,0.45,0.21,1.48,0.13,0,2,0,90.5,1,1,1,train
7728958,9.02,75.4,0.54,0.15,1.18,0.06,0,2,0,95.6,1,1,1,train
7730215,9.8,75.3,0.63,0.05,1.35,0.08,0,2,0,110.6,1,1,1,train
7730752,5.68,311.5,6.03,0.27,2.16,0.12,0,2,2,62.1,1,2,2,test
7732836,4.22,317.3,3.56,0.23,1.25,0.1,0,2,1,35.7,1,2,2,train
7733106,13.05,80.3,1.09,0.11,1.68,0.12,0,2,0,168.9,1,1,1,train
7734065,3.67,327.5,2.86,0.43,0.93,0.1,0,2,1,27.0,1,2,2,train
7739283,4.04,272.5,2.51,0.23,1.22,0.09,0,2,1,34.1,1,2,2,train
7741252,4.41,239.4,2.43,0.23,2.02,0.25,0,2,2,42.0,1,2,2,train
7742888,6.86,69.0,0.33,0.17,1.35,0.08,0,2,0,68.7,1,1,1,train
7743176,3.72,330.7,3.19,0.47,1.12,0.08,0,2,1,30.0,1,2,2,train
7743539,4.51,289.8,3.44,0.31,1.56,0.15,0,2,1,41.3,1,2,2,test
7744204,5.18,318.6,5.32,0.27,1.98,0.18,0,2,2,53.1,1,2,2,test
7748003,5.22,261.2,3.62,0.39,1.52,0.12,0,2,1,54.7,1,2,2,train
7748693,3.92,314.3,3.37,0.45,1.41,0.08,0,2,1,34.7,1,2,2,train
7748979,4.2,301.1,3.23,0.15,1.55,0.16,0,2,1,36.1,1,2,2,test
7750902,3.53,291.7,2.76,0.23,2.59,0.25,0,2,2,32.9,1,2,2,test
7755758,4.92,298.4,4.59,0.33,1.95,0.23,0,2,2,51.6,1,2,2,train
7757166,4.25,283.2,2.85,0.25,1.12,0.05,0,2,1,35.9,1,2,2,test
7761336,15.48,86.6,1.45,0.13,1.21,0.06,0,2,0,192.9,1,1,1,train
7761635,4.01,329.4,3.51,0.39,1.23,0.13,0,2,1,32.3,1,2,2,train
7762104,14.66,82.9,1.35,0.15,1.53,0.11,0,2,0,197.0,1,1,1,train
7762794,8.76,73.0,0.53,0.19,1.56,0.05,0,2,0,99.7,1,1,1,test
7763313,4.26,276.5,2.83,0.27,1.51,0.14,0,2,1,37.1,1,2,2,train
7764361,5.12,245.1,3.38,0.27,2.18,0.17,0,2,2,57.2,1,2,2,train
7765258,10.39,74.5,0.72,0.15,1.64,0.07,0,2,0,127.8,1,1,1,train
7766507,4.11,300.9,2.86,0.39,1.03,0.09,0,2,1,31.9,1,2,2,train
7771045,13.95,81.7,1.23,0.19,1.55,0.09,0,2,0,184.9,1,1,1,test
7777395,14.81,84.8,1.38,0.15,1.5,0.09,0,2,0,192.3,1,1,1,train
7798570,7.86,71.2,0.41,0.19,1.22,0.07,0,2,0,81.3,1,1,1,train
7799904,7.88,73.4,0.42,0.17,1.11,0.05,0,2,0,77.7,1,1,1,train
7801167,4.02,325.1,3.14,0.49,1.04,0.09,0,2,1,30.1,1,2,2,test
7802384,8.18,74.4,0.46,0.15,1.21,0.06,0,2,0,83.3,1,1,1,train
7802549,4.01,289.6,21.16,0.25,1.11,0.09,0,2,1,31.7,1,2,2,train
7808227,4.06,290.5,2.7,0.47,1.1,0.11,0,2,1,32.3,1,2,2,test
7808791,4.14,248.9,2.11,0.21,1.29,0.11,0,2,1,34.3,1,2,2,train
7808930,4.11,315.8,3.79,0.23,1.94,0.2,0,2,2,37.8,1,2,2,train
7809050,9.09,74.6,0.59,0.15,1.79,0.17,0,2,0,105.5,1,1,1,test
7809264,4.22,295.4,3.21,0.23,1.55,0.12,0,2,1,36.8,1,2,2,train
7809908,4.12,323.4,3.71,0.09,1.41,0.14,0,2,1,36.6,1,2,2,train
7810876,13.27,80.3,1.11,0.23,1.68,0.18,0,2,0,169.3,1,1,1,train
7815838,13.0,80.1,1.07,0.15,1.51,0.11,0,2,0,163.8,1,1,1,train
7818152,7.4,70.2,0.4,0.17,1.63,0.06,0,2,0,79.9,1,1,1,train
7818452,4.21,253.4,2.3,0.29,1.52,0.13,0,2,1,36.7,1,2,2,train
7819927,4.05,297.7,2.9,0.35,1.19,0.08,0,2,1,33.1,1,2,2,train
7820169,3.56,244.1,1.7,0.21,1.18,0.1,0,2,1,29.2,1,2,2,train
7821234,4.05,282.3,24.59,0.19,1.45,0.12,0,2,1,34.5,1,2,2,train
7821385,7.39,69.6,0.39,0.15,1.67,0.08,0,2,0,80.1,1,1,1,train
7826053,6.9,69.6,0.34,0.21,1.57,0.16,0,2,0,70.2,1,1,1,train
7826833,4.43,284.1,3.31,0.21,1.75,0.18,0,2,1,40.9,1,2,2,train
7827177,3.89,291.4,2.46,0.49,1.09,0.08,0,2,1,29.4,1,2,2,test
7829819,4.27,295.0,3.08,0.21,1.07,0.09,0,2,1,35.8,1,2,2,train
7831249,4.03,281.4,2.69,0.49,1.14,0.09,0,2,1,34.0,1,2,2,train
7832684,3.84,277.9,2.42,0.13,1.08,0.06,0,2,1,31.8,1,2,2,test
7834159,4.4,289.8,3.32,0.25,1.58,0.09,0,2,1,39.5,1,2,2,test
7834191,8.09,73.8,0.48,0.17,1.4,0.06,0,2,0,88.1,1,1,1,train
7835198,3.7,302.0,2.82,0.21,1.65,0.15,0,2,1,31.2,1,2,2,train
7835220,4.13,305.5,2.95,0.49,1.0,0.08,0,2,1,32.1,1,2,2,train
7836711,8.6,74.9,0.49,0.15,1.17,0.06,0,2,0,87.8,1,1,1,test
7837223,9.37,75.7,0.59,0.19,1.25,0.07,0,2,0,101.8,1,1,1,train
7837429,4.08,325.2,3.04,0.29,0.79,0.05,0,2,1,30.7,1,2,2,train
7838873,6.09,290.9,5.8,0.25,2.49,0.18,0,2,2,69.7,1,2,2,train
7849791,7.74,73.3,0.44,0.09,1.39,0.08,0,2,0,81.2,1,1,1,train
7868468,8.04,72.7,0.42,0.17,1.21,0.06,0,2,0,80.0,1,1,1,test
7869334,4.48,347.0,4.8,0.25,1.45,0.13,0,2,1,40.4,1,2,2,train
7869863,9.93,77.1,0.66,0.15,1.34,0.11,0,2,0,109.3,1,1,1,train
7870694,12.73,80.3,1.03,0.11,1.57,0.11,0,2,0,158.7,1,1,1,train
7870980,4.04,267.3,2.39,0.21,1.36,0.1,0,2,1,34.1,1,2,2,train
7871690,7.13,62.8,2.86,0.05,1.28,0.06,0,2,0,71.0,1,1,1,train
7872097,9.71,75.2,0.65,0.13,1.68,0.1,0,2,0,115.8,1,1,1,train
7872519,4.09,286.0,2.74,0.27,1.21,0.09,0,2,1,33.8,1,2,2,test
7877986,3.96,318.0,3.0,0.29,1.04,0.07,0,2,1,29.8,1,2,2,train
7878297,8.3,73.9,0.47,0.21,1.19,0.06,0,2,0,85.3,1,1,1,train
7878388,9.26,75.0,0.58,0.09,1.34,0.08,0,2,0,103.4,1,1,1,train
7880096,4.08,333.7,3.93,0.27,1.43,0.1,0,2,1,35.7,1,2,2,test
7880417,14.72,85.3,1.38,0.19,1.24,0.07,0,2,0,190.5,1,1,1,test
7881275,4.11,306.3,3.02,0.27,1.09,0.08,0,2,1,32.6,1,2,2,test
7881669,3.86,280.6,2.43,0.19,0.88,0.07,0,2,1,31.1,1,2,2,train
7884574,4.11,288.7,2.83,0.25,1.37,0.07,0,2,1,33.8,1,2,2,train
7885455,3.5,245.3,1.69,0.27,1.32,0.12,0,2,1,28.5,1,2,2,test
7887960,4.23,294.5,3.1,0.29,1.45,0.17,0,2,1,36.1,1,2,2,train
7888024,4.04,285.2,2.54,0.33,1.19,0.13,0,2,1,31.3,1,2,2,train
7888957,10.49,78.7,0.76,0.11,1.4,0.09,0,2,0,122.9,1,1,1,train
7898613,3.69,316.9,2.92,0.45,1.18,0.11,0,2,1,29.7,1,2,2,train
7899023,3.91,315.4,3.47,0.37,1.5,0.1,0,2,1,35.0,1,2,2,train
7900441,5.17,319.4,5.35,0.27,2.01,0.19,0,2,2,52.3,1,2,2,train
7902578,3.97,282.4,2.53,0.45,1.12,0.07,0,2,1,32.0,1,2,2,train
7906186,4.96,288.8,4.44,0.31,2.4,0.22,0,2,2,55.4,1,2,2,train
7906607,3.93,272.6,2.24,0.41,1.0,0.09,0,2,1,30.4,1,2,2,train
7907191,4.79,261.8,3.23,0.37,1.32,0.11,0,2,1,49.2,1,2,2,train
7907664,4.1,322.2,2.53,0.33,1.51,0.08,0,2,1,36.0,1,2,2,train
7917803,4.28,312.8,3.7,0.27,1.57,0.15,0,2,1,38.3,1,2,2,train
7937449,11.12,79.2,0.82,0.11,1.34,0.07,0,2,0,130.7,1,1,1,train
7939118,3.85,342.6,3.76,0.25,1.74,0.16,0,2,1,32.4,1,2,2,train
7940675,8.24,232.6,5.45,0.17,2.13,0.19,0,2,2,102.8,1,2,2,train
7941728,6.76,71.1,0.33,0.25,1.27,0.06,0,2,0,65.5,1,1,1,train
7946636,5.2,63.3,0.19,0.07,1.25,0.08,0,2,0,47.4,1,1,1,train
7948086,4.5,331.7,4.63,0.31,1.98,0.17,0,2,2,42.5,1,2,2,train
7949258,4.05,254.1,2.14,0.17,1.19,0.08,0,2,1,34.0,1,2,2,train
7949585,4.49,287.1,3.33,0.25,1.63,0.11,0,2,1,40.3,1,2,2,train
7949599,4.1,302.5,3.09,0.31,1.2,0.09,0,2,1,34.1,1,2,2,train
7950550,6.06,66.8,0.28,0.13,1.71,0.11,0,2,0,61.9,1,1,1,train
7955078,10.15,75.4,0.68,0.19,1.54,0.09,0,2,0,118.9,1,1,1,test
7955597,12.29,80.8,0.98,0.13,1.34,0.09,0,2,0,150.3,1,1,1,train
7957377,7.27,70.8,0.4,0.19,1.75,0.11,0,2,0,80.4,1,1,1,train
7957671,5.94,68.7,0.26,0.13,1.18,0.06,0,2,0,54.8,1,1,1,train
7957918,7.56,69.1,0.4,0.13,1.82,0.17,0,2,0,83.4,1,1,1,train
7958219,4.05,328.2,3.98,0.49,1.55,0.08,0,2,1,37.1,1,2,2,train
7960136,3.99,284.7,2.53,0.31,1.03,0.08,0,2,1,31.6,1,2,2,test
7967256,5.48,227.2,3.17,0.29,2.24,0.26,0,2,2,60.8,1,2,2,train
7967516,3.92,308.0,3.2,0.17,0.96,0.07,0,2,1,34.0,1,2,2,test
7967885,3.91,271.5,2.36,0.39,1.27,0.06,0,2,1,31.9,1,2,2,train
7968120,4.31,316.0,3.67,0.33,1.32,0.12,0,2,1,37.0,1,2,2,train
7969053,10.95,78.7,0.79,0.17,1.38,0.09,0,2,0,126.8,1,1,1,train
7970248,3.55,326.6,3.07,0.37,1.4,0.14,0,2,1,28.6,1,2,2,train
7971070,3.79,284.3,19.72,0.45,1.14,0.06,0,2,1,30.6,1,2,2,test
7971830,4.09,350.2,3.84,0.21,0.97,0.08,0,2,1,31.2,1,2,2,train
7971877,4.07,271.6,2.52,0.29,1.43,0.11,0,2,1,34.1,1,2,2,test
7974230,4.51,316.7,4.25,0.27,1.88,0.22,0,2,1,42.0,1,2,2,train
7974679,5.86,303.2,6.03,0.25,1.92,0.09,0,2,2,65.4,1,2,2,test
7975617,4.03,285.3,2.55,0.29,0.96,0.05,0,2,1,32.1,1,2,2,train
7975636,4.29,302.0,3.52,0.35,1.61,0.09,0,2,1,38.1,1,2,2,train
7976420,4.7,319.1,4.59,0.31,1.89,0.18,0,2,1,45.1,1,2,2,train
7976619,7.11,275.7,6.51,0.25,2.32,0.23,0,2,2,84.8,1,2,2,train
7979316,5.03,324.5,5.44,0.31,1.79,0.15,0,2,1,52.1,1,2,2,train
7982835,4.28,325.5,3.88,0.47,1.3,0.12,0,2,1,37.0,1,2,2,train
7983015,11.46,80.9,0.9,0.11,1.28,0.05,0,2,0,136.3,1,1,1,train
7985382,6.79,69.8,0.36,0.13,1.67,0.08,0,2,0,74.4,1,1,1,train
8004637,8.13,73.1,0.46,0.13,1.35,0.09,0,2,0,86.6,1,1,1,train
8004863,8.57,72.0,0.5,0.17,1.51,0.08,0,2,0,96.5,1,1,1,train
8005116,4.17,310.7,3.63,0.21,1.72,0.15,0,2,1,38.2,1,2,2,train
8006058,4.29,277.2,2.84,0.31,1.5,0.1,0,2,1,37.5,1,2,2,train
8007217,7.29,195.7,3.53,0.21,2.88,0.22,0,2,2,91.8,1,2,2,test
8007218,14.26,84.7,1.29,0.15,1.32,0.1,0,2,0,178.8,1,1,1,train
8008319,3.93,282.2,2.56,0.17,0.96,0.05,0,2,1,32.8,1,2,2,test
8009339,3.94,234.7,2.03,0.23,1.72,0.13,0,2,1,37.4,1,2,2,test
8009410,4.28,286.4,3.22,0.29,1.69,0.17,0,2,1,39.8,1,2,2,train
8009740,12.93,80.0,1.07,0.09,1.54,0.11,0,2,0,165.1,1,1,1,train
8009745,14.57,84.0,1.32,0.15,1.43,0.11,0,2,0,187.2,1,1,1,train
8016118,7.15,291.8,7.05,0.19,2.12,0.22,0,2,2,82.6,1,2,2,test
8016586,4.93,286.5,4.01,0.29,1.74,0.15,0,2,1,49.2,1,2,2,train
8016650,9.5,77.0,0.64,0.15,1.25,0.07,0,2,0,107.5,1,1,1,test
8017348,14.16,81.7,1.24,0.17,1.59,0.12,0,2,0,185.7,1,1,1,train
8017898,7.23,71.3,0.38,0.23,1.43,0.06,0,2,0,75.3,1,1,1,test
8019322,6.29,65.6,0.29,0.11,1.84,-0.0,0,2,0,66.7,1,1,1,test
8024699,4.11,337.4,3.63,0.49,1.08,0.08,0,2,1,32.5,1,2,2,train
8025383,4.15,279.9,2.76,0.27,1.42,0.15,0,2,1,35.2,1,2,2,train
8025991,8.02,71.3,0.41,0.19,1.18,0.04,0,2,0,79.9,1,1,1,train
8026605,4.15,336.4,3.78,0.33,1.54,0.15,0,2,1,33.6,1,2,2,train
8026963,8.15,71.7,0.48,0.11,1.78,0.09,0,2,0,94.3,1,1,1,train
8035892,4.22,306.1,3.34,0.11,1.44,0.15,0,2,1,36.0,1,2,2,train
8037930,4.75,287.4,4.44,0.21,2.05,0.26,0,2,2,53.7,1,2,2,train
8039063,7.57,73.5,0.43,0.09,1.31,0.06,0,2,0,80.4,1,1,1,test
8039416,3.96,285.2,2.59,0.39,1.1,0.09,0,2,1,32.2,1,2,2,test
8039796,4.22,328.9,3.92,0.29,1.46,0.12,0,2,1,36.2,1,2,2,test
8040267,15.4,86.3,1.47,0.19,1.27,0.07,0,2,0,196.8,1,1,1,train
8043596,10.29,77.9,0.68,0.11,1.08,0.05,0,2,0,112.3,1,1,1,train
8045883,3.95,271.1,2.26,0.23,1.05,0.09,0,2,1,31.1,1,2,2,train
8046212,6.66,66.6,0.32,0.17,1.92,0.17,0,2,0,72.9,1,1,1,test
8046439,6.36,290.5,5.94,0.25,2.03,0.14,0,2,2,70.4,1,2,2,train
8047227,4.57,333.6,4.73,0.37,1.94,0.13,0,2,2,42.5,1,2,2,train
8051694,4.47,290.9,3.37,0.29,1.83,0.16,0,2,1,40.5,1,2,2,train
8053949,6.51,65.6,0.3,0.29,1.67,0.07,0,2,0,71.0,1,1,1,train
8054055,10.45,76.1,0.72,0.11,1.46,0.07,0,2,0,124.2,1,1,1,train
8055930,4.16,327.9,3.31,0.49,0.92,0.06,0,2,1,31.2,1,2,2,test
8056874,5.27,291.2,4.5,0.29,1.69,0.14,0,2,1,53.1,1,2,2,train
8058062,11.83,79.4,0.89,0.15,1.33,0.07,0,2,0,140.2,1,1,1,train
8073887,14.62,84.7,1.36,0.11,1.38,0.08,0,2,0,190.1,1,1,1,test
8074326,4.17,317.4,3.47,0.27,1.44,0.11,0,2,1,34.8,1,2,2,train
8074520,3.76,240.4,1.76,0.25,1.35,0.07,0,2,1,30.7,1,2,2,train
8077790,11.78,78.8,0.89,0.15,1.44,0.09,0,2,0,142.9,1,1,1,test
8078554,4.22,315.3,3.46,0.31,1.41,0.11,0,2,1,35.6,1,2,2,train
8081069,4.14,321.6,3.48,0.33,1.17,0.11,0,2,1,34.1,1,2,2,train
8081497,9.03,76.3,0.56,0.19,1.28,0.06,0,2,0,95.1,1,1,1,train
8081535,4.58,302.7,3.89,0.19,1.53,0.17,0,2,1,42.5,1,2,2,train
8082494,3.82,314.3,3.15,0.29,1.68,0.16,0,2,1,32.1,1,2,2,test
8085964,7.42,212.5,4.21,0.13,2.69,0.14,0,2,2,95.7,1,2,2,train
8085998,4.2,297.2,3.06,0.23,1.39,0.11,0,2,1,35.3,1,2,2,test
8086682,8.01,67.5,0.39,0.23,1.41,0.09,0,2,0,85.6,1,1,1,train
8087067,9.02,74.3,0.55,0.17,1.32,0.05,0,2,0,100.8,1,1,1,train
8088198,4.14,259.3,2.35,0.47,1.47,0.12,0,2,1,35.5,1,2,2,test
8093664,4.26,310.7,3.6,0.19,1.4,0.14,0,2,1,37.4,1,2,2,train
8094602,5.47,61.4,0.21,0.15,1.54,0.09,0,2,0,54.9,1,1,1,train
8097755,4.03,300.9,2.6,0.25,0.82,0.04,0,2,1,29.2,1,2,2,train
8097926,3.97,275.0,2.17,0.17,0.74,0.05,0,2,1,29.5,1,2,2,test
8098608,10.78,78.4,0.78,0.15,1.35,0.08,0,2,0,125.7,1,1,1,train
8099073,4.42,324.4,4.37,0.35,1.61,0.16,0,2,1,42.3,1,2,2,train
8104771,5.58,241.9,3.45,0.27,2.16,0.22,0,2,2,59.6,1,2,2,train
8105575,4.48,241.9,2.4,0.31,1.44,0.13,0,2,1,41.3,1,2,2,train
8107227,6.08,260.1,4.87,0.29,2.12,0.1,0,2,2,72.7,1,2,2,train
8107831,4.93,320.6,5.11,0.31,1.67,0.14,0,2,1,50.3,1,2,2,test
8110026,7.19,71.3,0.36,0.21,1.08,0.04,0,2,0,70.4,1,1,1,train
8110538,3.62,334.5,3.23,0.19,1.1,0.06,0,2,1,29.1,1,2,2,test
8110809,15.13,85.9,1.39,0.19,1.23,0.06,0,2,0,188.1,1,1,1,train
8110811,7.88,236.2,5.47,0.19,2.17,0.18,0,2,2,99.4,1,2,2,train
8111555,11.3,77.4,0.85,0.15,1.54,0.07,0,2,0,139.2,1,1,1,train
8111766,4.16,286.0,2.76,0.27,1.02,0.04,0,2,1,33.9,1,2,2,train
8113423,3.98,239.9,1.87,0.33,0.94,0.03,0,2,1,33.0,1,2,2,train
8113429,4.88,286.6,3.92,0.31,1.59,0.12,0,2,1,47.9,1,2,2,test
8115318,4.28,275.1,2.92,0.25,1.36,0.09,0,2,1,38.9,1,2,2,train
8115488,12.92,81.6,1.06,0.15,1.3,0.05,0,2,0,158.1,1,1,1,train
8120076,3.93,307.7,3.17,0.21,1.11,0.09,0,2,1,34.3,1,2,2,train
8123432,11.61,76.4,0.84,0.15,1.47,0.08,0,2,0,143.0,1,1,1,train
8124622,5.57,326.2,6.78,0.29,2.85,0.15,0,2,2,64.1,1,2,2,train
8142438,8.78,74.3,0.54,0.11,1.39,0.07,0,2,0,97.9,1,1,1,train
8143094,3.97,322.7,3.45,0.25,1.51,0.15,0,2,1,33.7,1,2,2,test
8144467,11.59,79.4,0.87,0.11,1.33,0.1,0,2,0,137.8,1,1,1,train
8144802,7.3,72.3,0.39,0.13,1.43,0.08,0,2,0,75.3,1,1,1,test
8144991,4.05,312.4,3.32,0.25,1.45,0.12,0,2,1,34.7,1,2,2,train
8145176,4.12,336.4,3.32,0.33,0.9,0.09,0,2,1,30.1,1,2,2,train
8145590,5.69,282.4,3.92,0.29,1.06,0.09,0,2,1,49.5,1,2,2,test
8149536,4.2,317.3,3.43,0.29,1.17,0.08,0,2,1,34.3,1,2,2,train
8151314,4.08,267.8,2.48,0.43,1.45,0.12,0,2,1,35.0,1,2,2,train
8154541,4.23,299.4,3.45,0.31,1.97,0.19,0,2,2,39.0,1,2,2,test
8154682,9.71,76.2,0.65,0.15,1.44,0.09,0,2,0,111.5,1,1,1,train
8155782,11.81,79.4,0.86,0.17,1.2,0.05,0,2,0,134.5,1,1,1,train
8158382,8.44,75.1,0.51,0.05,1.37,0.08,0,2,0,91.4,1,1,1,train
8161789,10.42,76.8,0.71,0.15,1.39,0.07,0,2,0,121.4,1,1,1,train
8162712,7.05,74.2,0.39,0.21,1.42,0.07,0,2,0,71.3,1,1,1,train
8164977,3.95,335.2,3.83,0.37,1.45,0.12,0,2,1,34.7,1,2,2,train
8165444,4.5,330.0,4.43,0.45,1.51,0.14,0,2,1,41.0,1,2,2,test
8165471,4.0,288.1,16.89,0.49,0.83,0.06,0,2,1,31.7,1,2,2,test
8172666,5.13,320.5,5.62,0.29,2.39,0.23,0,2,2,55.6,1,2,2,train
8172679,12.2,79.3,0.93,0.05,1.43,0.12,0,2,0,148.0,1,1,1,train
8172720,4.22,311.8,3.26,0.17,1.06,0.07,0,2,1,34.0,1,2,2,train
8172843,4.85,287.1,3.91,0.29,1.76,0.16,0,2,1,47.1,1,2,2,train
8173148,4.14,276.2,2.64,0.25,1.15,0.12,0,2,1,34.9,1,2,2,train
8173581,8.78,73.3,0.53,0.15,1.48,0.09,0,2,0,99.0,1,1,1,test
8173725,4.94,305.8,4.45,0.31,1.7,0.09,0,2,1,48.0,1,2,2,train
8174364,4.5,249.8,2.61,0.35,1.63,0.17,0,2,1,41.6,1,2,2,train
8175438,4.4,317.4,4.16,0.27,1.58,0.06,0,2,1,41.2,1,2,2,test
8175678,6.71,69.6,0.33,0.31,1.36,-0.0,0,2,0,67.6,1,1,1,train
8176259,7.33,72.5,0.39,0.15,1.21,0.06,0,2,0,74.1,1,1,1,test
8176427,3.98,326.5,3.2,0.33,1.07,0.05,0,2,1,30.3,1,2,2,test
8176503,4.97,258.4,3.41,0.31,2.11,0.17,0,2,2,51.0,1,2,2,train
8177027,4.08,269.0,2.38,0.33,1.05,0.05,0,2,1,33.3,1,2,2,train
8178600,3.9,320.8,3.19,0.11,1.04,0.07,0,2,1,31.5,1,2,2,train
8181700,4.56,303.7,4.18,0.29,1.8,0.08,0,2,1,45.8,1,2,2,test
8181816,8.32,73.2,0.48,0.17,1.34,0.07,0,2,0,89.9,1,1,1,train
8183363,4.38,355.4,4.86,0.49,1.33,0.06,0,2,1,38.5,1,2,2,train
8192892,10.39,77.2,0.71,0.15,1.28,0.06,0,2,0,119.2,1,1,1,test
8196889,3.28,233.2,1.5,0.33,1.67,0.12,0,2,1,28.3,1,2,2,test
8197210,4.62,316.5,4.49,0.31,1.79,0.14,0,2,1,45.3,1,2,2,train
8210100,4.44,257.4,2.71,0.29,1.55,0.07,0,2,1,41.9,1,2,2,train
8210306,7.07,71.1,0.36,0.11,1.33,0.05,0,2,0,72.2,1,1,1,test
8211726,4.29,261.5,2.73,0.21,1.85,0.22,0,2,1,38.8,1,2,2,train
8213138,6.17,65.4,2.11,0.13,1.26,0.08,0,2,0,59.3,1,1,1,train
8213984,5.03,299.7,4.38,0.31,1.74,0.16,0,2,1,49.3,1,2,2,train
8214394,14.08,82.3,1.23,0.13,1.45,0.1,0,2,0,181.9,1,1,1,train
8221785,7.76,72.8,0.42,0.17,1.28,0.08,0,2,0,79.2,1,1,1,train
8222944,8.21,68.6,0.43,0.27,1.52,0.07,0,2,0,91.7,1,1,1,train
8230578,7.53,271.5,6.52,0.33,2.34,0.25,0,2,2,89.6,1,2,2,train
8232851,4.69,281.0,3.67,0.21,1.8,0.19,0,2,1,47.5,1,2,2,train
8235013,3.67,290.2,2.47,0.29,1.25,0.09,0,2,1,29.9,1,2,2,train
8235144,12.77,81.4,1.06,0.13,1.38,0.08,0,2,0,158.9,1,1,1,train
8241134,3.87,319.4,3.05,0.29,1.09,0.11,0,2,1,30.2,1,2,2,train
8241402,3.79,276.5,2.22,0.21,1.02,0.04,0,2,1,29.6,1,2,2,train
8243725,4.32,319.0,3.87,0.29,1.45,0.15,0,2,1,38.6,1,2,2,train
8246635,4.44,285.3,33.0,0.23,1.74,0.18,0,2,1,41.7,1,2,2,test
8246995,4.28,246.1,21.43,0.37,1.55,0.1,0,2,1,37.8,1,2,2,train
8248041,7.22,70.6,0.37,0.15,1.24,0.07,0,2,0,74.2,1,1,1,train
8248351,3.62,246.3,1.09,0.49,1.54,0.12,0,2,1,30.7,1,2,2,train
8250069,15.74,86.5,1.47,0.17,1.14,0.05,0,2,0,196.6,1,1,1,train
8258311,4.22,338.6,3.97,0.33,1.3,0.07,0,2,1,35.0,1,2,2,train
8260453,4.59,310.1,4.09,0.27,1.58,0.15,0,2,1,42.7,1,2,2,train
8265098,4.73,283.1,3.71,0.27,2.32,0.16,0,2,2,46.6,1,2,2,test
8277043,7.55,72.4,0.43,0.19,1.52,0.05,0,2,0,81.4,1,1,1,train
8277430,4.04,312.3,3.22,0.43,1.43,0.1,0,2,1,33.4,1,2,2,train
8278906,3.96,286.0,2.51,0.31,1.1,0.08,0,2,1,31.5,1,2,2,train
8280417,4.16,272.8,2.56,0.47,1.44,0.12,0,2,1,35.6,1,2,2,train
8283356,11.19,78.3,0.83,0.15,1.51,0.09,0,2,0,134.5,1,1,1,test
8284510,4.77,283.6,3.69,0.21,1.59,0.12,0,2,1,46.4,1,2,2,test
8284682,3.55,291.3,2.48,0.29,1.39,0.07,0,2,1,29.7,1,2,2,train
8285008,3.85,279.9,2.27,0.39,1.0,0.08,0,2,1,30.1,1,2,2,train
8292681,4.74,300.9,4.12,0.19,1.72,0.13,0,2,1,46.2,1,2,2,train
8293158,4.14,300.0,3.09,0.47,1.34,0.1,0,2,1,34.5,1,2,2,train
8293291,5.05,253.7,3.24,0.31,1.72,0.16,0,2,1,51.1,1,2,2,train
8299489,11.59,77.9,0.85,0.13,1.49,0.09,0,2,0,139.6,1,1,1,train
8299922,6.88,248.2,5.24,0.19,2.64,0.23,0,2,2,84.2,1,2,2,train
8301905,11.85,79.9,0.89,0.15,1.34,0.08,0,2,0,138.4,1,1,1,train
8307149,7.02,67.6,0.33,0.05,1.44,0.07,0,2,0,73.0,1,1,1,train
8307548,8.35,210.9,4.67,0.27,2.31,0.11,0,2,2,106.1,1,2,2,train
8307630,3.84,342.2,3.8,0.21,1.59,0.1,0,2,1,32.8,1,2,2,train
8307791,9.57,76.6,0.63,0.13,1.23,0.08,0,2,0,106.9,1,1,1,test
8308088,4.06,300.3,2.95,0.11,1.16,0.1,0,2,1,32.6,1,2,2,train
8308639,9.67,76.0,0.63,0.15,1.39,0.09,0,2,0,110.2,1,1,1,test
8309466,14.39,84.5,1.32,0.09,1.4,0.08,0,2,0,182.1,1,1,1,train
8311932,4.08,291.5,23.4,0.33,1.19,0.08,0,2,1,33.9,1,2,2,train
8312388,4.65,330.1,4.78,0.35,1.78,0.11,0,2,1,44.5,1,2,2,train
8312512,9.2,74.5,0.57,0.15,1.31,0.05,0,2,0,102.7,1,1,1,train
8314665,4.82,301.3,4.19,0.25,1.98,0.12,0,2,2,46.5,1,2,2,train
8315560,7.49,88.6,0.98,0.17,1.97,0.11,0,2,0,86.3,1,1,1,train
8315762,4.28,318.6,3.93,0.33,1.76,0.08,0,2,1,38.5,1,2,2,train
8315796,8.92,73.8,0.54,0.15,1.41,0.09,0,2,0,100.4,1,1,1,train
8316412,9.28,75.3,0.59,0.17,1.32,0.08,0,2,0,105.2,1,1,1,train
8323295,10.83,77.8,0.78,0.13,1.34,0.05,0,2,0,129.0,1,1,1,train
8328348,5.08,312.4,5.1,0.29,2.19,0.2,0,2,2,52.3,1,2,2,train
8328390,7.83,72.6,0.45,0.17,1.41,0.06,0,2,0,84.5,1,1,1,test
8329095,4.93,270.5,3.66,0.39,1.92,0.11,0,2,2,50.7,1,2,2,train
8330073,9.37,76.6,0.58,0.13,1.16,0.05,0,2,0,98.7,1,1,1,train
8330598,4.5,308.5,3.88,0.41,1.48,0.14,0,2,1,41.4,1,2,2,train
8343745,4.07,307.0,3.24,0.43,1.29,0.09,0,2,1,35.0,1,2,2,train
8344513,3.94,264.6,2.2,0.37,1.11,0.07,0,2,1,31.3,1,2,2,test
8344592,12.43,81.7,0.98,0.15,1.25,0.05,0,2,0,145.1,1,1,1,test
8345290,3.92,293.1,2.47,0.23,0.91,0.09,0,2,1,28.9,1,2,2,train
8345515,9.84,77.5,0.66,0.27,1.24,0.05,0,2,0,109.5,1,1,1,train
8348568,3.99,256.5,2.12,0.35,1.14,0.07,0,2,1,32.8,1,2,2,test
8349350,3.78,323.3,3.13,0.45,1.1,0.04,0,2,1,31.1,1,2,2,train
8350443,3.96,258.5,2.08,0.31,1.05,0.09,0,2,1,31.6,1,2,2,train
8350645,5.28,66.0,0.24,0.05,1.9,0.1,0,2,0,54.3,1,1,1,test
8351461,3.91,330.7,3.11,0.37,1.13,0.12,0,2,1,29.0,1,2,2,train
8358990,8.49,74.6,0.51,0.11,1.32,0.07,0,2,0,90.7,1,1,1,train
8359027,4.07,323.1,3.44,0.23,1.18,0.1,0,2,1,32.7,1,2,2,train
8359169,5.24,306.2,5.04,0.25,1.76,0.16,0,2,1,54.2,1,2,2,test
8359529,8.45,68.5,0.45,0.09,1.71,0.12,0,2,0,95.8,1,1,1,test
8360297,8.19,73.7,0.45,0.17,1.09,0.05,0,2,0,83.1,1,1,1,train
8360334,4.03,299.7,2.93,0.15,1.06,0.05,0,2,1,33.3,1,2,2,train
8363272,7.46,241.4,5.28,0.29,2.35,0.18,0,2,2,90.6,1,2,2,train
8363613,4.58,318.7,4.33,0.33,1.85,0.19,0,2,1,43.0,1,2,2,train
8364093,4.63,304.2,3.97,0.33,1.83,0.19,0,2,1,43.1,1,2,2,test
8364550,4.25,289.8,3.09,0.23,1.6,0.15,0,2,1,36.8,1,2,2,test
8364578,3.69,331.3,3.09,0.25,1.19,0.1,0,2,1,28.7,1,2,2,test
8364786,5.53,65.3,0.25,0.13,2.04,0.07,0,2,0,58.9,1,1,1,train
8365018,7.81,262.9,6.68,0.19,2.25,0.21,0,2,2,96.8,1,2,2,test
8365052,4.99,256.0,3.43,0.45,2.36,0.26,0,2,2,53.7,1,2,2,train
8365859,4.13,312.5,3.17,0.49,0.86,0.05,0,2,1,32.9,1,2,2,train
8365896,4.05,335.3,3.76,0.25,1.05,0.07,0,2,1,33.1,1,2,2,train
8366239,13.69,87.6,1.42,0.21,1.96,0.16,0,2,0,184.9,1,1,1,train
8374062,3.99,326.8,3.39,0.49,1.08,0.07,0,2,1,32.1,1,2,2,train
8374104,6.31,232.4,3.78,0.29,2.07,0.19,0,2,2,69.7,1,2,2,train
8374394,9.4,76.2,0.59,0.17,1.27,-0.0,0,2,0,101.6,1,1,1,test
8376367,4.67,302.7,4.2,0.23,2.04,0.13,0,2,2,46.0,1,2,2,train
8377200,4.25,275.6,2.85,0.21,1.32,0.11,0,2,1,37.9,1,2,2,test
8377727,4.3,312.2,3.94,0.25,1.76,0.11,0,2,1,41.4,1,2,2,train
8377962,10.95,76.7,0.78,0.17,1.42,0.06,0,2,0,131.5,1,1,1,train
8378014,4.18,304.2,3.15,0.39,1.15,0.09,0,2,1,34.2,1,2,2,test
8378462,7.27,238.8,5.08,0.25,2.6,0.23,0,2,2,88.2,1,2,2,train
8379490,4.45,326.5,4.22,0.27,1.44,0.12,0,2,1,39.8,1,2,2,train
8380242,4.18,294.2,3.04,0.19,1.41,0.1,0,2,1,35.5,1,2,2,train
8381622,10.61,77.3,0.71,0.15,1.24,0.06,0,2,0,119.0,1,1,1,train
8388399,7.27,249.6,5.54,0.29,2.42,0.12,0,2,2,87.9,1,2,2,test
8388920,4.74,291.8,3.85,0.19,1.61,0.1,0,2,1,45.7,1,2,2,train
8390612,4.73,263.1,3.07,0.35,1.7,0.1,0,2,1,44.8,1,2,2,train
8391532,5.47,247.0,3.44,0.21,1.98,0.09,0,2,2,56.8,1,2,2,train
8391545,12.79,80.1,1.01,0.19,1.29,0.04,0,2,0,157.1,1,1,1,train
8393914,4.02,279.5,2.41,0.41,1.01,0.05,0,2,1,31.5,1,2,2,train
8408974,3.86,317.0,2.87,0.07,0.95,0.04,0,2,1,29.2,1,2,2,train
8409983,4.07,290.2,2.72,0.35,1.27,0.12,0,2,1,32.7,1,2,2,train
8410529,3.87,250.9,1.96,0.35,1.22,0.06,0,2,1,31.3,1,2,2,test
8410818,4.62,286.8,3.51,0.29,1.68,0.15,0,2,1,43.2,1,2,2,train
8411792,5.01,60.6,0.16,0.15,1.19,0.07,0,2,0,43.0,1,1,1,train
8414512,4.08,297.5,2.93,0.35,1.1,0.1,0,2,1,33.3,1,2,2,train
8414518,5.1,267.5,3.96,0.31,2.12,0.17,0,2,2,56.7,1,2,2,train
8417711,4.38,293.6,3.24,0.27,1.5,0.09,0,2,1,38.1,1,2,2,train
8420770,3.92,291.4,2.74,0.31,1.39,0.09,0,2,1,32.6,1,2,2,test
8420916,7.28,67.8,0.35,0.17,1.48,0.1,0,2,0,76.5,1,1,1,train
8420954,7.94,73.1,0.45,0.21,1.37,0.08,0,2,0,84.9,1,1,1,train
8423171,7.44,268.7,6.41,0.19,2.33,0.26,0,2,2,88.6,1,2,2,train
8425211,14.66,82.1,1.32,0.11,1.59,0.12,0,2,0,195.8,1,1,1,train
8426672,14.85,83.3,1.35,0.15,1.6,0.12,0,2,0,196.7,1,1,1,test
8426743,4.45,243.4,2.43,0.21,1.62,0.17,0,2,1,41.1,1,2,2,train
8428095,5.43,71.9,0.29,0.23,1.92,0.1,0,2,0,57.0,1,1,1,train
8429299,4.11,351.8,3.94,0.31,1.21,0.11,0,2,1,32.2,1,2,2,train
8429977,10.98,76.8,0.78,0.13,1.43,0.07,0,2,0,131.7,1,1,1,train
8431083,10.9,79.2,0.77,0.15,1.2,0.06,0,2,0,122.5,1,1,1,train
8431241,3.91,309.5,2.99,0.29,1.04,0.08,0,2,1,31.8,1,2,2,train
8431695,6.18,68.3,0.28,0.21,1.41,0.07,0,2,0,60.4,1,1,1,train
8432800,11.61,81.1,1.31,0.19,1.19,0.07,0,2,0,134.8,1,1,1,test
8440248,12.46,79.7,0.98,0.17,1.44,0.1,0,2,0,152.9,1,1,1,train
8453896,9.96,77.3,0.65,0.13,1.14,0.05,0,2,0,108.2,1,1,1,train
8458519,3.87,320.1,3.15,0.31,1.09,0.08,0,2,1,31.3,1,2,2,test
8458954,11.23,79.7,0.85,0.09,1.32,0.08,0,2,0,133.6,1,1,1,train
8459085,14.93,83.8,1.37,0.15,1.45,0.12,0,2,0,194.2,1,1,1,train
8460470,9.6,76.3,0.62,0.17,1.23,0.06,0,2,0,106.4,1,1,1,train
8460634,4.23,296.8,3.12,0.39,1.11,0.06,0,2,1,35.8,1,2,2,train
8460684,4.8,332.8,48.72,0.33,1.68,0.14,0,2,1,47.0,1,2,2,test
8461449,5.21,278.0,4.38,0.49,2.09,0.12,0,2,2,57.8,1,2,2,train
8461659,5.13,330.5,6.27,0.31,1.97,0.08,0,2,2,59.2,1,2,2,train
8462934,6.18,284.3,5.85,0.31,2.34,0.18,0,2,2,72.7,1,2,2,train
8475025,9.64,74.4,0.62,0.17,1.48,0.09,0,2,0,112.6,1,1,1,train
8475164,3.99,274.7,2.4,0.37,1.06,0.1,0,2,1,32.3,1,2,2,train
8479383,4.01,293.2,2.73,0.43,1.05,0.05,0,2,1,31.7,1,2,2,train
8479780,4.41,332.4,4.36,0.29,1.62,0.17,0,2,1,40.0,1,2,2,train
8480808,4.31,314.4,3.79,0.25,1.6,0.15,0,2,1,38.5,1,2,2,train
8481765,3.9,315.3,3.03,0.39,0.99,0.07,0,2,1,32.1,1,2,2,train
8482831,3.96,316.6,2.8,0.33,0.78,0.07,0,2,1,28.3,1,2,2,train
8482944,3.81,292.2,2.42,0.17,1.01,0.07,0,2,1,28.8,1,2,2,train
8483306,3.77,335.8,3.4,0.25,1.2,0.06,0,2,1,31.0,1,2,2,train
8488530,7.42,69.8,0.41,0.11,1.66,0.1,0,2,0,83.0,1,1,1,train
8489832,4.46,275.7,3.09,0.35,1.65,0.16,0,2,1,40.3,1,2,2,test
8490583,3.96,288.2,2.71,0.41,1.38,0.11,0,2,1,32.5,1,2,2,train
8491283,4.77,318.3,4.74,0.35,1.67,0.07,0,2,1,47.2,1,2,2,train
8493827,4.06,320.8,3.37,0.25,1.3,0.06,0,2,1,33.2,1,2,2,train
8494157,9.79,76.2,0.6,0.15,1.12,0.04,0,2,0,102.9,1,1,1,train
8494160,15.78,86.6,1.52,0.15,1.27,0.07,0,2,0,204.8,1,1,1,train
8496042,4.58,316.4,4.21,0.27,1.75,0.11,0,2,1,42.1,1,2,2,test
8500704,3.86,340.0,3.15,0.47,0.82,0.08,0,2,1,28.0,1,2,2,train
8505072,9.57,75.4,0.59,0.19,1.25,0.06,0,2,0,104.4,1,1,1,train
8505345,3.9,332.5,3.23,0.25,0.81,0.08,0,2,1,29.7,1,2,2,train
8506096,4.52,293.5,3.75,0.29,1.66,0.13,0,2,1,43.8,1,2,2,train
8506788,3.9,357.1,30.58,0.25,1.06,0.08,0,2,1,30.6,1,2,2,train
8507397,4.23,299.7,3.17,0.27,0.98,0.09,0,2,1,35.9,1,2,2,test
8507484,8.29,72.1,0.49,0.13,1.71,0.07,0,2,0,94.7,1,1,1,train
8515390,5.33,266.6,3.92,0.27,2.08,0.09,0,2,2,55.2,1,2,2,train
8522040,4.74,276.8,3.49,0.27,1.71,0.12,0,2,1,45.3,1,2,2,train
8522050,6.72,189.6,2.74,0.33,1.99,0.12,0,2,2,75.8,1,2,2,train
8524315,7.94,72.8,0.44,0.31,1.24,0.05,0,2,0,84.6,1,1,1,train
8524633,5.61,63.5,0.2,0.13,1.11,0.05,0,2,0,51.2,1,1,1,train
8525293,4.32,309.5,3.5,0.29,1.24,0.1,0,2,1,37.4,1,2,2,test
8526108,4.52,326.3,4.38,0.41,1.47,0.07,0,2,1,41.4,1,2,2,train
8526691,11.2,79.7,0.85,0.13,1.27,0.05,0,2,0,133.5,1,1,1,train
8538793,11.15,80.0,0.82,0.19,1.3,0.09,0,2,0,127.8,1,1,1,train
8540034,15.0,83.8,1.36,0.11,1.42,0.07,0,2,0,193.5,1,1,1,train
8540384,4.28,334.3,4.08,0.35,1.43,0.13,0,2,1,37.0,1,2,2,train
8540820,3.31,238.5,7.97,0.35,0.76,0.05,0,2,1,22.9,1,2,2,train
8543200,4.44,308.3,3.78,0.37,1.74,0.13,0,2,1,40.0,1,2,2,train
8543569,8.93,76.2,0.57,0.17,1.33,0.08,0,2,0,97.8,1,1,1,train
8543941,4.17,303.9,3.19,0.45,1.3,0.12,0,2,1,34.8,1,2,2,train
8544483,5.78,61.8,0.21,0.09,1.26,0.06,0,2,0,54.2,1,1,1,train
8545861,4.79,292.0,3.83,0.33,1.84,0.14,0,2,1,45.2,1,2,2,test
8547469,3.85,261.6,2.0,0.23,1.07,0.1,0,2,1,30.1,1,2,2,train
8555599,6.38,70.1,0.31,0.11,1.24,0.09,0,2,0,62.8,1,1,1,test
8555914,4.18,271.6,2.62,0.33,1.15,0.06,0,2,1,35.8,1,2,2,train
8557678,4.11,335.5,3.58,0.33,1.09,0.1,0,2,1,32.0,1,2,2,train
8558633,4.06,276.0,2.4,0.43,1.04,0.05,0,2,1,31.9,1,2,2,train
8560280,13.51,76.9,0.97,0.17,1.22,0.06,0,2,0,164.1,1,1,1,test
8560398,3.7,339.7,3.68,0.25,1.57,0.08,0,2,1,31.9,1,2,2,train
8561126,4.05,321.7,3.6,0.35,1.32,0.1,0,2,1,35.1,1,2,2,train
8561238,5.3,314.6,5.59,0.31,2.15,0.15,0,2,2,56.3,1,2,2,train
8564157,13.39,81.5,1.12,0.23,1.47,0.12,0,2,0,166.6,1,1,1,train
8564559,4.68,241.3,2.61,0.39,1.78,0.17,0,2,1,44.8,1,2,2,test
8564966,7.65,77.1,0.48,0.15,1.34,0.08,0,2,0,80.0,1,1,1,train
8564976,9.58,75.9,0.6,0.29,1.21,0.06,0,2,0,102.6,1,1,1,train
8566248,3.65,333.1,3.15,0.19,1.22,0.09,0,2,1,28.7,1,2,2,train
8570254,4.14,326.4,3.62,0.21,1.17,0.06,0,2,1,34.1,1,2,2,train
8570577,4.44,289.0,3.34,0.27,1.39,0.14,0,2,1,40.2,1,2,2,train
8571171,4.34,284.2,3.06,0.31,1.49,0.14,0,2,1,38.2,1,2,2,test
8571469,4.09,313.0,3.26,0.29,1.4,0.12,0,2,1,33.6,1,2,2,test
8573128,3.96,305.1,2.67,0.25,1.02,0.08,0,2,1,29.2,1,2,2,train
8573239,4.21,306.5,3.22,0.29,0.97,0.05,0,2,1,34.4,1,2,2,test
8573783,6.81,279.3,6.22,0.25,2.42,0.16,0,2,2,79.7,1,2,2,train
8574234,10.57,77.4,0.71,0.13,1.19,0.09,0,2,0,118.6,1,1,1,train
8575147,5.31,317.9,5.57,0.21,2.07,0.17,0,2,2,55.0,1,2,2,train
8579095,11.97,77.9,0.92,0.07,1.54,0.06,0,2,0,151.5,1,1,1,train
8583313,12.81,83.9,1.53,0.15,1.18,0.06,0,2,0,149.6,1,1,1,train
8587948,6.82,234.1,4.41,0.23,2.3,0.13,0,2,2,80.1,1,2,2,train
8605197,9.72,77.5,0.66,0.13,1.26,0.08,0,2,0,110.0,1,1,1,train
8607365,7.51,71.9,0.44,0.15,1.73,0.12,0,2,0,84.2,1,1,1,train
8607581,4.27,308.0,3.36,0.39,1.26,0.1,0,2,1,35.9,1,2,2,train
8608750,5.66,61.5,0.19,0.21,1.19,0.06,0,2,0,51.6,1,1,1,test
8609482,11.81,80.1,0.92,0.15,1.34,0.09,0,2,0,144.3,1,1,1,train
8609926,3.99,290.2,2.66,0.35,1.11,0.09,0,2,1,31.8,1,2,2,test
8610204,4.17,334.4,3.86,0.23,1.36,0.08,0,2,1,34.6,1,2,2,train
8611114,4.23,321.0,3.38,0.33,1.21,0.1,0,2,1,33.6,1,2,2,train
8611369,3.56,322.9,2.61,0.27,0.9,0.08,0,2,1,25.5,1,2,2,train
8611394,9.65,76.2,0.61,0.15,1.22,0.06,0,2,0,106.6,1,1,1,train
8611833,4.1,317.1,3.82,0.37,1.94,0.2,0,2,2,38.6,1,2,2,train
8612388,4.11,328.2,3.74,0.27,1.43,0.11,0,2,1,34.8,1,2,2,train
8612480,8.4,74.1,0.51,0.17,1.36,0.08,0,2,0,93.2,1,1,1,train
8612811,4.11,318.5,3.29,0.29,1.05,0.07,0,2,1,32.8,1,2,2,train
8613617,13.58,81.5,1.13,0.15,1.46,0.1,0,2,0,169.9,1,1,1,train
8616844,4.16,278.0,2.74,0.41,1.49,0.14,0,2,1,35.8,1,2,2,test
8617401,3.89,321.1,3.08,0.27,1.05,0.1,0,2,1,30.4,1,2,2,test
8618510,4.09,320.8,3.35,0.25,1.11,0.1,0,2,1,32.9,1,2,2,test
8619322,6.87,279.0,4.4,0.25,1.87,0.16,0,2,1,78.1,1,2,2,train
8619916,4.2,299.5,2.96,0.31,1.0,0.07,0,2,1,33.6,1,2,2,train
8620109,4.0,291.2,2.56,0.19,1.05,0.1,0,2,1,30.5,1,2,2,train
8620872,10.22,76.4,0.69,0.17,1.31,0.1,0,2,0,118.5,1,1,1,train
8622532,7.12,70.5,0.38,0.27,1.67,0.14,0,2,0,76.3,1,1,1,train
8622860,6.77,252.4,5.07,0.37,2.39,0.2,0,2,2,80.0,1,2,2,train
8623633,3.6,256.6,1.91,0.25,1.46,0.11,0,2,1,29.0,1,2,2,train
8623655,8.01,73.4,0.45,0.27,1.22,0.06,0,2,0,82.6,1,1,1,train
8624155,6.97,288.5,6.8,0.29,2.17,0.16,0,2,2,81.4,1,2,2,train
8628607,7.63,69.3,0.41,0.13,1.64,0.09,0,2,0,85.6,1,1,1,train
8629927,4.15,284.4,2.76,0.33,1.38,0.12,0,2,1,34.2,1,2,2,train
8630006,4.19,262.1,2.47,0.23,1.55,0.15,0,2,1,36.2,1,2,2,test
8630459,15.03,86.5,1.42,0.13,1.21,0.05,0,2,0,189.1,1,1,1,train
8630587,11.96,78.6,0.91,0.11,1.47,0.11,0,2,0,146.6,1,1,1,train
8631442,4.16,312.9,1.62,0.29,1.3,0.09,0,2,1,35.7,1,2,2,train
8635520,4.51,329.3,4.55,0.23,1.55,0.15,0,2,1,42.4,1,2,2,train
8648759,14.06,83.5,1.23,0.15,1.24,0.05,0,2,0,172.9,1,1,1,train
8669282,4.33,252.4,2.47,0.21,1.16,0.11,0,2,1,38.8,1,2,2,train
8671819,3.92,265.4,2.07,0.31,1.05,0.05,0,2,1,30.1,1,2,2,train
8673221,4.08,330.3,3.93,0.29,1.57,0.14,0,2,1,36.5,1,2,2,test
8673261,10.31,78.6,0.78,0.15,1.66,0.13,0,2,0,125.0,1,1,1,test
8674172,11.04,78.8,0.78,0.21,1.29,0.07,0,2,0,125.4,1,1,1,train
8676927,4.59,297.2,3.72,0.43,1.39,0.11,0,2,1,42.1,1,2,2,train
8678638,14.78,85.2,1.38,0.15,1.36,0.08,0,2,0,189.2,1,1,1,train
8684542,13.46,80.2,1.14,0.13,1.57,0.11,0,2,0,177.1,1,1,1,train
8686058,4.67,327.1,4.73,0.21,1.79,0.15,0,2,1,44.4,1,2,2,train
8686316,9.81,76.5,0.66,0.17,1.4,0.1,0,2,0,112.8,1,1,1,train
8686904,10.41,76.7,0.71,0.13,1.39,0.06,0,2,0,121.2,1,1,1,test
8688421,12.22,77.2,0.93,0.15,1.64,0.11,0,2,0,154.0,1,1,1,train
8689522,4.15,335.7,3.83,0.33,1.26,0.06,0,2,1,33.8,1,2,2,train
8689935,6.4,68.6,0.3,0.15,1.38,0.04,0,2,0,63.5,1,1,1,train
8693018,7.29,264.9,6.28,0.23,2.23,0.2,0,2,2,88.9,1,2,2,test
8694096,3.85,325.6,3.16,0.15,1.03,0.04,0,2,1,30.1,1,2,2,train
8694617,9.09,72.0,0.51,0.25,1.28,0.08,0,2,0,99.6,1,1,1,train
8701893,4.7,320.5,4.51,0.25,1.45,0.14,0,2,1,44.4,1,2,2,train
8702290,4.32,326.4,4.4,0.17,1.56,0.16,0,2,1,42.5,1,2,2,train
8707667,3.88,243.1,2.07,0.31,1.58,0.09,0,2,1,35.5,1,2,2,train
8708650,6.74,283.3,6.34,0.25,1.93,0.08,0,2,2,80.4,1,2,2,train
8718745,11.37,80.0,0.82,0.15,1.21,0.06,0,2,0,128.6,1,1,1,train
8738834,3.84,315.1,3.09,0.35,1.17,0.07,0,2,1,31.8,1,2,2,train
8739065,3.95,288.3,2.83,0.27,1.49,0.12,0,2,1,34.2,1,2,2,train
8740476,4.14,284.7,2.9,0.23,1.43,0.13,0,2,1,36.3,1,2,2,test
8741733,4.31,313.6,3.81,0.25,1.68,0.17,0,2,1,38.8,1,2,2,train
8742229,8.63,80.5,0.66,0.19,1.81,0.1,0,2,0,102.9,1,1,1,test
8746146,4.13,294.6,2.94,0.43,1.29,0.1,0,2,1,33.9,1,2,2,train
8746834,5.89,65.2,0.23,0.21,1.22,0.05,0,2,0,55.4,1,1,1,test
8748278,3.98,348.5,4.04,0.29,1.66,0.13,0,2,1,33.6,1,2,2,train
8751733,4.5,273.4,3.05,0.21,1.35,0.1,0,2,1,41.2,1,2,2,train
8753234,5.35,271.3,4.16,0.21,1.82,0.14,0,2,1,56.9,1,2,2,train
8754017,3.86,258.5,2.05,0.29,1.24,0.08,0,2,1,30.7,1,2,2,test
8754155,4.06,300.1,2.81,0.47,1.12,0.12,0,2,1,31.6,1,2,2,train
8757215,4.22,329.9,3.84,0.23,1.08,0.1,0,2,1,35.7,1,2,2,train
8758700,3.91,266.2,2.17,0.35,1.18,0.08,0,2,1,31.1,1,2,2,train
8759207,7.05,279.9,6.31,0.33,2.12,0.16,0,2,2,80.4,1,2,2,train
8759746,4.72,299.0,4.08,0.31,1.64,0.1,0,2,1,45.8,1,2,2,train
8759811,5.15,328.9,5.7,0.23,1.74,0.08,0,2,1,53.1,1,2,2,train
8760818,4.06,330.7,3.18,0.35,0.93,0.06,0,2,1,29.2,1,2,2,train
8761471,4.29,325.1,4.0,0.25,1.4,0.12,0,2,1,38.5,1,2,2,train
8766846,13.12,81.6,1.08,0.17,1.25,0.06,0,2,0,161.2,1,1,1,train
8767392,7.97,247.9,6.06,0.19,2.25,0.24,0,2,2,96.6,1,2,2,test
8784382,5.4,319.1,5.6,0.27,1.44,0.07,0,2,1,56.0,1,2,2,train
8803615,4.18,328.8,3.59,0.27,1.18,0.1,0,2,1,33.4,1,2,2,train
8804886,4.09,301.0,3.02,0.35,1.34,0.13,0,2,1,33.7,1,2,2,test
8805663,4.6,326.9,5.19,0.23,2.47,0.28,0,2,2,49.8,1,2,2,test
8806387,9.09,74.4,0.57,0.17,1.49,0.11,0,2,0,101.7,1,1,1,test
8807777,7.64,75.1,0.46,0.11,1.39,0.07,0,2,0,80.9,1,1,1,test
8813291,3.84,267.1,2.07,0.45,0.74,0.07,0,2,1,29.5,1,2,2,train
8813509,4.54,315.6,4.32,0.21,1.96,0.17,0,2,2,44.0,1,2,2,train
8813618,11.29,79.6,0.83,0.17,1.28,0.06,0,2,0,130.5,1,1,1,train
8813727,4.3,334.6,4.78,0.19,1.52,0.15,0,2,1,43.4,1,2,2,train
8813792,4.51,322.5,4.22,0.41,1.54,0.15,0,2,1,40.6,1,2,2,train
8814586,4.39,281.7,3.12,0.27,1.5,0.12,0,2,1,39.8,1,2,2,train
8815404,7.28,71.2,0.39,0.27,1.43,0.08,0,2,0,76.9,1,1,1,train
8815517,8.28,74.1,0.47,0.21,1.26,-0.0,0,2,0,86.1,1,1,1,test
8816007,15.57,85.9,1.51,0.15,1.36,0.09,0,2,0,206.9,1,1,1,train
8817343,8.56,80.5,0.59,0.17,1.31,0.08,0,2,0,91.0,1,1,1,train
8819552,10.29,77.5,0.73,0.11,1.49,0.09,0,2,0,120.2,1,1,1,test
8822878,4.06,248.4,2.19,0.27,1.81,0.16,0,2,1,36.1,1,2,2,train
8823626,7.91,72.7,0.42,0.15,1.16,0.05,0,2,0,79.3,1,1,1,train
8824264,4.06,295.3,2.79,0.33,1.07,0.08,0,2,1,32.8,1,2,2,test
8826496,4.71,277.2,3.36,0.27,1.5,0.09,0,2,1,43.9,1,2,2,train
8827646,4.03,268.8,2.38,0.23,1.24,0.1,0,2,1,33.2,1,2,2,test
8827853,12.99,82.4,1.06,0.21,1.25,0.06,0,2,0,156.2,1,1,1,test
8832376,3.94,320.2,2.78,0.31,0.87,0.04,0,2,1,30.5,1,2,2,train
8838230,14.02,82.8,1.23,0.15,1.36,0.07,0,2,0,179.2,1,1,1,test
8843610,4.45,325.0,4.29,0.21,1.5,0.09,0,2,1,40.6,1,2,2,train
8845321,4.06,291.9,2.74,0.25,0.98,0.05,0,2,1,32.3,1,2,2,train
8867239,8.37,74.7,0.49,0.13,1.29,0.07,0,2,0,87.5,1,1,1,test
8869611,8.91,75.4,0.54,0.19,1.28,0.07,0,2,0,96.1,1,1,1,test
8870446,4.12,277.4,2.66,0.27,1.41,0.11,0,2,1,34.7,1,2,2,train
8872046,6.59,59.7,2.31,0.05,1.36,0.1,0,2,0,66.1,1,1,1,test
8872709,4.32,291.1,3.19,0.41,1.23,0.11,0,2,1,38.4,1,2,2,train
8872890,13.11,82.0,1.09,0.15,1.48,0.14,0,2,0,161.5,1,1,1,train
8872979,6.34,298.3,6.7,0.47,2.89,0.35,0,2,2,75.2,1,2,2,train
8873797,3.81,314.9,2.95,0.33,0.89,0.03,0,2,1,30.6,1,2,2,train
8879518,4.65,268.4,3.26,0.27,1.82,0.17,0,2,1,46.5,1,2,2,train
8890410,5.4,317.4,6.19,0.19,2.28,0.26,0,2,2,62.2,1,2,2,test
8892050,15.28,83.9,1.43,0.19,1.38,0.11,0,2,0,203.8,1,1,1,train
8895291,4.89,281.2,3.87,0.33,1.95,0.07,0,2,2,48.9,1,2,2,train
8907943,3.94,286.2,2.69,0.21,1.27,0.05,0,2,1,32.9,1,2,2,train
8914107,12.44,79.1,0.97,0.15,1.51,0.11,0,2,0,154.7,1,1,1,train
8914504,4.09,333.4,3.74,0.29,1.39,0.11,0,2,1,34.1,1,2,2,train
8936084,4.19,333.9,3.48,0.39,0.9,0.07,0,2,1,31.9,1,2,2,train
8936104,3.74,263.3,2.12,0.23,0.94,0.07,0,2,1,31.0,1,2,2,test
8936339,4.55,274.7,3.27,0.31,1.82,0.15,0,2,1,44.2,1,2,2,test
8936347,7.08,71.1,0.37,0.17,1.43,0.1,0,2,0,73.9,1,1,1,train
8939889,4.13,314.2,3.47,0.23,1.17,0.09,0,2,1,35.3,1,2,2,test
8940098,4.13,321.5,3.4,0.31,1.25,0.1,0,2,1,33.3,1,2,2,train
8940241,4.01,325.4,3.43,0.19,1.44,0.13,0,2,1,32.5,1,2,2,test
8941196,6.28,67.9,0.29,0.15,1.52,0.1,0,2,0,63.2,1,1,1,train
8941202,4.04,327.2,3.61,0.29,1.29,0.13,0,2,1,34.3,1,2,2,test
8946471,4.29,323.5,3.86,0.29,1.43,0.12,0,2,1,37.4,1,2,2,test
8946951,9.13,72.2,0.55,0.13,1.6,0.08,0,2,0,104.6,1,1,1,train
8950187,3.89,316.6,3.16,0.25,1.38,0.08,0,2,1,31.7,1,2,2,test
8955699,4.0,304.2,2.74,0.23,1.01,0.07,0,2,1,29.7,1,2,2,train
8957543,4.0,236.9,2.03,0.43,1.5,0.13,0,2,1,37.5,1,2,2,test
8957928,4.07,299.1,3.04,0.33,1.3,0.1,0,2,1,34.3,1,2,2,train
8957944,9.49,74.1,0.62,0.13,1.67,0.07,0,2,0,113.6,1,1,1,train
8958065,6.41,68.5,0.3,0.11,1.45,0.07,0,2,0,64.5,1,1,1,train
8959259,6.85,67.8,0.34,0.23,1.61,0.08,0,2,0,75.8,1,1,1,train
8959538,3.9,278.5,2.48,0.21,1.05,0.06,0,2,1,32.4,1,2,2,train
8962844,4.51,320.9,4.23,0.27,1.32,0.08,0,2,1,41.2,1,2,2,train
8962923,6.88,298.1,7.16,0.27,2.44,0.17,0,2,2,80.6,1,2,2,train
8981783,13.97,81.6,1.21,0.15,1.39,0.0,0,2,0,181.8,1,1,1,train
8984044,4.09,278.3,2.77,0.33,1.51,0.07,0,2,1,36.6,1,2,2,test
8984355,14.33,82.7,1.29,0.15,1.37,0.05,0,2,0,188.4,1,1,1,train
9001643,4.33,318.8,4.01,0.27,1.52,0.1,0,2,1,39.6,1,2,2,test
9002805,5.84,244.1,3.78,0.29,2.4,0.32,0,2,2,65.4,1,2,2,test
9003096,6.19,290.9,5.93,0.29,2.25,0.15,0,2,2,69.0,1,2,2,train
9004818,6.66,69.4,0.35,0.13,1.86,0.15,0,2,0,73.6,1,1,1,test
9007080,4.0,237.6,1.93,0.27,1.53,0.11,0,2,1,34.6,1,2,2,test
9007718,4.02,285.3,25.42,0.31,1.51,0.13,0,2,1,34.2,1,2,2,train
9008090,4.3,305.0,3.41,0.27,1.36,0.12,0,2,1,37.4,1,2,2,test
9008270,3.98,282.4,2.71,0.33,1.31,0.11,0,2,1,34.4,1,2,2,test
9018004,4.11,322.0,3.22,0.37,1.01,0.08,0,2,1,31.8,1,2,2,train
9018640,9.81,75.9,0.63,0.15,1.34,0.08,0,2,0,109.6,1,1,1,train
9018790,9.41,74.7,0.59,0.17,1.38,0.08,0,2,0,106.2,1,1,1,train
9018909,7.12,66.5,0.32,0.29,1.26,0.06,0,2,0,72.1,1,1,1,train
9020943,4.08,323.9,3.34,0.45,1.06,0.09,0,2,1,32.4,1,2,2,train
9021799,4.12,268.2,2.56,0.41,1.45,0.05,0,2,1,34.5,1,2,2,train
9024483,3.97,301.0,3.01,0.21,1.39,0.08,0,2,1,32.9,1,2,2,train
9025029,4.43,337.4,4.6,0.35,1.53,0.1,0,2,1,40.5,1,2,2,test
9025216,4.07,343.2,3.66,0.21,1.1,0.1,0,2,1,31.5,1,2,2,test
9025447,3.84,255.0,17.87,0.29,1.41,0.12,0,2,1,31.3,1,2,2,test
9025882,4.1,309.7,3.24,0.23,1.19,0.05,0,2,1,34.5,1,2,2,train
9026308,4.21,282.7,2.81,0.27,1.43,0.12,0,2,1,35.1,1,2,2,train
9028511,3.97,328.8,3.13,0.19,0.9,0.04,0,2,1,29.7,1,2,2,train
9028967,4.05,273.3,2.53,0.35,1.55,0.14,0,2,1,34.3,1,2,2,test
9031080,4.61,314.3,4.17,0.23,1.27,0.11,0,2,1,42.8,1,2,2,train
9031549,7.15,70.6,0.36,0.15,1.29,0.08,0,2,0,72.3,1,1,1,train
9031798,9.92,76.5,0.65,0.15,1.36,0.07,0,2,0,111.6,1,1,1,train
9032691,4.06,329.9,3.78,0.35,1.39,0.08,0,2,1,35.2,1,2,2,train
9032713,4.83,328.3,5.17,0.31,1.92,0.08,0,2,2,48.3,1,2,2,train
9033281,4.61,252.6,2.78,0.35,1.77,0.11,0,2,1,43.2,1,2,2,train
9033798,4.32,344.8,4.93,0.27,2.13,0.1,0,2,2,42.1,1,2,2,train
9034557,4.34,309.4,4.02,0.27,2.1,0.22,0,2,2,42.2,1,2,2,test
9071153,10.0,75.9,0.67,0.17,1.49,0.1,0,2,0,116.5,1,1,1,train
9071650,4.9,277.1,3.86,0.29,2.01,0.25,0,2,2,50.5,1,2,2,train
9071940,4.24,293.4,3.12,0.49,1.22,0.06,0,2,1,37.0,1,2,2,train
9074137,12.86,81.9,1.06,0.19,1.33,0.1,0,2,0,156.6,1,1,1,train
9074792,9.77,77.3,0.66,0.13,1.29,0.09,0,2,0,111.0,1,1,1,test
9075872,13.19,82.5,1.07,0.17,1.33,0.12,0,2,0,157.2,1,1,1,train
9077501,3.9,297.7,2.61,0.19,1.05,0.08,0,2,1,29.8,1,2,2,test
9077633,7.34,71.8,0.39,0.23,1.29,0.06,0,2,0,74.5,1,1,1,train
9077844,4.72,276.3,3.6,0.23,1.72,0.15,0,2,1,47.5,1,2,2,test
9080445,4.39,284.4,3.12,0.33,1.41,0.12,0,2,1,39.2,1,2,2,test
9084281,8.78,74.5,0.52,0.15,1.3,0.05,0,2,0,93.8,1,1,1,test
9086187,9.85,76.2,0.64,0.17,1.3,-0.0,0,2,0,110.5,1,1,1,test
9086505,4.07,310.4,3.1,0.25,1.05,0.09,0,2,1,32.4,1,2,2,train
9087668,3.98,244.9,1.96,0.31,1.58,0.13,0,2,1,32.2,1,2,2,train
9087870,3.96,286.2,2.68,0.23,1.21,0.11,0,2,1,33.3,1,2,2,test
9091127,8.01,72.4,0.44,0.17,1.32,0.06,0,2,0,84.4,1,1,1,train
9091590,4.21,282.4,2.85,0.35,1.33,0.07,0,2,1,35.5,1,2,2,train
9092209,8.3,74.0,0.59,0.15,1.49,0.05,0,2,0,92.3,1,1,1,test
9099407,4.15,288.4,2.75,0.35,1.14,0.1,0,2,1,33.1,1,2,2,train
9099712,4.43,305.3,25.22,0.09,0.96,0.05,0,2,1,33.2,1,2,2,train
9100438,4.8,226.1,2.47,0.27,1.86,0.12,0,2,1,48.5,1,2,2,train
9100444,5.08,293.8,6.65,0.23,2.01,0.16,0,2,2,52.1,1,2,2,test
9100548,10.9,78.4,0.74,0.19,1.17,0.05,0,2,0,121.5,1,1,1,train
9101018,4.14,297.9,2.93,0.27,1.14,0.07,0,2,1,33.7,1,2,2,train
9101599,3.99,282.2,26.93,0.49,1.79,0.17,0,2,1,37.0,1,2,2,train
9101612,5.38,276.9,4.3,0.31,1.84,0.09,0,2,1,56.5,1,2,2,train
9107518,4.19,321.7,4.18,0.31,0.97,0.06,0,2,1,33.7,1,2,2,test
9108045,6.56,282.6,5.98,0.39,2.11,0.11,0,2,2,74.1,1,2,2,train
9108412,4.11,327.1,3.27,0.27,0.76,0.04,0,2,1,31.2,1,2,2,test
9108759,4.27,322.5,3.75,0.47,1.3,0.05,0,2,1,36.6,1,2,2,train
9109244,13.76,81.7,1.2,0.17,1.49,0.09,0,2,0,179.9,1,1,1,train
9112472,4.72,264.6,3.21,0.33,1.69,0.06,0,2,1,46.4,1,2,2,train
9119504,4.22,290.5,3.17,0.35,1.49,0.04,0,2,1,37.9,1,2,2,train
9137958,9.15,74.8,0.54,0.19,1.41,0.11,0,2,0,97.5,1,1,1,train
9139330,4.46,310.4,3.97,0.25,1.87,0.18,0,2,1,41.7,1,2,2,train
9139970,4.06,313.1,3.1,0.21,1.13,0.09,0,2,1,32.2,1,2,2,train
9143051,4.77,312.6,4.65,0.23,1.57,0.1,0,2,1,48.0,1,2,2,train
9143545,3.91,314.0,2.75,0.25,1.42,0.11,0,2,1,32.7,1,2,2,train
9143804,4.01,284.6,2.48,0.33,1.14,0.12,0,2,1,30.8,1,2,2,train
9143868,4.15,299.1,3.14,0.31,1.12,0.07,0,2,1,35.8,1,2,2,train
9145861,10.88,77.3,0.79,0.19,1.52,0.08,0,2,0,133.0,1,1,1,train
9145952,4.05,301.2,3.0,0.29,1.41,0.12,0,2,1,33.4,1,2,2,test
9146372,8.99,74.7,0.58,0.17,1.55,0.08,0,2,0,103.1,1,1,1,train
9147335,5.0,321.9,5.1,0.25,1.72,0.09,0,2,1,50.4,1,2,2,train
9150223,4.27,315.1,3.6,0.25,1.34,0.09,0,2,1,36.7,1,2,2,train
9151578,3.08,219.0,1.23,0.41,1.75,0.07,0,2,1,26.1,1,2,2,test
9152245,11.06,80.3,0.83,0.15,1.26,0.04,0,2,0,127.9,1,1,1,train
9156571,4.24,294.0,3.24,0.21,1.4,0.11,0,2,1,38.0,1,2,2,test
9156729,4.76,281.9,3.51,0.41,1.81,0.1,0,2,1,51.3,1,2,2,train
9158898,8.56,73.4,0.51,0.31,1.39,0.1,0,2,0,93.8,1,1,1,train
9159227,3.75,308.1,2.75,0.25,0.81,0.05,0,2,1,29.7,1,2,2,train
9159263,4.02,316.8,2.96,0.27,1.0,0.09,0,2,1,29.9,1,2,2,train
9159375,4.37,300.6,3.47,0.33,1.43,0.15,0,2,1,38.7,1,2,2,test
9160995,4.21,318.8,3.55,0.33,1.24,0.12,0,2,1,35.0,1,2,2,test
9163153,12.49,82.1,1.04,0.15,1.29,0.04,0,2,0,153.8,1,1,1,test
9163621,15.45,85.6,1.49,0.05,1.27,0.06,0,2,0,205.3,1,1,1,train
9164696,8.92,74.2,0.55,0.15,1.36,0.05,0,2,0,99.6,1,1,1,train
9166015,4.34,259.6,2.58,0.41,1.55,0.15,0,2,1,38.6,1,2,2,train
9166222,4.14,311.2,3.11,0.43,1.04,0.12,0,2,1,32.9,1,2,2,test
9166318,4.51,288.3,3.48,0.31,1.87,0.19,0,2,1,41.5,1,2,2,train
9172127,14.48,83.9,1.32,0.15,1.3,0.05,0,2,0,187.9,1,1,1,train
9173371,7.95,236.7,5.55,0.21,2.12,0.08,0,2,2,100.3,1,2,2,train
9176207,5.41,316.7,5.79,0.21,2.06,0.0,0,2,2,57.5,1,2,2,train
9202597,9.68,76.6,0.66,0.15,1.42,0.08,0,2,0,112.6,1,1,1,train
9204871,4.12,300.1,3.04,0.31,1.07,0.07,0,2,1,33.9,1,2,2,train
9209366,11.03,80.3,0.84,0.17,1.2,0.07,0,2,0,129.8,1,1,1,train
9210148,3.95,307.7,2.76,0.43,0.94,0.04,0,2,1,29.4,1,2,2,train
9211088,4.04,273.9,2.34,0.29,1.08,0.04,0,2,1,32.0,1,2,2,train
9211160,13.94,83.2,1.21,0.15,1.3,0.07,0,2,0,172.9,1,1,1,train
9214512,8.95,74.8,0.55,0.19,1.44,0.07,0,2,0,99.5,1,1,1,train
9214827,4.15,276.9,2.62,0.39,1.03,0.08,0,2,1,34.7,1,2,2,test
9217018,3.89,329.4,3.19,0.35,1.12,0.09,0,2,1,29.7,1,2,2,train
9217521,4.14,314.6,3.34,0.31,1.1,0.1,0,2,1,34.1,1,2,2,train
9222194,4.0,289.1,2.61,0.45,1.08,0.11,0,2,1,31.6,1,2,2,test
9222710,3.86,315.8,2.94,0.25,1.1,0.1,0,2,1,29.9,1,2,2,train
9224602,6.82,69.7,0.34,0.13,1.48,0.08,0,2,0,70.0,1,1,1,train
9225869,7.72,76.2,0.45,0.21,1.2,0.05,0,2,0,77.8,1,1,1,train
9225958,13.53,82.4,1.17,0.11,1.47,0.08,0,2,0,171.0,1,1,1,train
9226906,4.12,318.0,3.11,0.45,0.96,0.08,0,2,1,31.3,1,2,2,train
9228346,4.02,325.8,3.75,0.13,1.3,0.08,0,2,1,35.3,1,2,2,train
9228469,9.24,74.3,0.58,0.15,1.43,0.08,0,2,0,105.0,1,1,1,train
9229601,4.74,324.3,4.77,0.37,1.81,0.14,0,2,1,45.1,1,2,2,train
9244091,8.28,218.9,4.99,0.19,2.19,0.2,0,2,2,103.9,1,2,2,train
9244428,7.66,258.9,6.29,0.45,2.48,0.15,0,2,2,93.5,1,2,2,train
9264889,7.43,69.9,0.4,0.13,1.81,0.18,0,2,0,83.0,1,1,1,train
9267654,10.33,77.9,0.72,0.17,1.39,0.13,0,2,0,118.4,1,1,1,test
9268083,4.59,284.6,3.38,0.31,1.39,0.1,0,2,1,42.4,1,2,2,train
9268703,4.25,319.3,3.13,0.43,0.84,0.08,0,2,1,31.7,1,2,2,test
9269234,9.94,77.8,0.69,0.05,1.28,0.08,0,2,0,113.6,1,1,1,train
9272281,4.06,301.5,2.93,0.45,0.97,0.07,0,2,1,32.6,1,2,2,train
9273251,13.77,84.3,1.21,0.17,1.28,0.09,0,2,0,169.3,1,1,1,train
9274288,4.26,290.3,3.32,0.27,1.41,0.09,0,2,1,40.2,1,2,2,test
9277315,4.11,310.2,3.23,0.23,0.88,0.06,0,2,1,33.5,1,2,2,train
9277385,4.03,264.6,2.29,0.31,1.16,0.06,0,2,1,33.0,1,2,2,test
9279769,4.32,332.6,4.26,0.27,1.47,0.13,0,2,1,38.8,1,2,2,train
9279797,4.06,295.2,2.15,0.21,1.13,0.1,0,2,1,32.8,1,2,2,train
9282363,3.72,315.8,2.89,0.37,1.14,0.08,0,2,1,29.5,1,2,2,train
9283025,4.2,290.1,3.05,0.25,1.47,0.15,0,2,1,36.9,1,2,2,train
9283248,4.15,298.7,2.98,0.31,1.16,0.11,0,2,1,33.8,1,2,2,train
9283664,4.18,318.4,30.56,0.19,1.35,0.1,0,2,1,35.1,1,2,2,test
9283750,4.06,341.3,3.89,0.25,1.29,0.1,0,2,1,33.0,1,2,2,test
9283816,4.63,319.2,4.39,0.29,1.62,0.12,0,2,1,43.3,1,2,2,train
9283918,4.86,262.6,3.57,0.23,2.23,0.22,0,2,2,52.6,1,2,2,test
9285727,14.48,84.7,1.33,0.17,1.31,0.07,0,2,0,184.1,1,1,1,train
9286524,4.2,298.7,3.15,0.33,1.35,0.12,0,2,1,35.2,1,2,2,train
9287916,3.84,262.3,2.16,0.45,1.35,0.08,0,2,1,32.3,1,2,2,test
9288944,3.92,310.8,2.85,0.11,0.79,0.05,0,2,1,30.6,1,2,2,train
9289759,4.45,331.5,5.1,0.17,1.52,0.1,0,2,1,40.0,1,2,2,train
9290336,4.14,298.7,3.15,0.31,1.33,0.1,0,2,1,35.4,1,2,2,train
9290491,3.92,305.1,2.69,0.39,0.82,0.04,0,2,1,29.8,1,2,2,test
9290593,7.95,71.5,0.44,0.13,1.52,0.07,0,2,0,86.6,1,1,1,train
9291624,3.95,275.4,22.74,0.37,1.44,0.1,0,2,1,34.3,1,2,2,train
9291830,4.41,263.4,3.16,0.39,2.73,0.28,0,2,2,47.2,1,2,2,train
9291976,3.84,249.4,1.91,0.39,1.32,0.11,0,2,1,31.1,1,2,2,train
9292208,6.2,67.9,0.28,0.15,1.39,0.07,0,2,0,61.1,1,1,1,test
9292387,5.93,67.6,0.26,0.15,1.39,0.07,0,2,0,56.7,1,1,1,train
9292408,3.47,290.8,2.3,0.19,1.16,0.1,0,2,1,27.7,1,2,2,train
9300159,12.68,83.4,1.14,0.13,1.57,0.06,0,2,0,162.7,1,1,1,train
9305599,13.27,82.8,1.06,0.21,1.16,0.08,0,2,0,153.7,1,1,1,train
9326896,12.45,72.9,0.83,0.15,1.57,0.13,0,2,0,155.7,1,1,1,train
9328682,4.72,311.7,4.59,0.21,2.19,0.18,0,2,2,47.5,1,2,2,test
9329058,4.52,322.3,4.26,0.31,1.38,0.11,0,2,1,41.4,1,2,2,train
9329200,6.84,71.3,0.38,0.17,2.07,0.14,0,2,0,75.3,1,1,1,train
9330758,4.33,288.7,3.1,0.23,1.53,0.17,0,2,1,37.4,1,2,2,test
9335518,9.15,75.5,0.59,0.17,1.43,0.11,0,2,0,103.8,1,1,1,train
9336090,4.04,255.7,2.14,0.49,1.16,0.08,0,2,1,32.8,1,2,2,train
9340114,3.51,298.9,17.61,0.17,1.03,0.08,0,2,1,28.0,1,2,2,train
9340325,9.2,77.0,0.59,0.13,1.29,0.06,0,2,0,100.1,1,1,1,train
9340539,4.91,301.3,4.8,0.27,2.66,0.25,0,2,2,52.5,1,2,2,train
9347020,4.01,302.5,3.02,0.49,1.09,0.11,0,2,1,33.0,1,2,2,test
9347111,5.76,66.7,0.24,0.11,1.26,0.05,0,2,0,54.3,1,1,1,test
9347846,4.01,327.8,3.35,0.37,1.15,0.08,0,2,1,31.5,1,2,2,train
9347989,4.26,304.7,3.4,0.21,1.5,0.15,0,2,1,36.7,1,2,2,train
9349632,7.79,227.9,5.17,0.19,2.58,0.14,0,2,2,99.5,1,2,2,train
9350701,5.63,260.7,4.1,0.23,2.07,0.2,0,2,2,60.4,1,2,2,train
9351186,3.86,252.3,2.14,0.27,1.61,0.08,0,2,1,33.7,1,2,2,test
9352513,4.81,281.4,3.8,0.23,1.71,0.17,0,2,1,49.5,1,2,2,test
9353187,6.74,236.5,4.33,0.23,1.99,0.25,0,2,2,78.0,1,2,2,train
9353531,3.94,306.3,2.8,0.35,1.0,0.08,0,2,1,29.8,1,2,2,train
9357356,3.96,277.0,2.41,0.29,1.13,0.08,0,2,1,31.7,1,2,2,train
9368745,9.13,73.4,0.57,0.09,1.5,-0.0,0,2,0,106.0,1,1,1,train
9388523,12.49,80.2,1.0,0.13,1.59,0.13,0,2,0,155.2,1,1,1,test
9390293,3.74,298.7,2.79,0.21,1.2,0.1,0,2,1,31.8,1,2,2,train
9390666,3.72,254.1,1.84,0.25,1.24,0.12,0,2,1,29.1,1,2,2,train
9391954,7.94,70.7,0.42,0.19,1.37,0.09,0,2,0,84.5,1,1,1,train
9392039,4.08,328.5,3.87,0.25,1.55,0.11,0,2,1,36.4,1,2,2,train
9392650,4.03,290.5,2.74,0.23,1.0,0.08,0,2,1,109.7,1,2,2,train
9392690,6.11,65.9,0.25,0.11,1.27,0.09,0,2,0,57.2,1,1,1,train
9395227,4.53,279.7,3.34,0.17,1.48,0.15,0,2,1,43.8,1,2,2,test
9396363,4.59,261.3,2.94,0.25,1.75,0.17,0,2,1,43.4,1,2,2,test
9396650,4.01,272.3,2.35,0.39,1.14,0.1,0,2,1,31.8,1,2,2,test
9397110,4.33,324.5,3.99,0.25,1.43,0.13,0,2,1,38.5,1,2,2,train
9401720,6.39,68.1,0.3,0.21,1.47,0.11,0,2,0,64.0,1,1,1,train
9401735,3.97,330.5,3.31,0.29,1.03,0.11,0,2,1,30.7,1,2,2,train
9401816,4.19,310.9,3.88,0.21,1.85,0.16,0,2,1,40.0,1,2,2,train
9405221,7.37,72.0,0.38,0.25,1.19,0.06,0,2,0,74.3,1,1,1,train
9405269,4.22,307.2,3.46,0.33,1.48,0.13,0,2,1,37.5,1,2,2,test
9405867,6.14,67.8,0.29,0.17,1.51,0.11,0,2,0,62.5,1,1,1,test
9406415,5.2,262.5,3.92,0.37,2.52,0.23,0,2,2,57.6,1,2,2,train
9406596,4.02,310.6,3.24,0.25,1.13,0.07,0,2,1,34.1,1,2,2,train
9406988,4.2,340.4,4.12,0.19,1.49,0.15,0,2,1,35.5,1,2,2,train
9408590,4.55,333.7,4.97,0.41,2.14,0.12,0,2,2,45.0,1,2,2,test
9409463,3.96,335.4,3.51,0.23,1.15,0.12,0,2,1,31.4,1,2,2,train
9409513,5.97,312.6,7.05,0.33,2.86,0.28,0,2,2,70.9,1,2,2,train
9411927,4.76,251.4,2.89,0.25,1.72,0.13,0,2,1,46.6,1,2,2,test
9412408,4.23,322.0,3.59,0.39,1.23,0.1,0,2,1,35.1,1,2,2,train
9412682,4.1,308.3,3.22,0.35,1.19,0.11,0,2,1,34.4,1,2,2,test
9413424,4.08,259.5,2.3,0.31,1.28,0.08,0,2,1,34.3,1,2,2,train
9413793,4.21,325.2,3.72,0.27,1.18,0.11,0,2,1,35.8,1,2,2,test
9414008,8.09,72.7,0.44,0.17,1.21,0.04,0,2,0,82.3,1,1,1,train
9426610,10.79,75.5,0.74,0.21,1.4,0.05,0,2,0,130.0,1,1,1,train
9427247,8.71,183.4,3.79,0.13,2.2,0.1,0,2,2,112.8,1,2,2,train
9430402,6.08,234.5,3.87,0.29,2.56,0.13,0,2,2,70.1,1,2,2,train
9451999,4.19,332.0,3.77,0.29,1.35,0.15,0,2,1,34.2,1,2,2,train
9452006,3.97,326.0,3.4,0.47,1.07,0.1,0,2,1,32.6,1,2,2,train
9452248,4.14,314.0,3.37,0.35,1.06,0.09,0,2,1,34.3,1,2,2,train
9452424,7.3,70.8,0.36,0.19,1.34,0.11,0,2,0,72.1,1,1,1,train
9452570,4.34,255.4,2.52,0.37,1.41,0.13,0,2,1,38.8,1,2,2,train
9452696,3.75,326.7,3.23,0.45,1.46,0.11,0,2,1,30.5,1,2,2,test
9453407,3.95,283.4,2.28,0.29,0.76,0.07,0,2,1,29.0,1,2,2,train
9455071,3.97,296.0,2.79,0.41,1.34,0.12,0,2,1,32.0,1,2,2,test
9456153,4.11,281.8,2.66,0.33,1.33,0.14,0,2,1,33.6,1,2,2,train
9456242,11.32,77.9,0.83,0.11,1.49,0.11,0,2,0,136.4,1,1,1,train
9456506,6.95,67.2,0.3,0.13,1.18,0.06,0,2,0,67.1,1,1,1,train
9456598,4.45,290.6,3.38,0.27,1.48,0.15,0,2,1,40.6,1,2,2,train
9457533,13.24,80.9,1.1,0.19,1.48,0.1,0,2,0,167.4,1,1,1,train
9466054,3.89,324.5,3.23,0.21,1.04,0.09,0,2,1,30.7,1,2,2,test
9467115,4.05,292.8,2.92,0.23,1.39,0.09,0,2,1,34.2,1,2,2,train
9467187,4.08,293.5,2.8,0.35,1.16,0.14,0,2,1,32.8,1,2,2,train
9467361,3.67,312.3,2.73,0.37,1.21,0.11,0,2,1,28.4,1,2,2,train
9469212,4.37,232.2,2.28,0.37,2.16,0.22,0,2,2,42.9,1,2,2,train
9470210,3.98,265.6,2.25,0.31,1.06,0.09,0,2,1,31.8,1,2,2,train
9470830,4.28,287.3,3.05,0.19,1.29,0.11,0,2,1,37.7,1,2,2,train
9471284,4.34,274.3,3.04,0.29,2.0,0.2,0,2,2,40.7,1,2,2,train
9471396,5.02,309.5,5.27,0.29,2.73,0.24,0,2,2,55.2,1,2,2,test
9472076,10.16,75.3,0.71,0.15,1.67,0.11,0,2,0,124.7,1,1,1,test
9472481,5.51,270.4,4.4,0.35,2.5,0.21,0,2,2,60.5,1,2,2,train
9473921,3.97,287.5,2.6,0.35,1.16,0.1,0,2,1,31.7,1,2,2,train
9475697,9.86,75.6,0.66,0.17,1.59,0.12,0,2,0,115.0,1,1,1,test
9475932,6.02,273.9,5.34,0.31,2.5,0.27,0,2,2,71.9,1,2,2,train
9488333,7.52,249.5,5.73,0.23,2.06,0.11,0,2,2,91.2,1,2,2,test
9488603,7.27,255.9,5.94,0.35,2.19,0.09,0,2,2,89.4,1,2,2,train
9490782,4.24,291.0,3.05,0.19,1.4,0.11,0,2,1,36.6,1,2,2,train
9491316,5.16,276.5,3.95,0.33,1.66,0.19,0,2,1,52.3,1,2,2,train
9512426,5.31,61.5,0.18,0.13,1.31,0.12,0,2,0,49.0,1,1,1,train
9512485,4.07,301.5,2.79,0.35,0.9,0.07,0,2,1,31.0,1,2,2,train
9513787,3.95,321.5,3.12,0.47,1.08,0.07,0,2,1,30.5,1,2,2,train
9513889,9.34,75.2,0.58,0.15,1.38,0.1,0,2,0,102.6,1,1,1,train
9517698,4.56,274.0,3.19,0.19,1.53,0.15,0,2,1,43.0,1,2,2,train
9518506,4.99,305.4,4.67,0.37,1.99,0.23,0,2,2,50.1,1,2,2,train
9518802,7.33,216.3,4.26,0.19,2.9,0.29,0,2,2,92.4,1,2,2,train
9519190,4.11,315.1,3.21,0.45,1.18,0.14,0,2,1,32.1,1,2,2,test
9520216,11.87,80.7,0.91,0.11,1.28,0.06,0,2,0,138.3,1,1,1,train
9520593,4.09,299.3,22.95,0.49,1.15,0.11,0,2,1,33.0,1,2,2,train
9521171,7.88,71.2,0.42,0.17,1.41,0.12,0,2,0,83.4,1,1,1,train
9521461,5.39,253.7,3.67,0.29,2.14,0.22,0,2,2,57.2,1,2,2,test
9531084,9.2,76.8,0.59,0.21,1.21,0.07,0,2,0,100.3,1,1,1,train
9531103,14.76,85.2,1.38,0.11,1.4,0.09,0,2,0,188.4,1,1,1,train
9532518,4.0,288.8,2.56,0.29,0.84,0.07,0,2,1,31.4,1,2,2,train
9533834,4.3,320.9,3.9,0.33,1.54,0.15,0,2,1,38.4,1,2,2,train
9534964,10.77,76.6,0.75,0.13,1.45,0.09,0,2,0,127.1,1,1,1,train
9535481,4.03,282.0,2.74,0.13,1.44,0.13,0,2,1,34.6,1,2,2,test
9536143,4.45,324.9,4.17,0.39,1.58,0.2,0,2,1,39.9,1,2,2,train
9541946,8.93,73.8,0.54,0.11,1.4,0.1,0,2,0,98.9,1,1,1,train
9542075,3.94,274.6,2.1,0.17,0.77,0.08,0,2,1,28.9,1,2,2,test
9542779,4.37,291.9,3.16,0.39,1.35,0.14,0,2,1,37.9,1,2,2,train
9574609,3.98,273.6,2.32,0.49,1.15,0.08,0,2,1,31.3,1,2,2,train
9574730,4.83,262.3,3.23,0.25,1.67,0.18,0,2,1,48.0,1,2,2,train
9575645,4.76,309.0,4.31,0.27,1.73,0.16,0,2,1,45.7,1,2,2,test
9579328,3.79,310.6,3.17,0.23,1.44,0.05,0,2,1,33.6,1,2,2,train
9580165,4.11,329.4,3.57,0.39,1.34,0.14,0,2,1,32.8,1,2,2,train
9582005,3.55,236.7,1.67,0.19,1.24,0.11,0,2,1,30.1,1,2,2,train
9583430,7.77,169.1,2.87,0.15,2.82,0.27,0,2,2,100.5,1,2,2,train
9591097,4.08,329.0,3.66,0.19,1.12,0.1,0,2,1,34.2,1,2,2,train
9593412,4.29,326.5,4.01,0.29,1.4,0.15,0,2,1,38.4,1,2,2,train
9593478,14.67,82.8,1.34,0.09,1.53,0.09,0,2,0,194.2,1,1,1,train
9595311,4.15,320.0,3.51,0.33,1.25,0.07,0,2,1,34.2,1,2,2,train
9595767,4.01,254.4,2.15,0.19,1.32,0.09,0,2,1,33.1,1,2,2,train
9595840,4.38,304.3,2.75,0.41,0.57,0.04,0,2,1,30.2,1,2,2,test
9595924,6.89,65.9,0.33,0.09,1.73,0.11,0,2,0,77.2,1,1,1,test
9596479,12.9,82.3,1.06,0.13,1.32,0.08,0,2,0,155.1,1,1,1,train
9596519,4.45,271.3,3.1,0.19,1.51,0.12,0,2,1,42.3,1,2,2,train
9596639,3.67,300.9,2.7,0.25,1.22,0.1,0,2,1,30.0,1,2,2,train
9596867,5.52,275.8,4.59,0.31,2.25,0.16,0,2,2,60.7,1,2,2,test
9597214,4.59,317.7,4.3,0.29,1.81,0.13,0,2,1,43.1,1,2,2,train
9602686,9.52,77.0,0.77,0.19,1.33,0.05,0,2,0,105.8,1,1,1,train
9602917,4.01,289.8,2.58,0.27,1.09,0.06,0,2,1,31.1,1,2,2,train
9604524,4.69,308.4,4.32,0.19,1.74,0.1,0,2,1,46.3,1,2,2,test
9604646,4.29,288.6,3.16,0.31,1.61,0.1,0,2,1,38.0,1,2,2,train
9606889,4.18,297.0,3.22,0.27,1.45,0.12,0,2,1,36.4,1,2,2,train
9611634,3.37,235.2,1.54,0.25,1.55,0.07,0,2,1,28.2,1,2,2,train
9631875,13.39,82.7,1.15,0.11,1.34,0.07,0,2,0,167.3,1,1,1,train
9634962,3.98,287.0,2.83,0.43,1.45,0.1,0,2,1,35.0,1,2,2,train
9635649,15.21,83.9,1.44,0.13,1.61,0.15,0,2,0,204.7,1,1,1,train
9641246,4.22,305.0,3.32,0.25,1.43,0.12,0,2,1,36.2,1,2,2,train
9641447,3.69,245.6,1.64,0.47,1.01,0.07,0,2,1,28.1,1,2,2,train
9641484,4.09,237.1,2.0,0.19,1.58,0.14,0,2,1,36.2,1,2,2,train
9641694,12.41,82.4,1.01,0.15,1.33,0.1,0,2,0,147.9,1,1,1,train
9641772,4.11,273.1,2.57,0.47,1.03,0.09,0,2,1,35.0,1,2,2,test
9642202,4.14,325.0,3.44,0.29,0.98,0.06,0,2,1,33.0,1,2,2,train
9644902,8.43,73.3,0.49,0.15,1.39,0.1,0,2,0,91.3,1,1,1,train
9645099,3.99,274.5,2.24,0.39,1.04,0.07,0,2,1,30.4,1,2,2,train
9649940,3.93,279.9,2.48,0.47,1.09,0.09,0,2,1,31.9,1,2,2,test
9650424,9.29,75.9,0.59,0.25,1.3,0.06,0,2,0,102.4,1,1,1,train
9650881,4.07,242.4,2.12,0.31,1.8,0.15,0,2,1,36.3,1,2,2,train
9652660,4.09,328.6,3.23,0.47,0.88,0.09,0,2,1,30.1,1,2,2,train
9652704,14.49,84.6,1.34,0.15,1.43,0.1,0,2,0,187.2,1,1,1,test
9655361,4.62,333.5,4.72,0.29,1.42,0.1,0,2,1,42.7,1,2,2,test
9655539,3.99,314.8,3.33,0.15,1.49,0.11,0,2,1,34.1,1,2,2,train
9656523,4.02,318.4,3.33,0.23,1.05,0.08,0,2,1,33.5,1,2,2,train
9656652,4.47,254.6,2.74,0.25,1.79,0.15,0,2,1,42.2,1,2,2,train
9657171,4.02,320.7,3.24,0.37,0.98,0.09,0,2,1,32.1,1,2,2,train
9658958,4.15,287.4,2.82,0.33,1.26,0.09,0,2,1,34.7,1,2,2,test
9662343,4.65,277.1,3.37,0.35,1.76,0.16,0,2,1,44.0,1,2,2,train
9662344,7.96,73.1,0.46,0.21,1.49,0.09,0,2,0,86.4,1,1,1,train
9662723,7.38,83.7,6.54,0.23,1.86,0.2,0,2,0,83.2,1,1,1,test
9662768,4.58,273.5,3.28,0.27,1.34,0.14,0,2,1,43.5,1,2,2,train
9663247,15.28,84.6,1.43,0.25,1.34,0.07,0,2,0,200.8,1,1,1,train
9663257,10.41,76.6,0.72,0.17,1.46,0.08,0,2,0,122.3,1,1,1,test
9664986,4.0,360.3,3.92,0.41,0.86,0.03,0,2,1,30.6,1,2,2,train
9665890,12.56,81.7,0.96,0.15,1.1,0.06,0,2,0,143.0,1,1,1,train
9667930,6.19,250.4,4.27,0.25,2.1,0.14,0,2,2,68.6,1,2,2,train
9668064,5.53,284.5,4.7,0.33,1.64,0.07,0,2,1,58.3,1,2,2,train
9692431,7.32,66.2,0.36,0.13,1.69,0.12,0,2,0,82.9,1,1,1,train
9697074,3.91,292.6,2.8,0.21,1.37,0.1,0,2,1,33.1,1,2,2,train
9698133,9.32,72.0,0.57,0.09,1.72,0.1,0,2,0,110.9,1,1,1,train
9699882,12.62,80.9,1.01,0.13,1.44,0.11,0,2,0,153.4,1,1,1,train
9700053,16.81,87.7,1.71,0.23,1.24,0.04,0,2,0,223.9,1,1,1,train
9700142,8.88,75.9,0.56,0.11,1.46,0.13,0,2,0,97.0,1,1,1,train
9700899,3.95,317.0,3.28,0.41,1.27,0.11,0,2,1,33.5,1,2,2,train
9702841,4.26,247.5,2.29,0.31,1.46,0.15,0,2,1,38.1,1,2,2,test
9702885,5.31,61.3,0.18,0.13,1.32,0.14,0,2,0,48.1,1,1,1,train
9704246,3.97,271.3,2.09,0.49,1.13,0.09,0,2,1,28.7,1,2,2,train
9704774,4.07,292.4,2.93,0.35,1.45,0.13,0,2,1,34.8,1,2,2,test
9705759,4.28,319.3,3.69,0.37,1.4,0.15,0,2,1,36.4,1,2,2,train
9706871,10.17,77.7,0.67,0.15,1.18,0.07,0,2,0,112.0,1,1,1,train
9707138,15.4,84.3,1.45,0.13,1.42,0.11,0,2,0,204.9,1,1,1,train
9710979,4.01,270.8,2.21,0.35,1.01,0.11,0,2,1,30.6,1,2,2,test
9711492,5.07,323.9,5.29,0.29,1.9,0.2,0,2,2,50.7,1,2,2,train
9711510,5.08,315.1,5.13,0.33,1.69,0.18,0,2,1,52.3,1,2,2,train
9712824,12.01,80.8,0.95,0.11,1.25,0.07,0,2,0,145.0,1,1,1,test
9712888,4.0,319.5,3.27,0.21,1.09,0.08,0,2,1,32.8,1,2,2,train
9713043,9.28,75.1,0.59,0.19,1.42,0.1,0,2,0,104.8,1,1,1,train
9713083,4.48,303.6,3.77,0.39,1.26,0.12,0,2,1,41.3,1,2,2,train
9713617,12.52,81.8,1.03,0.15,1.29,0.06,0,2,0,154.0,1,1,1,train
9714063,4.54,315.4,4.22,0.31,1.86,0.19,0,2,1,42.6,1,2,2,train
9716081,3.67,318.1,2.78,0.49,1.11,0.12,0,2,1,28.0,1,2,2,train
9716430,4.54,288.7,34.91,0.29,1.74,0.11,0,2,1,42.1,1,2,2,train
9716522,4.84,199.6,2.14,0.27,2.63,0.12,0,2,2,54.4,1,2,2,test
9716525,6.37,68.5,0.3,0.29,1.67,0.11,0,2,0,64.2,1,1,1,train
9716994,4.08,324.7,3.3,0.17,1.01,0.1,0,2,1,31.8,1,2,2,train
9718024,4.12,336.2,3.83,0.43,1.22,0.13,0,2,1,34.4,1,2,2,test
9718692,3.77,328.8,3.29,0.43,1.42,0.1,0,2,1,30.9,1,2,2,train
9718764,3.98,317.1,17.89,0.39,0.68,0.05,0,2,1,29.0,1,2,2,train
9719198,4.09,312.9,2.41,0.35,1.16,0.1,0,2,1,33.0,1,2,2,train
9719858,4.47,287.1,4.09,0.39,3.06,0.47,0,2,2,48.1,1,2,2,train
9724882,4.27,283.2,2.9,0.27,1.39,0.15,0,2,1,36.8,1,2,2,train
9726388,3.92,323.0,3.19,0.17,1.42,0.12,0,2,1,31.0,1,2,2,train
9726669,7.88,71.6,0.43,0.21,1.37,0.1,0,2,0,84.3,1,1,1,test
9726823,4.5,272.7,3.09,0.35,1.37,0.12,0,2,1,41.3,1,2,2,train
9726854,3.81,321.0,3.17,0.45,1.28,0.1,0,2,1,31.0,1,2,2,train
9726997,8.96,73.4,0.55,0.15,1.5,0.11,0,2,0,102.2,1,1,1,train
9727392,4.41,333.8,4.37,0.23,1.36,0.13,0,2,1,39.5,1,2,2,train
9728634,4.43,284.7,3.24,0.31,1.47,0.14,0,2,1,39.8,1,2,2,train
9753178,4.08,331.9,3.22,0.49,0.76,0.07,0,2,1,30.1,1,2,2,train
9754133,11.58,80.3,0.89,0.13,1.3,0.07,0,2,0,137.6,1,1,1,test
9758193,7.31,70.7,0.37,0.15,1.32,0.08,0,2,0,73.4,1,1,1,train
9760514,14.77,83.9,1.34,0.15,1.37,0.1,0,2,0,189.4,1,1,1,train
9761521,3.88,310.5,22.93,0.15,1.13,0.08,0,2,1,31.5,1,2,2,test
9762943,4.27,295.4,3.13,0.21,1.01,0.07,0,2,1,36.5,1,2,2,train
9763419,4.05,291.2,1.89,0.25,1.34,0.12,0,2,1,33.0,1,2,2,train
9763796,12.38,81.2,0.96,0.15,1.31,0.07,0,2,0,144.3,1,1,1,train
9764684,3.84,317.0,3.0,0.33,1.02,0.11,0,2,1,30.1,1,2,2,train
9766639,4.03,316.4,3.47,0.27,1.55,0.11,0,2,1,34.9,1,2,2,train
9767332,8.57,153.6,2.62,0.17,2.38,0.13,0,2,2,110.9,1,2,2,train
9767815,8.1,72.3,0.42,0.21,1.14,0.05,0,2,0,81.1,1,1,1,train
9772056,3.96,270.1,2.35,0.25,1.21,0.08,0,2,1,32.2,1,2,2,test
9772366,6.84,71.3,0.38,0.13,1.62,0.08,0,2,0,75.9,1,1,1,train
9773266,4.18,326.5,3.61,0.29,1.48,0.13,0,2,1,34.1,1,2,2,train
9773909,4.29,257.4,2.53,0.17,1.41,0.11,0,2,1,38.2,1,2,2,train
9777088,4.1,291.7,2.84,0.29,1.08,0.09,0,2,1,33.7,1,2,2,train
9777479,15.17,86.2,1.44,0.17,1.33,0.12,0,2,0,193.9,1,1,1,train
9777536,4.7,319.7,4.61,0.29,1.75,0.19,0,2,1,45.8,1,2,2,test
9777885,3.98,315.8,3.49,0.27,1.53,0.12,0,2,1,35.2,1,2,2,train
9777902,4.03,294.5,2.62,0.35,0.83,0.08,0,2,1,30.5,1,2,2,train
9778288,5.15,272.5,4.33,0.43,2.4,0.1,0,2,2,58.6,1,2,2,test
9778887,7.82,72.6,0.43,0.15,1.33,0.06,0,2,0,81.3,1,1,1,train
9782746,8.03,224.4,5.02,0.31,2.2,0.14,0,2,2,100.4,1,2,2,test
9783247,4.11,303.1,3.36,0.29,1.42,0.09,0,2,1,36.6,1,2,2,train
9784059,6.37,204.3,3.02,0.25,2.03,0.14,0,2,2,72.2,1,2,2,train
9784946,5.76,62.1,0.22,0.15,1.5,0.08,0,2,0,57.3,1,1,1,train
9787129,4.53,316.2,4.26,0.29,1.5,0.16,0,2,1,42.8,1,2,2,test
9787442,4.05,253.1,2.15,0.31,1.11,0.09,0,2,1,34.0,1,2,2,train
9787723,4.2,257.0,2.5,0.31,1.49,0.1,0,2,1,38.3,1,2,2,train
9788366,4.51,295.5,3.65,0.27,1.51,0.09,0,2,1,41.9,1,2,2,train
9788834,3.8,240.0,1.76,0.17,1.07,0.04,0,2,1,31.0,1,2,2,test
9788881,4.15,258.0,2.34,0.21,1.45,0.11,0,2,1,35.0,1,2,2,train
9789403,4.2,314.2,3.34,0.37,1.09,0.08,0,2,1,33.8,1,2,2,train
9790050,5.31,241.2,3.22,0.21,1.82,0.08,0,2,1,55.9,1,2,2,train
9790384,4.1,321.5,3.46,0.29,1.33,-0.0,0,2,1,33.3,1,2,2,test
9811950,10.46,77.6,0.74,0.17,1.42,0.08,0,2,0,124.1,1,1,1,train
9812648,8.56,74.9,0.52,0.13,1.25,0.07,0,2,0,94.1,1,1,1,train
9813798,4.57,215.8,2.16,0.29,2.16,0.1,0,2,2,47.2,1,2,2,train
9818288,8.51,76.9,0.55,0.17,1.32,0.09,0,2,0,93.2,1,1,1,train
9818513,3.81,318.9,3.18,0.11,1.1,0.08,0,2,1,32.1,1,2,2,test
9821783,4.11,333.1,3.85,0.39,1.29,0.13,0,2,1,35.2,1,2,2,train
9824874,7.45,71.2,0.39,0.33,1.4,0.1,0,2,0,77.0,1,1,1,train
9825039,8.38,211.9,4.63,0.27,2.5,0.3,0,2,2,102.4,1,2,2,test
9825272,6.68,68.4,0.32,0.17,1.42,0.06,0,2,0,67.8,1,1,1,train
9832239,4.19,302.2,3.47,0.29,1.89,0.17,0,2,1,38.4,1,2,2,train
9833008,3.85,276.9,2.15,0.19,0.75,0.06,0,2,1,28.6,1,2,2,train
9833831,3.96,331.2,3.38,0.39,1.1,0.06,0,2,1,31.4,1,2,2,train
9834183,4.23,327.0,3.82,0.35,1.41,0.15,0,2,1,36.2,1,2,2,train
9834288,4.07,275.2,2.6,0.49,1.42,0.14,0,2,1,34.4,1,2,2,test
9834365,4.45,313.5,3.89,0.29,1.61,0.14,0,2,1,39.9,1,2,2,train
9834577,3.85,306.9,2.86,0.47,1.0,0.07,0,2,1,31.0,1,2,2,train
9835269,4.13,310.9,3.31,0.35,1.28,0.11,0,2,1,34.9,1,2,2,train
9835790,5.76,221.4,3.02,0.23,2.03,0.14,0,2,2,61.8,1,2,2,test
9836566,6.64,69.9,0.33,0.15,1.39,0.05,0,2,0,66.9,1,1,1,test
9837010,4.04,288.0,2.75,0.21,1.1,0.05,0,2,1,33.5,1,2,2,train
9838510,2.95,269.5,1.69,0.21,1.19,0.09,0,2,1,24.3,1,2,2,test
9839246,4.61,308.7,4.18,0.25,1.81,0.2,0,2,1,43.6,1,2,2,train
9839273,3.66,317.7,2.8,0.31,1.13,0.11,0,2,1,27.9,1,2,2,train
9839918,4.7,287.1,3.8,0.23,1.87,0.18,0,2,1,46.6,1,2,2,train
9840492,4.32,302.3,3.35,0.05,1.2,0.06,0,2,1,37.5,1,2,2,train
9843358,3.98,326.4,3.3,0.31,1.05,0.05,0,2,1,31.4,1,2,2,train
9843513,5.02,311.0,4.94,0.21,2.19,0.18,0,2,2,51.5,1,2,2,test
9843754,3.76,318.0,2.98,0.49,1.0,0.07,0,2,1,30.2,1,2,2,test
9844539,15.37,86.9,1.51,0.17,1.32,0.11,0,2,0,199.7,1,1,1,train
9844773,3.96,318.0,3.48,0.37,1.72,0.15,0,2,1,34.8,1,2,2,train
9844865,4.98,276.1,4.05,0.29,2.33,0.21,0,2,2,53.4,1,2,2,train
9845354,3.83,270.6,2.27,0.15,1.23,0.1,0,2,1,31.3,1,2,2,test
9845795,4.64,312.1,4.23,0.31,1.67,0.15,0,2,1,43.7,1,2,2,test
9846355,3.86,258.9,2.11,0.33,1.11,0.08,0,2,1,32.0,1,2,2,train
9846810,4.19,322.5,4.04,0.23,1.62,0.15,0,2,1,39.1,1,2,2,train
9846877,4.28,297.0,3.23,0.33,1.43,0.14,0,2,1,37.0,1,2,2,test
9846977,4.07,296.9,2.9,0.41,1.06,0.07,0,2,1,33.3,1,2,2,test
9848308,4.31,329.2,4.18,0.21,1.44,0.1,0,2,1,38.8,1,2,2,train
9851743,4.68,304.1,4.02,0.41,1.33,0.07,0,2,1,44.3,1,2,2,train
9873127,15.72,86.9,1.53,0.17,1.33,0.06,0,2,0,203.3,1,1,1,train
9875364,4.16,315.7,3.52,0.25,1.41,0.14,0,2,1,35.3,1,2,2,train
9881167,3.88,312.5,3.17,0.31,1.56,0.14,0,2,1,32.7,1,2,2,train
9881708,11.58,79.4,0.89,0.13,1.5,0.13,0,2,0,139.5,1,1,1,train
9882316,13.64,80.6,1.17,0.17,1.71,0.15,0,2,0,180.8,1,1,1,test
9882550,4.23,248.6,2.28,0.39,1.5,0.12,0,2,1,37.1,1,2,2,train
9882766,13.03,80.0,1.05,0.15,1.49,0.11,0,2,0,164.1,1,1,1,train
9884319,4.04,315.4,3.39,0.29,1.15,0.07,0,2,1,34.8,1,2,2,train
9884818,4.2,285.3,2.84,0.39,1.13,0.06,0,2,1,35.6,1,2,2,test
9885121,7.41,71.6,0.39,0.17,1.36,0.08,0,2,0,75.3,1,1,1,train
9886542,4.03,250.4,2.1,0.17,1.03,0.08,0,2,1,33.9,1,2,2,train
9887199,4.2,242.9,2.13,0.15,1.43,0.12,0,2,1,36.4,1,2,2,train
9887555,3.87,282.9,2.2,0.43,0.83,0.07,0,2,1,28.4,1,2,2,train
9887670,8.03,72.7,0.45,0.15,1.4,0.07,0,2,0,84.2,1,1,1,train
9893850,11.73,79.8,0.84,0.17,1.17,0.07,0,2,0,131.6,1,1,1,train
9893889,3.81,304.4,2.81,0.17,1.19,0.1,0,2,1,30.9,1,2,2,train
9894199,7.2,70.9,0.37,0.25,1.44,0.1,0,2,0,74.4,1,1,1,test
9896470,4.01,267.4,2.34,0.13,1.23,0.08,0,2,1,32.9,1,2,2,train
9897206,7.13,67.1,0.32,0.25,1.28,0.06,0,2,0,71.0,1,1,1,train
9897634,6.01,278.1,5.3,0.25,2.35,0.22,0,2,2,68.6,1,2,2,test
9898657,3.95,320.2,24.49,0.47,1.07,0.08,0,2,1,30.9,1,2,2,train
9899323,4.21,296.6,3.13,0.43,1.25,0.1,0,2,1,36.2,1,2,2,train
9899410,4.11,322.7,3.35,0.35,1.17,0.12,0,2,1,33.0,1,2,2,test
9903915,6.03,217.2,3.19,0.21,1.99,0.14,0,2,2,67.5,1,2,2,train
9904563,4.26,283.6,3.11,0.23,1.81,0.18,0,2,1,38.9,1,2,2,train
9905059,3.99,297.9,2.89,0.33,1.38,0.1,0,2,1,31.8,1,2,2,train
9906240,7.99,71.9,0.46,0.17,1.49,0.1,0,2,0,88.3,1,1,1,train
9906278,4.64,241.2,2.61,0.23,1.99,0.21,0,2,2,45.1,1,2,2,train
9906673,3.95,272.3,16.19,0.25,0.99,0.06,0,2,1,34.0,1,2,2,train
9906841,4.33,331.4,4.17,0.43,1.48,0.15,0,2,1,38.4,1,2,2,test
9907009,4.01,328.0,3.09,0.31,0.94,0.03,0,2,1,30.7,1,2,2,test
9907164,4.68,266.8,3.34,0.31,2.4,0.12,0,2,2,46.4,1,2,2,train
9907856,3.87,328.2,3.37,0.45,1.26,0.14,0,2,1,31.7,1,2,2,train
9909804,4.29,328.2,3.92,0.45,1.36,0.08,0,2,1,36.6,1,2,2,train
9932463,14.88,85.8,1.42,0.07,1.32,0.08,0,2,0,193.5,1,1,1,train
9933754,4.03,300.5,3.01,0.25,1.26,0.09,0,2,1,34.0,1,2,2,train
9934955,12.12,80.7,0.91,0.13,1.21,0.04,0,2,0,137.1,1,1,1,test
9935720,8.36,68.5,0.43,0.09,1.38,0.08,0,2,0,90.7,1,1,1,train
9936310,13.06,81.8,1.06,0.19,1.31,0.08,0,2,0,156.7,1,1,1,train
9936702,4.04,300.8,2.9,0.47,1.06,0.07,0,2,1,32.4,1,2,2,train
9941141,8.01,73.2,0.47,0.15,1.51,0.1,0,2,0,89.3,1,1,1,train
9942071,4.11,337.2,3.92,0.33,1.53,0.12,0,2,1,34.9,1,2,2,test
9942816,4.49,336.2,4.52,0.45,1.52,0.14,0,2,1,40.3,1,2,2,test
9945290,4.32,295.7,3.28,0.27,1.31,0.11,0,2,1,37.9,1,2,2,train
9946213,9.87,76.7,0.66,0.13,1.34,0.06,0,2,0,111.1,1,1,1,test
9947511,3.74,348.9,3.64,0.21,1.19,0.1,0,2,1,30.9,1,2,2,train
9955228,4.08,321.5,3.27,0.23,1.0,0.08,0,2,1,32.4,1,2,2,train
9957219,4.24,322.2,3.66,0.25,1.44,0.09,0,2,1,35.7,1,2,2,train
9957288,4.7,264.4,3.19,0.25,1.41,0.07,0,2,1,45.6,1,2,2,test
9962849,5.73,311.0,6.46,0.19,2.41,0.21,0,2,2,67.6,1,2,2,train
9962917,6.67,68.6,0.32,0.13,1.52,0.14,0,2,0,68.2,1,1,1,test
9962982,7.15,71.1,0.37,0.13,1.47,0.11,0,2,0,74.1,1,1,1,test
9964436,15.2,86.3,1.45,0.15,1.35,0.11,0,2,0,195.2,1,1,1,test
9964891,5.01,294.3,4.44,0.33,1.89,0.26,0,2,1,51.5,1,2,2,train
9966868,4.47,301.9,3.62,0.27,1.42,0.14,0,2,1,40.1,1,2,2,train
9967076,3.9,316.9,1.29,0.25,1.13,0.1,0,2,1,31.5,1,2,2,train
9967646,4.24,250.0,2.29,0.33,1.49,0.15,0,2,1,36.6,1,2,2,train
9969088,13.27,81.6,1.13,0.15,1.52,0.06,0,2,0,167.2,1,1,1,train
9969574,9.29,74.7,0.62,0.17,1.53,0.1,0,2,0,111.8,1,1,1,train
9969732,5.07,253.2,3.19,0.21,1.7,0.14,0,2,1,50.6,1,2,2,train
9970830,4.97,329.2,5.51,0.27,1.85,0.14,0,2,1,51.3,1,2,2,test
9994630,3.82,243.1,1.8,0.31,1.14,0.05,0,2,1,31.1,1,2,2,train
9994798,4.4,297.3,3.47,0.35,1.66,0.14,0,2,1,39.4,1,2,2,train
9995464,3.81,356.8,3.7,0.43,1.22,0.11,0,2,1,29.6,1,2,2,train
9995535,4.2,309.6,3.26,0.45,1.16,0.09,0,2,1,34.3,1,2,2,test
10000547,13.25,82.6,1.1,0.15,1.35,0.08,0,2,0,160.4,1,1,1,train
10001796,4.07,336.6,3.7,0.45,1.4,0.13,0,2,1,32.7,1,2,2,train
10002493,4.19,290.7,2.95,0.33,1.37,0.15,0,2,1,34.9,1,2,2,train
10003419,4.09,242.2,2.07,0.17,1.35,0.13,0,2,1,36.0,1,2,2,train
10005429,4.3,244.1,2.41,0.27,1.98,0.18,0,2,2,40.4,1,2,2,train
10006097,11.96,80.6,0.92,0.13,1.27,0.06,0,2,0,140.6,1,1,1,test
10006158,3.97,266.4,2.19,0.23,0.96,0.06,0,2,1,31.6,1,2,2,train
10006797,4.31,299.3,3.34,0.39,1.15,0.1,0,2,1,37.8,1,2,2,test
10006852,6.74,297.3,6.87,0.27,2.48,0.27,0,2,2,77.7,1,2,2,train
10007150,3.97,316.0,3.4,0.43,1.41,0.13,0,2,1,34.7,1,2,2,train
10010483,4.25,294.3,3.17,0.23,1.28,0.07,0,2,1,36.7,1,2,2,train
10011212,4.21,247.0,2.35,0.43,2.02,0.2,0,2,2,38.0,1,2,2,train
10014914,4.61,316.1,38.51,0.29,1.52,0.14,0,2,1,43.8,1,2,2,train
10015663,4.46,305.8,3.73,0.37,1.4,0.11,0,2,1,40.1,1,2,2,train
10015821,4.24,306.0,3.47,0.13,1.4,0.12,0,2,1,36.9,1,2,2,train
10018239,3.89,292.3,2.69,0.21,1.26,0.09,0,2,1,31.8,1,2,2,test
10018967,5.44,250.5,3.66,0.27,2.28,0.23,0,2,2,58.5,1,2,2,train
10018973,3.92,310.1,22.37,0.27,0.98,0.06,0,2,1,32.2,1,2,2,test
10019136,4.56,339.0,4.91,0.27,1.64,0.19,0,2,1,43.2,1,2,2,train
10019661,11.5,80.7,0.9,0.13,1.32,0.07,0,2,0,137.4,1,1,1,train
10019961,4.01,277.7,2.45,0.37,1.18,0.09,0,2,1,32.1,1,2,2,train
10023520,4.17,327.6,3.74,0.39,1.42,0.1,0,2,1,35.3,1,2,2,train
10024786,3.85,300.1,2.88,0.37,1.45,0.11,0,2,1,32.3,1,2,2,train
10026767,3.81,270.5,2.15,0.29,0.88,0.03,0,2,1,30.3,1,2,2,test
10027190,4.04,335.3,3.47,0.47,1.03,0.08,0,2,1,31.2,1,2,2,train
10029763,4.2,289.0,2.93,0.33,1.24,0.13,0,2,1,35.1,1,2,2,train
10030451,7.22,71.4,0.38,0.13,1.33,0.07,0,2,0,73.8,1,1,1,train
10030919,15.26,87.0,1.46,0.17,1.22,0.05,0,2,0,191.1,1,1,1,test
10031345,9.94,75.2,0.67,0.23,1.68,0.09,0,2,0,119.0,1,1,1,train
10033081,4.59,318.5,4.58,0.27,1.79,0.08,0,2,1,45.8,1,2,2,train
10034623,3.93,300.1,2.66,0.27,0.78,0.03,0,2,1,29.9,1,2,2,test
10054362,4.12,312.0,2.82,0.43,0.81,0.06,0,2,1,30.7,1,2,2,train
10055700,4.15,314.6,3.54,0.35,1.41,0.13,0,2,1,36.3,1,2,2,train
10056474,4.92,318.3,5.05,0.19,2.04,0.21,0,2,2,50.1,1,2,2,train
10057435,3.94,278.2,2.33,0.25,1.08,0.09,0,2,1,30.9,1,2,2,train
10065848,3.98,321.1,3.03,0.39,1.07,0.09,0,2,1,29.9,1,2,2,train
10068556,13.95,81.4,1.2,0.15,1.59,0.11,0,2,0,181.8,1,1,1,test
10069788,11.22,78.9,0.82,0.13,1.34,0.08,0,2,0,132.1,1,1,1,train
10070717,4.07,314.4,3.21,0.35,1.12,0.09,0,2,1,32.9,1,2,2,train
10071151,3.82,274.4,2.41,0.31,1.24,0.08,0,2,1,32.3,1,2,2,train
10071249,3.94,264.7,2.22,0.43,1.46,0.11,0,2,1,31.8,1,2,2,train
10073828,3.73,267.2,2.14,0.25,1.07,0.1,0,2,1,30.3,1,2,2,train
10073905,3.98,278.8,2.72,0.25,1.66,0.1,0,2,1,35.3,1,2,2,test
10075553,4.08,293.7,2.88,0.39,1.29,0.12,0,2,1,34.0,1,2,2,test
10079263,3.95,324.9,3.42,0.27,1.24,0.11,0,2,1,32.4,1,2,2,train
10079987,3.73,233.9,1.63,0.29,1.06,0.09,0,2,1,30.0,1,2,2,train
10080974,4.57,303.7,3.8,0.31,1.57,0.13,0,2,1,41.5,1,2,2,test
10081951,4.1,333.0,3.68,0.21,1.14,0.1,0,2,1,33.5,1,2,2,train
10082581,3.66,334.5,22.73,0.45,1.03,0.08,0,2,1,28.6,1,2,2,test
10082602,3.75,233.6,1.69,0.29,1.16,0.11,0,2,1,31.5,1,2,2,train
10082680,4.87,257.0,3.16,0.19,1.88,0.25,0,2,1,48.5,1,2,2,train
10082909,3.64,283.7,2.15,0.27,1.04,0.13,0,2,1,27.1,1,2,2,train
10083224,4.07,241.6,2.09,0.29,1.19,0.07,0,2,1,36.2,1,2,2,train
10083313,4.0,303.4,2.99,0.23,1.08,0.09,0,2,1,33.2,1,2,2,train
10083480,3.99,332.7,3.43,0.29,1.05,0.12,0,2,1,31.7,1,2,2,test
10086465,4.37,316.5,4.14,0.37,2.02,0.18,0,2,2,41.3,1,2,2,test
10088768,4.0,301.3,3.02,0.17,1.25,0.12,0,2,1,33.7,1,2,2,train
10088999,9.21,76.5,0.59,0.17,1.29,0.11,0,2,0,101.4,1,1,1,test
10090039,7.34,70.0,0.41,0.11,1.64,0.1,0,2,0,82.9,1,1,1,train
10090400,3.94,317.3,3.17,0.41,1.26,0.06,0,2,1,32.2,1,2,2,test
10090853,4.08,244.8,2.16,0.29,1.51,0.14,0,2,1,37.1,1,2,2,train
10093930,4.01,295.1,2.86,0.31,1.43,0.09,0,2,1,33.3,1,2,2,test
10094545,5.98,305.5,6.81,0.31,2.15,0.15,0,2,2,72.9,1,2,2,train
10096113,4.16,262.2,2.47,0.21,1.52,0.1,0,2,1,36.3,1,2,2,test
10098590,3.95,293.0,2.76,0.29,0.99,0.0,0,2,1,32.5,1,2,2,train
10098804,4.16,313.4,3.38,0.49,1.3,0.07,0,2,1,34.3,1,2,2,train
10118422,4.61,316.3,4.4,0.43,1.79,0.14,0,2,1,44.5,1,2,2,train
10118658,4.88,323.5,5.16,0.25,2.12,0.2,0,2,2,49.2,1,2,2,train
10118979,3.8,298.4,2.59,0.25,1.11,0.1,0,2,1,29.6,1,2,2,train
10119692,4.01,282.7,2.5,0.43,1.21,0.12,0,2,1,31.8,1,2,2,train
10120707,3.75,319.4,3.65,0.29,1.7,0.13,0,2,1,36.1,1,2,2,test
10120721,16.47,88.0,1.9,0.2,1.21,0.06,0,2,0,214.3,1,1,1,test
10122250,12.92,80.5,1.05,0.17,1.44,0.1,0,2,0,162.1,1,1,1,test
10123207,13.63,83.4,1.11,0.19,1.08,0.04,0,2,0,159.9,1,1,1,test
10134740,4.45,295.2,3.4,0.31,1.22,0.11,0,2,1,39.5,1,2,2,test
10135092,3.9,272.4,19.42,0.35,1.3,0.11,0,2,1,31.6,1,2,2,train
10136100,4.05,276.2,2.35,0.33,1.18,0.07,0,2,1,31.1,1,2,2,train
10136256,3.17,235.3,1.26,0.33,1.1,0.1,0,2,1,22.9,1,2,2,train
10145736,14.16,96.2,1.53,0.19,1.74,0.13,0,2,0,194.7,1,1,1,train
10146311,5.94,222.4,3.42,0.25,2.31,0.16,0,2,2,67.9,1,2,2,train
10146803,13.58,82.4,1.15,0.07,1.43,0.06,0,2,0,168.9,1,1,1,train
10147072,6.19,292.6,5.43,0.23,2.45,0.18,0,2,2,68.4,1,2,2,train
10147167,10.64,78.5,0.77,0.13,1.31,0.07,0,2,0,125.2,1,1,1,train
10148490,4.39,334.6,4.25,0.19,1.49,0.21,0,2,1,37.9,1,2,2,train
10148629,8.45,73.5,0.5,0.15,1.43,0.07,0,2,0,91.8,1,1,1,train
10149324,12.49,83.7,1.09,0.11,1.36,0.09,0,2,0,155.0,1,1,1,train
10153182,4.16,324.3,3.59,0.41,1.26,0.1,0,2,1,34.5,1,2,2,train
10155286,8.72,177.6,3.59,0.21,2.68,0.41,0,2,2,113.8,1,2,2,test
10155731,4.16,296.4,3.09,0.25,1.51,0.14,0,2,1,35.7,1,2,2,train
10156307,4.07,308.6,3.12,0.49,1.24,0.12,0,2,1,33.2,1,2,2,train
10158201,4.4,289.6,3.22,0.31,1.4,0.16,0,2,1,39.0,1,2,2,test
10158593,4.03,294.4,2.78,0.15,1.15,0.1,0,2,1,32.6,1,2,2,train
10158595,6.75,68.1,0.33,0.21,1.63,0.14,0,2,0,70.6,1,1,1,train
10160940,5.21,286.6,4.74,0.37,2.43,0.24,0,2,2,57.3,1,2,2,train
10162795,3.86,332.5,3.28,0.39,0.88,0.08,0,2,1,30.2,1,2,2,test
10165693,6.31,209.1,3.11,0.21,2.17,0.14,0,2,2,70.7,1,2,2,test
10186053,3.97,323.6,3.35,0.21,1.06,0.09,0,2,1,32.7,1,2,2,test
10186608,4.05,284.6,2.68,0.19,1.04,0.04,0,2,1,33.5,1,2,2,train
10188141,4.18,312.2,3.48,0.29,1.34,0.1,0,2,1,36.0,1,2,2,train
10188953,10.5,76.8,0.73,0.15,1.48,0.11,0,2,0,122.7,1,1,1,train
10188964,4.31,314.6,3.76,0.27,1.4,0.12,0,2,1,38.4,1,2,2,train
10190841,4.14,323.5,3.7,0.35,1.32,0.11,0,2,1,35.8,1,2,2,train
10192458,10.45,77.6,0.71,0.17,1.37,0.14,0,2,0,117.6,1,1,1,train
10192691,8.62,74.4,0.51,0.17,1.4,0.1,0,2,0,92.7,1,1,1,train
10200892,4.15,267.5,2.63,0.29,1.53,0.12,0,2,1,36.9,1,2,2,train
10202184,12.72,79.6,1.01,0.13,1.49,0.08,0,2,0,157.8,1,1,1,test
10203168,3.97,310.7,2.88,0.25,0.89,0.08,0,2,1,30.5,1,2,2,train
10206307,4.07,304.1,2.93,0.23,1.0,0.07,0,2,1,32.2,1,2,2,train
10206851,4.33,285.6,3.21,0.25,1.6,0.16,0,2,1,39.2,1,2,2,train
10212620,4.85,298.2,4.23,0.23,1.78,0.16,0,2,1,48.4,1,2,2,train
10214045,3.81,290.5,2.5,0.41,1.01,0.08,0,2,1,30.0,1,2,2,train
10214564,4.18,329.3,4.21,0.25,1.84,0.22,0,2,1,38.3,1,2,2,train
10220795,4.9,279.7,3.7,0.21,1.75,0.16,0,2,1,47.7,1,2,2,test
10220865,4.01,334.7,3.41,0.41,1.13,0.14,0,2,1,31.3,1,2,2,train
10220888,4.16,334.8,3.86,0.29,1.33,0.15,0,2,1,34.4,1,2,2,train
10221370,4.48,315.1,4.37,0.29,2.02,0.2,0,2,2,44.4,1,2,2,train
10221504,3.83,305.6,2.66,0.45,1.07,0.11,0,2,1,29.2,1,2,2,train
10222470,5.94,63.6,0.24,0.21,1.42,0.1,0,2,0,58.5,1,1,1,train
10223473,14.51,85.0,1.29,0.17,1.25,0.08,0,2,0,178.2,1,1,1,train
10224100,7.57,259.6,6.15,0.33,2.2,0.21,0,2,2,90.3,1,2,2,train
10224535,4.26,302.9,3.37,0.31,1.52,0.15,0,2,1,36.7,1,2,2,train
10227872,7.81,266.2,6.62,0.19,2.27,0.23,0,2,2,93.8,1,2,2,train
10228836,5.06,328.6,5.82,0.47,1.87,0.07,0,2,1,55.4,1,2,2,train
10229696,10.6,78.7,0.73,0.17,1.12,0.05,0,2,0,118.0,1,1,1,train
10252281,4.07,324.5,3.38,0.27,1.06,0.08,0,2,1,32.6,1,2,2,train
10253776,8.6,173.5,3.22,0.33,2.41,0.24,0,2,2,106.7,1,2,2,train
10257278,12.2,78.8,2.2,0.13,1.46,0.11,0,2,0,149.0,1,1,1,train
10257419,8.45,73.9,0.5,0.17,1.43,0.14,0,2,0,91.6,1,1,1,test
10257635,8.57,73.8,0.52,0.13,1.48,0.1,0,2,0,94.8,1,1,1,test
10257750,3.9,261.0,2.15,0.37,1.34,0.09,0,2,1,31.6,1,2,2,train
10258588,4.1,298.7,2.95,0.45,1.01,0.08,0,2,1,33.3,1,2,2,train
10263598,10.5,76.8,0.73,0.13,1.37,0.1,0,2,0,123.3,1,1,1,train
10266723,3.35,307.1,2.37,0.43,1.24,0.11,0,2,1,25.5,1,2,2,test
10267242,3.58,307.8,2.58,0.31,1.08,0.11,0,2,1,27.5,1,2,2,train
10267570,4.63,291.3,3.68,0.21,1.78,0.16,0,2,1,43.8,1,2,2,test
10268744,3.74,237.8,1.78,0.17,1.28,0.08,0,2,1,32.7,1,2,2,train
10272641,8.2,72.1,0.47,0.17,1.51,0.05,0,2,0,89.8,1,1,1,train
10272966,9.37,75.7,0.58,0.17,1.3,0.07,0,2,0,102.1,1,1,1,train
10274503,13.16,82.8,1.11,0.11,1.32,0.09,0,2,0,161.2,1,1,1,train
10279676,4.15,307.4,3.13,0.21,1.07,0.1,0,2,1,33.3,1,2,2,train
10280105,4.11,274.4,2.58,0.35,1.39,0.1,0,2,1,34.9,1,2,2,train
10280768,4.3,304.9,3.6,0.37,1.75,0.2,0,2,1,38.5,1,2,2,train
10281513,3.36,261.5,1.78,0.29,1.12,0.07,0,2,1,26.5,1,2,2,test
10281936,6.16,68.2,0.29,0.13,1.49,0.08,0,2,0,61.8,1,1,1,train
10282002,3.66,275.3,2.29,0.27,1.52,0.12,0,2,1,30.6,1,2,2,train
10284883,4.1,316.6,2.93,0.37,0.79,0.06,0,2,1,29.4,1,2,2,train
10285331,3.86,281.6,2.67,0.19,1.43,0.1,0,2,1,33.9,1,2,2,train
10285449,3.94,266.6,2.31,0.19,1.41,0.11,0,2,1,32.7,1,2,2,train
10285521,4.16,310.1,3.36,0.41,1.27,0.11,0,2,1,35.7,1,2,2,train
10286378,4.08,325.8,3.34,0.35,0.98,0.07,0,2,1,31.8,1,2,2,test
10286616,4.0,329.5,3.54,0.35,1.23,0.15,0,2,1,33.2,1,2,2,train
10286995,7.67,73.0,0.44,0.15,1.45,0.08,0,2,0,81.8,1,1,1,test
10290315,4.16,301.1,3.36,0.33,1.74,0.15,0,2,1,37.5,1,2,2,train
10290457,3.91,294.2,2.62,0.25,1.15,0.1,0,2,1,31.0,1,2,2,train
10291659,4.19,275.1,2.66,0.23,1.5,0.08,0,2,1,35.1,1,2,2,train
10297313,8.02,212.1,4.55,0.13,2.42,0.14,0,2,2,102.1,1,2,2,train
10297567,4.76,245.1,2.68,0.33,1.35,0.08,0,2,1,44.5,1,2,2,test
10319325,3.48,315.6,2.85,0.37,1.65,0.14,0,2,1,29.7,1,2,2,train
10322666,8.87,75.5,0.58,0.11,1.43,0.07,0,2,0,101.4,1,1,1,train
10328727,11.64,79.4,0.85,0.19,1.31,0.07,0,2,0,134.5,1,1,1,train
10328946,4.01,325.4,3.51,0.17,1.39,0.14,0,2,1,33.5,1,2,2,test
10332214,3.9,324.7,3.12,0.23,1.04,0.09,0,2,1,30.0,1,2,2,train
10333131,12.73,80.0,1.05,0.15,1.63,0.13,0,2,0,162.4,1,1,1,train
10334585,4.15,309.8,2.99,0.47,0.91,0.09,0,2,1,31.8,1,2,2,train
10339089,4.25,318.9,3.78,0.35,1.51,0.12,0,2,1,37.6,1,2,2,test
10339303,8.24,74.7,0.5,0.17,1.32,0.05,0,2,0,89.4,1,1,1,test
10346117,4.3,320.5,3.96,0.23,1.85,0.17,0,2,1,38.7,1,2,2,test
10347360,4.1,263.5,2.43,0.25,1.13,0.1,0,2,1,35.6,1,2,2,train
10350302,4.12,328.0,3.6,0.27,1.27,0.11,0,2,1,33.9,1,2,2,train
10350408,4.04,243.2,1.98,0.19,1.17,0.09,0,2,1,34.0,1,2,2,train
10351142,7.62,69.8,0.4,0.29,1.53,0.11,0,2,0,83.1,1,1,1,train
10351578,5.34,277.4,4.22,0.33,1.77,0.13,0,2,1,55.4,1,2,2,train
10352610,4.09,287.4,2.84,0.15,1.3,0.1,0,2,1,34.6,1,2,2,train
10353044,4.11,333.5,3.68,0.29,1.29,0.13,0,2,1,33.4,1,2,2,train
10354110,4.06,322.1,3.2,0.33,0.97,0.11,0,2,1,31.1,1,2,2,test
10354267,3.84,314.4,3.18,0.35,1.56,0.16,0,2,1,32.5,1,2,2,train
10354603,4.11,318.0,3.15,0.35,0.99,0.1,0,2,1,31.3,1,2,2,train
10355672,3.99,297.7,3.19,0.21,1.5,0.1,0,2,1,36.6,1,2,2,test
10356057,6.59,69.8,0.32,0.13,1.22,0.04,0,2,0,65.6,1,1,1,train
10357764,4.48,326.0,37.47,0.15,1.38,0.12,0,2,1,41.6,1,2,2,train
10358632,4.09,291.4,2.79,0.31,1.04,0.08,0,2,1,33.6,1,2,2,train
10359816,4.03,287.0,2.63,0.45,1.2,0.11,0,2,1,32.0,1,2,2,train
10359999,4.64,320.0,4.59,0.27,1.85,0.14,0,2,1,45.4,1,2,2,train
10361268,7.93,224.8,5.0,0.21,2.41,0.11,0,2,2,98.5,1,2,2,train
10362043,4.41,242.8,2.28,0.23,1.4,0.11,0,2,1,39.1,1,2,2,train
10382615,4.1,301.9,2.85,0.39,1.05,0.08,0,2,1,31.6,1,2,2,train
10382727,15.33,85.0,1.43,0.17,1.31,0.05,0,2,0,198.2,1,1,1,train
10383668,4.84,266.1,3.65,0.29,2.0,0.16,0,2,2,53.4,1,2,2,test
10384255,4.61,332.9,4.76,0.21,1.69,0.13,0,2,1,42.7,1,2,2,test
10386904,14.78,84.9,1.31,0.13,1.14,0.05,0,2,0,182.8,1,1,1,train
10387370,7.07,69.8,0.33,0.37,1.2,0.04,0,2,0,68.6,1,1,1,train
10387999,8.56,75.2,0.52,0.19,1.24,0.07,0,2,0,91.3,1,1,1,test
10389037,4.09,290.3,3.32,0.31,2.02,0.17,0,2,2,39.9,1,2,2,train
10394570,3.98,322.7,3.4,0.35,1.43,0.13,0,2,1,33.7,1,2,2,test
10397623,6.9,70.8,0.35,0.11,1.36,0.08,0,2,0,69.5,1,1,1,test
10397849,8.41,69.2,0.42,0.29,1.22,0.06,0,2,0,88.5,1,1,1,test
10402819,5.29,319.4,5.61,0.27,2.24,0.25,0,2,2,55.3,1,2,2,train
10404576,4.23,276.4,3.1,0.25,2.03,0.2,0,2,2,41.1,1,2,2,train
10412175,4.04,325.8,3.79,0.31,1.56,0.14,0,2,1,34.7,1,2,2,train
10415654,4.09,329.7,3.71,0.37,1.35,0.1,0,2,1,34.2,1,2,2,train
10416262,4.28,347.0,4.45,0.19,1.51,0.12,0,2,1,37.1,1,2,2,test
10416970,4.01,295.2,2.76,0.17,1.03,0.1,0,2,1,31.8,1,2,2,test
10417559,3.89,274.8,2.3,0.19,1.01,0.11,0,2,1,31.0,1,2,2,test
10417794,4.19,326.6,3.65,0.21,1.12,0.1,0,2,1,34.3,1,2,2,train
10419566,4.05,260.7,2.22,0.27,1.11,0.11,0,2,1,33.0,1,2,2,train
10420629,13.63,89.7,1.49,0.19,1.75,0.12,0,2,0,181.0,1,1,1,train
10420655,4.26,295.3,3.16,0.27,1.03,0.08,0,2,1,36.6,1,2,2,train
10420662,4.2,322.8,3.69,0.33,1.69,0.2,0,2,1,35.9,1,2,2,train
10420822,6.59,274.3,5.73,0.37,2.36,0.15,0,2,2,76.6,1,2,2,train
10422287,8.33,72.9,0.52,0.31,1.65,0.09,0,2,0,99.2,1,1,1,train
10422589,5.04,222.9,2.55,0.29,1.97,0.25,0,2,2,51.6,1,2,2,train
10424379,9.53,74.9,0.6,0.21,1.31,0.07,0,2,0,106.6,1,1,1,train
10426854,4.35,341.3,4.59,0.23,1.71,0.09,0,2,1,39.4,1,2,2,test
10428163,12.26,80.3,0.93,0.13,1.15,0.05,0,2,0,143.8,1,1,1,test
10448558,10.17,77.0,0.65,0.17,1.16,0.05,0,2,0,109.7,1,1,1,train
10449846,14.26,84.5,1.31,0.13,1.36,0.1,0,2,0,182.7,1,1,1,train
10449998,4.23,317.7,3.62,0.21,1.37,0.11,0,2,1,36.1,1,2,2,test
10450939,4.56,328.5,4.51,0.33,1.7,0.14,0,2,1,41.9,1,2,2,train
10451397,3.95,286.7,2.35,0.35,0.99,0.08,0,2,1,28.8,1,2,2,test
10452960,14.38,82.1,1.26,0.19,1.58,0.12,0,2,0,186.2,1,1,1,train
10453946,3.92,234.3,1.72,0.43,1.26,0.09,0,2,1,31.7,1,2,2,train
10460225,11.24,76.5,0.8,0.15,1.52,0.1,0,2,0,136.9,1,1,1,test
10460243,3.93,330.6,3.29,0.45,1.04,0.08,0,2,1,30.8,1,2,2,train
10460324,3.5,325.0,2.62,0.47,0.84,0.08,0,2,1,25.6,1,2,2,train
10463137,3.95,334.9,3.25,0.47,1.02,0.06,0,2,1,29.3,1,2,2,train
10464837,4.38,296.9,3.58,0.35,1.88,0.2,0,2,1,40.4,1,2,2,train
10467510,4.15,264.8,2.41,0.29,1.37,0.14,0,2,1,34.5,1,2,2,train
10467570,4.01,302.8,2.99,0.31,1.38,0.09,0,2,1,33.0,1,2,2,train
10468528,3.71,327.8,2.94,0.27,1.07,0.09,0,2,1,27.8,1,2,2,test
10469976,4.81,258.7,3.39,0.49,2.51,0.12,0,2,2,51.3,1,2,2,train
10472566,4.35,317.9,3.75,0.37,1.29,0.12,0,2,1,37.4,1,2,2,train
10472755,11.3,79.6,0.81,0.15,1.22,0.05,0,2,0,127.0,1,1,1,train
10477762,3.94,281.1,2.49,0.31,0.83,0.08,0,2,1,31.7,1,2,2,train
10480399,3.97,316.6,24.09,0.31,1.05,0.09,0,2,1,33.2,1,2,2,train
10480799,4.11,321.2,3.27,0.35,1.01,0.1,0,2,1,31.9,1,2,2,train
10482713,4.7,296.2,4.02,0.35,1.34,0.14,0,2,1,46.0,1,2,2,train
10482750,3.98,309.9,3.34,0.27,1.61,0.13,0,2,1,35.5,1,2,2,test
10483530,4.09,313.4,3.31,0.19,1.34,0.13,0,2,1,33.8,1,2,2,test
10484121,4.17,290.9,2.91,0.29,1.21,0.12,0,2,1,34.5,1,2,2,train
10484140,3.77,302.9,2.7,0.41,1.2,0.13,0,2,1,29.8,1,2,2,train
10488243,4.11,262.6,20.95,0.47,1.41,0.13,0,2,1,35.1,1,2,2,train
10488463,4.18,286.8,2.84,0.29,1.1,0.1,0,2,1,34.4,1,2,2,train
10489073,4.07,298.0,3.06,0.39,1.36,0.1,0,2,1,35.0,1,2,2,train
10489092,4.17,302.3,3.1,0.31,1.34,0.08,0,2,1,34.0,1,2,2,train
10489340,4.56,294.2,3.66,0.37,1.42,0.12,0,2,1,42.4,1,2,2,test
10489417,4.02,333.9,3.62,0.43,1.31,0.11,0,2,1,32.9,1,2,2,train
10489877,3.83,339.0,3.29,0.27,1.06,0.06,0,2,1,28.8,1,2,2,test
10492011,4.22,336.8,35.65,0.39,1.33,0.07,0,2,1,34.9,1,2,2,test
10492041,4.56,325.2,4.65,0.25,1.82,0.17,0,2,1,44.8,1,2,2,train
10515966,4.26,264.5,2.5,0.43,1.23,0.12,0,2,1,36.0,1,2,2,train
10517360,15.15,84.8,1.41,0.17,1.41,0.11,0,2,0,195.2,1,1,1,test
10521711,11.39,78.1,0.84,0.13,1.46,0.09,0,2,0,138.2,1,1,1,train
10522084,4.79,303.5,4.26,0.21,1.81,0.18,0,2,1,46.7,1,2,2,train
10525282,4.2,281.4,2.75,0.23,1.23,0.11,0,2,1,35.2,1,2,2,train
10525475,4.31,324.5,4.05,0.35,1.42,0.13,0,2,1,38.6,1,2,2,train
10527754,6.02,64.0,0.25,0.11,1.37,0.09,0,2,0,60.5,1,1,1,train
10527889,4.77,284.9,3.83,0.29,1.92,0.22,0,2,2,47.6,1,2,2,test
10528911,3.91,304.8,2.94,0.23,1.02,0.07,0,2,1,32.2,1,2,2,train
10528917,7.5,72.8,0.41,0.17,1.33,0.09,0,2,0,76.4,1,1,1,test
10529640,4.52,254.3,2.83,0.23,1.68,0.17,0,2,1,44.8,1,2,2,test
10532751,8.31,216.8,4.78,0.27,2.15,0.15,0,2,2,101.8,1,2,2,train
10533369,4.25,329.5,4.37,0.21,1.5,0.14,0,2,1,40.9,1,2,2,train
10534891,5.22,328.2,5.81,0.19,2.08,0.19,0,2,2,54.1,1,2,2,train
10537243,4.1,321.0,3.3,0.21,1.13,0.05,0,2,1,32.3,1,2,2,train
10537376,4.06,288.9,2.69,0.19,1.09,0.08,0,2,1,32.5,1,2,2,train
10537820,13.14,82.9,1.09,0.15,1.22,0.05,0,2,0,158.8,1,1,1,train
10544941,3.92,315.2,3.25,0.31,1.41,0.1,0,2,1,32.5,1,2,2,train
10545089,10.54,78.1,0.75,0.13,1.38,0.08,0,2,0,124.0,1,1,1,train
10545152,4.09,324.8,3.43,0.27,1.14,0.09,0,2,1,33.1,1,2,2,train
10546305,4.33,329.6,4.63,0.21,1.73,0.18,0,2,1,43.1,1,2,2,test
10546730,4.24,295.7,3.09,0.35,1.4,0.13,0,2,1,35.8,1,2,2,train
10547065,3.81,270.0,2.83,0.39,3.04,0.31,0,2,2,39.1,1,2,2,train
10547418,4.03,309.7,3.15,0.09,1.15,0.11,0,2,1,32.8,1,2,2,test
10550359,3.59,312.8,2.61,0.47,0.9,0.07,0,2,1,27.3,1,2,2,train
10551313,3.88,316.4,3.26,0.39,1.35,0.1,0,2,1,32.8,1,2,2,train
10552614,4.54,317.2,4.44,0.25,1.81,0.16,0,2,1,44.4,1,2,2,train
10553195,3.95,324.3,3.29,0.23,1.04,0.1,0,2,1,31.4,1,2,2,train
10555618,4.11,299.8,2.94,0.31,1.14,0.08,0,2,1,33.1,1,2,2,train
10555813,4.7,287.9,3.66,0.33,1.44,0.13,0,2,1,44.4,1,2,2,test
10556924,12.12,91.6,1.6,0.11,1.77,0.1,0,2,0,160.2,1,1,1,train
10580260,12.86,82.2,1.04,0.15,1.3,0.07,0,2,0,151.3,1,1,1,train
10587122,4.31,307.1,3.53,0.23,1.36,0.12,0,2,1,38.0,1,2,2,train
10592249,4.22,263.1,2.56,0.25,1.51,0.13,0,2,1,37.5,1,2,2,train
10593078,15.33,82.2,1.38,0.19,1.43,0.11,0,2,0,206.9,1,1,1,test
10593799,13.29,81.6,1.12,0.13,1.46,0.12,0,2,0,166.9,1,1,1,train
10598558,4.55,273.9,3.24,0.33,1.84,0.14,0,2,1,43.5,1,2,2,train
10599712,4.16,245.3,2.23,0.27,1.73,0.15,0,2,1,37.3,1,2,2,train
10599977,14.44,84.8,1.35,0.15,1.36,0.08,0,2,0,186.4,1,1,1,train
10600926,3.91,289.1,2.42,0.45,0.84,0.07,0,2,1,29.8,1,2,2,train
10601155,3.99,250.1,2.0,0.29,1.35,0.13,0,2,1,32.0,1,2,2,test
10602372,8.2,72.0,0.49,0.23,1.66,0.08,0,2,0,94.0,1,1,1,test
10602374,4.2,326.1,4.06,0.19,1.62,0.14,0,2,1,38.3,1,2,2,test
10602976,4.22,287.0,2.92,0.23,1.31,0.09,0,2,1,35.8,1,2,2,train
10603170,4.42,260.2,2.82,0.37,1.5,0.09,0,2,1,42.2,1,2,2,train
10603547,5.45,320.3,6.05,0.33,2.14,0.19,0,2,2,58.9,1,2,2,train
10604255,3.83,284.1,18.79,0.17,1.05,0.04,0,2,1,30.1,1,2,2,train
10609452,4.21,307.2,3.31,0.29,1.39,0.14,0,2,1,34.6,1,2,2,train
10610707,4.07,283.6,2.61,0.35,1.01,0.07,0,2,1,33.1,1,2,2,train
10611263,11.68,80.0,0.9,0.13,1.36,0.09,0,2,0,141.1,1,1,1,test
10613112,4.62,235.6,2.55,0.23,2.03,0.21,0,2,2,46.0,1,2,2,test
10613466,4.14,312.8,3.59,0.47,1.51,0.12,0,2,1,37.0,1,2,2,train
10614000,3.62,314.5,2.72,0.39,1.12,0.09,0,2,1,27.9,1,2,2,train
10614323,4.25,336.5,4.03,0.35,1.29,0.09,0,2,1,36.2,1,2,2,train
10614382,7.88,238.6,5.42,0.27,2.39,0.21,0,2,2,95.5,1,2,2,train
10614461,4.47,292.1,3.41,0.31,1.49,0.13,0,2,1,40.9,1,2,2,test
10615356,4.34,270.9,2.78,0.27,1.49,0.12,0,2,1,38.0,1,2,2,train
10617209,4.44,275.0,3.48,0.25,2.36,0.15,0,2,2,46.3,1,2,2,test
10618005,3.87,233.3,13.22,0.47,1.15,0.08,0,2,1,31.2,1,2,2,train
10643913,4.51,317.3,4.09,0.29,1.4,0.13,0,2,1,41.1,1,2,2,test
10647243,4.28,304.9,3.69,0.29,1.93,0.18,0,2,2,39.7,1,2,2,test
10649096,3.38,253.1,1.63,0.37,1.19,0.08,0,2,1,25.7,1,2,2,train
10651320,4.05,312.4,2.81,0.21,0.78,0.06,0,2,1,29.1,1,2,2,train
10651578,4.09,332.0,3.52,0.37,1.18,0.11,0,2,1,32.5,1,2,2,test
10651646,8.27,73.1,0.45,0.15,1.23,0.06,0,2,0,83.9,1,1,1,train
10653200,4.37,294.8,3.44,0.49,1.81,0.16,0,2,1,39.7,1,2,2,train
10657932,4.08,286.9,2.66,0.29,1.04,0.1,0,2,1,32.6,1,2,2,test
10658641,8.51,75.5,0.5,0.21,1.15,0.05,0,2,0,88.0,1,1,1,test
10659842,7.01,70.4,0.37,0.19,1.58,0.07,0,2,0,74.3,1,1,1,train
10663042,8.42,210.5,4.64,0.19,2.32,0.16,0,2,2,104.5,1,2,2,train
10663785,7.62,67.3,0.37,0.33,1.42,0.11,0,2,0,83.5,1,1,1,test
10665852,4.17,301.1,3.15,0.17,1.27,0.12,0,2,1,35.1,1,2,2,test
10666682,8.8,71.0,0.5,0.15,1.57,0.09,0,2,0,99.9,1,1,1,test
10666932,4.01,326.2,3.9,0.23,1.82,0.13,0,2,1,36.5,1,2,2,test
10667545,8.94,73.3,0.54,0.13,1.43,0.07,0,2,0,99.9,1,1,1,test
10668065,11.76,78.9,0.87,0.13,1.4,0.07,0,2,0,139.6,1,1,1,test
10669123,4.23,321.2,3.65,0.21,1.18,0.09,0,2,1,36.2,1,2,2,train
10669568,4.55,305.2,4.14,0.39,1.87,0.14,0,2,1,44.5,1,2,2,train
10669590,9.09,75.9,0.56,0.21,1.25,0.05,0,2,0,96.6,1,1,1,train
10675052,10.85,94.9,1.16,0.19,1.94,0.11,0,2,0,138.8,1,1,1,train
10675230,4.17,267.2,2.58,0.35,1.16,0.11,0,2,1,36.5,1,2,2,train
10675935,4.92,305.5,4.57,0.27,2.07,0.1,0,2,2,48.9,1,2,2,test
10676432,4.24,314.7,3.54,0.49,1.38,0.12,0,2,1,35.9,1,2,2,train
10678049,7.44,70.3,0.38,0.23,1.41,0.11,0,2,0,77.8,1,1,1,test
10678121,3.93,273.2,2.36,0.25,1.24,0.1,0,2,1,31.6,1,2,2,train
10682761,4.35,310.4,3.56,0.33,1.46,0.13,0,2,1,37.1,1,2,2,train
10683016,4.07,298.8,22.17,0.31,1.05,0.07,0,2,1,32.4,1,2,2,train
10683330,4.28,318.8,3.74,0.33,1.51,0.14,0,2,1,37.0,1,2,2,train
10683647,4.14,303.6,3.27,0.31,1.32,0.07,0,2,1,36.5,1,2,2,train
10684749,13.86,84.5,1.2,0.15,1.18,0.08,0,2,0,167.7,1,1,1,train
10684837,7.03,255.3,5.55,0.29,2.51,0.21,0,2,2,85.7,1,2,2,train
10685283,4.57,314.2,4.16,0.27,1.7,0.16,0,2,1,42.6,1,2,2,train
10711484,4.37,286.9,3.17,0.31,1.41,0.13,0,2,1,38.9,1,2,2,test
10712314,9.45,67.9,0.53,0.15,1.75,0.12,0,2,0,114.1,1,1,1,train
10718820,3.91,312.5,3.01,0.25,1.33,0.1,0,2,1,30.9,1,2,2,test
10718902,4.0,310.5,2.9,0.47,0.97,0.08,0,2,1,29.5,1,2,2,train
10721900,4.05,306.4,3.34,0.27,1.7,0.17,0,2,1,36.2,1,2,2,train
10722175,9.51,73.7,0.61,0.13,1.59,0.09,0,2,0,113.6,1,1,1,train
10723339,4.04,331.6,3.32,0.27,0.76,0.06,0,2,1,30.2,1,2,2,train
10724041,4.03,281.9,2.58,0.25,1.17,0.09,0,2,1,33.2,1,2,2,test
10724193,6.09,290.1,6.08,0.23,2.26,0.29,0,2,2,71.2,1,2,2,train
10724620,4.15,255.2,2.68,0.37,2.16,0.22,0,2,2,42.0,1,2,2,train
10724735,5.4,288.3,3.95,0.23,1.15,0.13,0,2,1,48.0,1,2,2,test
10728179,4.28,303.3,3.38,0.23,1.41,0.14,0,2,1,37.1,1,2,2,train
10730228,6.7,62.0,0.27,0.05,1.51,0.09,0,2,0,70.7,1,1,1,train
10731596,3.93,271.7,2.31,0.49,1.1,0.09,0,2,1,31.3,1,2,2,train
10732050,7.52,70.3,0.4,0.23,1.51,0.11,0,2,0,82.1,1,1,1,train
10734179,4.09,273.2,2.51,0.27,1.27,0.1,0,2,1,34.0,1,2,2,train
10735027,4.11,286.1,2.83,0.25,1.32,0.09,0,2,1,35.2,1,2,2,train
10742794,3.82,268.5,2.09,0.37,1.09,0.1,0,2,1,29.7,1,2,2,train
10743269,4.47,296.8,3.52,0.25,1.5,0.13,0,2,1,40.0,1,2,2,train
10743977,7.91,73.3,0.44,0.17,1.32,0.07,0,2,0,80.9,1,1,1,train
10744686,3.91,300.7,2.66,0.31,1.06,0.08,0,2,1,30.7,1,2,2,train
10745775,3.97,316.0,3.55,0.21,1.62,0.12,0,2,1,36.5,1,2,2,train
10747240,3.99,312.7,3.39,0.27,1.3,0.1,0,2,1,35.7,1,2,2,train
10749235,4.38,270.6,2.91,0.23,1.23,0.14,0,2,1,40.2,1,2,2,train
10749722,4.19,282.2,2.77,0.33,1.26,0.13,0,2,1,35.4,1,2,2,train
10750658,4.03,321.1,3.38,0.33,1.3,0.09,0,2,1,32.9,1,2,2,train
10750867,4.04,323.6,3.5,0.25,1.43,0.12,0,2,1,33.5,1,2,2,test
10751031,7.2,69.4,0.37,0.31,1.39,0.08,0,2,0,75.9,1,1,1,train
10751237,9.11,74.6,0.55,0.13,1.38,0.08,0,2,0,99.3,1,1,1,train
10752337,5.79,302.2,5.87,0.25,2.04,0.09,0,2,2,64.7,1,2,2,train
10753962,8.1,224.8,5.1,0.27,2.3,0.08,0,2,2,100.9,1,2,2,train
10776009,7.79,73.2,0.43,0.17,1.16,0.06,0,2,0,79.3,1,1,1,train
10778969,4.26,240.4,2.13,0.25,1.28,0.12,0,2,1,37.4,1,2,2,train
10782351,11.79,81.3,0.93,0.23,1.25,0.07,0,2,0,140.6,1,1,1,train
10788540,3.82,316.2,2.97,0.33,1.03,0.08,0,2,1,30.2,1,2,2,train
10790401,13.21,83.3,1.08,0.17,1.23,0.07,0,2,0,154.7,1,1,1,train
10790415,4.22,323.8,3.89,0.29,1.34,0.11,0,2,1,37.8,1,2,2,train
10792949,4.6,292.5,3.77,0.25,1.44,0.11,0,2,1,45.4,1,2,2,train
10793872,14.88,86.1,1.35,0.17,1.12,0.05,0,2,0,182.8,1,1,1,train
10794838,4.15,294.7,2.95,0.39,1.2,0.08,0,2,1,34.4,1,2,2,train
10798647,9.62,77.3,0.62,0.19,1.23,-0.0,0,2,0,105.1,1,1,1,train
10799530,4.25,291.6,3.15,0.33,1.38,0.11,0,2,1,37.5,1,2,2,train
10800915,4.24,314.9,3.9,0.25,1.74,0.14,0,2,1,39.0,1,2,2,train
10802837,5.48,258.7,3.86,0.39,1.96,0.15,0,2,2,57.8,1,2,2,train
10809296,12.3,81.0,0.97,0.15,1.39,0.09,0,2,0,148.0,1,1,1,train
10809457,4.31,301.6,3.34,0.45,1.09,0.1,0,2,1,36.7,1,2,2,train
10811720,4.37,281.0,3.08,0.27,1.74,0.13,0,2,1,39.3,1,2,2,train
10812837,5.45,266.6,4.03,0.25,1.81,0.13,0,2,1,57.8,1,2,2,test
10813626,13.54,84.3,1.16,0.13,1.22,0.06,0,2,0,162.5,1,1,1,test
10814091,4.6,317.1,4.57,0.31,1.97,0.21,0,2,2,45.5,1,2,2,train
10815462,3.94,254.0,1.17,0.27,1.37,0.1,0,2,1,33.2,1,2,2,train
10816214,4.79,297.2,4.05,0.31,1.69,0.13,0,2,1,46.2,1,2,2,train
10817031,15.38,85.4,1.45,0.33,1.41,0.1,0,2,0,198.4,1,1,1,test
10817660,4.74,263.6,3.36,0.27,1.84,0.06,0,2,1,49.0,1,2,2,test
10818765,10.48,77.2,0.71,0.21,1.35,0.06,0,2,0,118.4,1,1,1,test
10841636,3.63,331.4,3.22,0.49,1.4,0.12,0,2,1,29.3,1,2,2,test
10847321,6.58,68.9,0.33,0.05,1.58,0.11,0,2,0,68.8,1,1,1,train
10848618,3.99,326.2,3.41,0.31,1.39,0.06,0,2,1,32.4,1,2,2,train
10854977,14.73,85.7,1.34,0.15,1.26,0.07,0,2,0,182.7,1,1,1,train
10857953,3.99,313.8,3.18,0.25,1.06,0.09,0,2,1,32.7,1,2,2,train
10858675,8.15,72.9,0.47,0.17,1.5,0.08,0,2,0,87.5,1,1,1,test
10859687,4.28,312.9,3.55,0.27,1.3,0.12,0,2,1,36.3,1,2,2,train
10859941,3.94,280.7,2.39,0.31,1.05,0.06,0,2,1,30.8,1,2,2,train
10860155,4.07,316.0,3.31,0.43,1.17,0.05,0,2,1,33.1,1,2,2,train
10861311,7.15,68.7,0.37,0.21,1.83,0.1,0,2,0,78.1,1,1,1,test
10862184,9.28,75.2,0.59,0.17,1.33,0.1,0,2,0,103.8,1,1,1,train
10863834,7.3,69.8,0.37,0.19,1.6,0.07,0,2,0,76.4,1,1,1,train
10865681,4.12,237.2,2.02,0.35,1.46,0.11,0,2,1,36.1,1,2,2,train
10866415,8.77,74.9,0.53,0.15,1.3,0.08,0,2,0,94.6,1,1,1,test
10866694,3.86,269.3,2.25,0.45,1.35,0.1,0,2,1,31.5,1,2,2,test
10873579,3.78,272.2,2.28,0.19,1.5,0.13,0,2,1,30.9,1,2,2,test
10874337,3.96,272.6,2.32,0.41,1.07,0.08,0,2,1,32.0,1,2,2,train
10876039,3.82,267.8,2.28,0.43,1.31,0.06,0,2,1,32.7,1,2,2,train
10876156,3.86,326.0,3.28,0.45,1.29,0.06,0,2,1,31.0,1,2,2,train
10876892,13.11,81.2,1.08,0.15,1.42,0.07,0,2,0,162.7,1,1,1,train
10878693,6.62,67.8,0.32,0.13,1.5,0.07,0,2,0,69.2,1,1,1,train
10879440,4.07,281.1,2.69,0.33,1.36,0.1,0,2,1,34.3,1,2,2,train
10879853,3.69,278.0,1.37,0.21,0.9,0.08,0,2,1,27.9,1,2,2,test
10880958,4.04,275.5,2.51,0.25,1.34,0.06,0,2,1,33.2,1,2,2,test
10881317,6.87,69.3,0.36,0.19,1.66,0.12,0,2,0,74.2,1,1,1,train
10881810,11.87,78.0,0.9,0.15,1.53,0.06,0,2,0,147.3,1,1,1,train
10903247,4.8,64.2,0.18,0.21,1.3,0.07,0,2,0,43.6,1,1,1,train
10903291,4.03,343.0,3.99,0.23,1.26,0.09,0,2,1,34.2,1,2,2,train
10904520,9.12,73.7,0.55,0.19,1.39,0.08,0,2,0,102.5,1,1,1,test
10907196,4.63,245.5,2.63,0.23,1.52,0.13,0,2,1,43.8,1,2,2,train
10908442,4.32,324.0,3.95,0.29,1.5,0.12,0,2,1,37.9,1,2,2,test
10909816,12.03,77.8,0.92,0.13,1.61,0.13,0,2,0,149.9,1,1,1,train
10909977,4.02,270.7,2.41,0.49,1.58,0.13,0,2,1,32.8,1,2,2,train
10910197,9.89,76.8,0.64,0.21,1.31,0.12,0,2,0,109.9,1,1,1,train
10910541,3.9,287.6,2.39,0.49,1.07,0.1,0,2,1,29.4,1,2,2,train
10910889,4.65,299.3,4.03,0.13,1.73,0.25,0,2,1,46.7,1,2,2,train
10913761,3.95,276.6,2.43,0.23,1.0,0.09,0,2,1,31.8,1,2,2,train
10914063,4.25,333.7,3.98,0.39,1.52,0.13,0,2,1,36.0,1,2,2,test
10916563,7.19,70.8,0.37,0.19,1.54,0.09,0,2,0,74.1,1,1,1,train
10916867,4.01,326.5,3.38,0.19,1.1,0.07,0,2,1,31.8,1,2,2,train
10916930,4.41,266.8,2.86,0.15,1.5,0.13,0,2,1,40.1,1,2,2,train
10916980,4.34,269.1,2.76,0.37,1.59,0.18,0,2,1,38.2,1,2,2,train
10918731,4.6,241.3,2.63,0.27,1.88,0.2,0,2,1,45.8,1,2,2,train
10920888,4.0,301.6,2.77,0.45,1.01,0.1,0,2,1,29.7,1,2,2,train
10921183,3.87,314.9,2.97,0.49,1.04,0.11,0,2,1,30.6,1,2,2,train
10922068,3.96,266.1,2.22,0.37,1.25,0.11,0,2,1,31.3,1,2,2,train
10922622,4.17,331.3,3.88,0.35,1.06,0.08,0,2,1,36.1,1,2,2,train
10922821,3.98,286.0,2.7,0.25,1.49,0.11,0,2,1,33.5,1,2,2,train
10923991,4.17,244.4,2.17,0.25,1.51,0.12,0,2,1,36.6,1,2,2,train
10924652,12.64,83.1,1.67,0.19,1.24,0.06,0,2,0,151.4,1,1,1,test
10927457,6.29,69.1,0.3,0.11,1.52,0.11,0,2,0,62.1,1,1,1,train
10928042,4.12,241.0,2.08,0.19,1.4,0.11,0,2,1,36.3,1,2,2,train
10932891,4.15,329.5,3.62,0.37,1.09,0.1,0,2,1,33.2,1,2,2,train
10934588,4.05,313.6,3.11,0.21,1.11,0.1,0,2,1,32.2,1,2,2,train
10934758,4.8,300.9,4.22,0.37,1.82,0.16,0,2,1,47.2,1,2,2,train
10934929,4.0,303.4,3.01,0.39,1.29,0.08,0,2,1,33.1,1,2,2,train
10935050,4.23,311.7,3.41,0.49,1.33,0.1,0,2,1,35.4,1,2,2,train
10935377,12.9,82.1,1.03,0.17,1.26,0.08,0,2,0,151.6,1,1,1,train
10935753,3.85,352.7,3.43,0.39,0.81,0.05,0,2,1,27.8,1,2,2,test
10935811,3.95,324.4,32.06,0.31,1.51,0.12,0,2,1,33.6,1,2,2,train
10936814,4.26,297.0,3.26,0.41,1.4,0.13,0,2,1,37.4,1,2,2,train
10936833,4.28,300.1,3.28,0.27,1.53,0.14,0,2,1,37.0,1,2,2,train
10937322,3.94,347.7,3.88,0.41,1.14,0.07,0,2,1,33.2,1,2,2,train
10937597,4.24,328.7,3.79,0.31,1.09,0.09,0,2,1,35.4,1,2,2,test
10937701,3.97,331.5,3.39,0.25,1.02,0.08,0,2,1,31.2,1,2,2,train
10937872,3.99,292.5,2.75,0.23,1.06,0.07,0,2,1,32.9,1,2,2,train
10937936,4.49,324.7,4.18,0.33,1.45,0.14,0,2,1,40.4,1,2,2,train
10960424,4.3,322.2,4.16,0.43,1.63,0.15,0,2,1,40.4,1,2,2,train
10962756,12.69,81.4,1.05,0.11,1.41,0.1,0,2,0,157.7,1,1,1,train
10966950,3.64,256.8,1.83,0.15,1.22,0.11,0,2,1,28.3,1,2,2,train
10971893,4.11,280.9,2.78,0.17,1.46,0.12,0,2,1,35.8,1,2,2,train
10972627,4.14,305.2,3.43,0.31,1.59,0.15,0,2,1,37.1,1,2,2,train
10973397,9.63,70.2,0.54,0.27,1.25,0.04,0,2,0,109.1,1,1,1,test
10974984,3.82,280.4,2.55,0.19,1.41,0.09,0,2,1,33.3,1,2,2,train
10975126,3.96,307.7,2.84,0.35,0.93,0.1,0,2,1,30.5,1,2,2,test
10977040,5.05,287.1,4.25,0.31,2.2,0.22,0,2,2,51.9,1,2,2,train
10977146,12.78,79.5,1.02,0.15,1.53,0.1,0,2,0,161.0,1,1,1,train
10977468,3.99,256.9,2.16,0.21,1.24,0.1,0,2,1,33.0,1,2,2,train
10977979,15.37,86.1,1.46,0.17,1.27,0.08,0,2,0,196.7,1,1,1,train
10978509,3.82,287.8,2.42,0.17,1.19,0.05,0,2,1,29.5,1,2,2,train
10978857,4.11,288.1,3.07,0.31,1.64,0.13,0,2,1,37.3,1,2,2,train
10979458,10.31,77.9,0.72,0.15,1.36,0.08,0,2,0,118.7,1,1,1,train
10979634,3.92,307.3,2.75,0.31,1.0,0.09,0,2,1,29.7,1,2,2,test
10989961,7.55,71.6,0.4,0.19,1.29,0.06,0,2,0,78.1,1,1,1,train
10990704,3.92,323.9,3.06,0.17,1.04,0.08,0,2,1,29.6,1,2,2,train
10991398,4.07,292.6,2.81,0.47,0.98,0.07,0,2,1,33.2,1,2,2,test
11014947,6.77,68.8,0.3,0.17,1.1,0.05,0,2,0,62.7,1,1,1,train
11015261,5.26,311.3,5.18,0.29,2.2,0.18,0,2,2,53.5,1,2,2,train
11018104,3.93,304.8,2.81,0.15,1.09,0.09,0,2,1,30.6,1,2,2,train
11018745,3.99,339.4,3.98,0.13,1.23,0.09,0,2,1,35.2,1,2,2,train
11018922,4.1,304.4,3.05,0.45,1.18,0.09,0,2,1,33.4,1,2,2,test
11019025,3.9,270.7,2.28,0.17,1.07,0.09,0,2,1,31.2,1,2,2,train
11019125,3.74,270.2,2.25,0.23,1.02,0.07,0,2,1,31.4,1,2,2,test
11019954,4.17,317.6,3.43,0.31,1.33,0.07,0,2,1,34.1,1,2,2,test
11020211,9.91,77.1,0.63,0.15,1.15,0.04,0,2,0,107.5,1,1,1,train
11025518,4.01,300.7,2.69,0.41,0.93,0.09,0,2,1,29.9,1,2,2,test
11026184,4.57,254.2,3.12,0.23,2.59,0.3,0,2,2,47.5,1,2,2,test
11026843,3.82,243.5,12.71,0.29,1.01,0.1,0,2,1,30.3,1,2,2,train
11027005,5.05,313.1,4.89,0.27,1.81,0.19,0,2,1,51.1,1,2,2,train
11028575,4.24,338.8,4.16,0.41,1.16,0.1,0,2,1,36.5,1,2,2,test
11029151,4.18,252.3,2.29,0.23,1.35,0.09,0,2,1,36.6,1,2,2,train
11029396,3.87,304.9,2.58,0.21,0.77,0.05,0,2,1,28.5,1,2,2,train
11029738,3.88,266.1,2.2,0.31,1.08,0.1,0,2,1,31.5,1,2,2,train
11030582,4.02,310.8,3.09,0.29,1.14,0.09,0,2,1,32.4,1,2,2,test
11031801,3.97,324.7,3.54,0.15,1.51,0.12,0,2,1,33.4,1,2,2,train
11033302,4.16,334.5,3.97,0.41,1.16,0.1,0,2,1,36.2,1,2,2,train
11033420,10.17,76.3,0.69,0.13,1.45,0.09,0,2,0,117.9,1,1,1,test
11036456,3.99,327.8,3.51,0.27,1.31,0.11,0,2,1,32.8,1,2,2,train
11038010,4.59,264.0,2.98,0.31,1.98,0.23,0,2,2,42.2,1,2,2,train
11043690,3.79,290.3,2.95,0.41,1.74,0.11,0,2,1,34.5,1,2,2,train
11043831,4.26,302.5,3.33,0.29,1.35,0.06,0,2,1,36.8,1,2,2,train
11043882,3.88,299.6,2.59,0.37,0.96,0.07,0,2,1,29.6,1,2,2,test
11043940,7.72,71.4,0.41,0.45,1.25,0.05,0,2,0,79.1,1,1,1,train
11044315,5.21,328.2,6.49,0.39,3.12,0.21,0,2,2,60.6,1,2,2,test
11046644,3.95,325.3,3.16,0.47,0.97,0.09,0,2,1,29.8,1,2,2,train
11046878,4.13,278.6,2.75,0.27,1.26,0.06,0,2,1,36.2,1,2,2,train
11047056,4.25,321.9,3.67,0.49,0.97,0.07,0,2,1,34.9,1,2,2,test
11068380,7.63,73.4,0.43,0.23,1.34,0.07,0,2,0,78.8,1,1,1,train
11068521,3.98,277.2,2.67,0.23,1.71,0.14,0,2,1,34.6,1,2,2,train
11072470,4.03,306.1,3.06,0.23,1.34,0.1,0,2,1,33.2,1,2,2,train
11075908,4.3,262.0,2.57,0.23,1.16,0.1,0,2,1,37.7,1,2,2,test
11080953,3.84,318.5,3.06,0.31,1.21,0.11,0,2,1,30.4,1,2,2,train
11081517,4.26,291.5,3.13,0.31,1.37,0.14,0,2,1,37.4,1,2,2,train
11081838,3.79,312.2,21.06,0.35,1.0,0.09,0,2,1,30.5,1,2,2,test
11122147,13.35,79.8,1.08,0.19,1.55,0.09,0,2,0,168.7,1,1,1,train
11127586,7.54,75.3,0.45,0.13,1.53,0.07,0,2,0,78.6,1,1,1,test
11127815,7.79,72.1,0.41,0.17,1.27,0.06,0,2,0,79.1,1,1,1,train
11127861,4.12,322.5,3.85,0.31,1.85,0.17,0,2,1,37.1,1,2,2,train
11128910,4.11,326.0,3.89,0.15,1.51,0.12,0,2,1,36.7,1,2,2,train
11129191,7.74,70.8,0.41,0.21,1.37,0.1,0,2,0,81.0,1,1,1,test
11129788,4.26,339.7,28.56,0.17,0.99,0.09,0,2,1,35.5,1,2,2,train
11129945,4.84,303.9,4.56,0.33,2.16,0.27,0,2,2,49.9,1,2,2,train
11133969,3.69,260.5,1.99,0.23,1.29,0.09,0,2,1,29.7,1,2,2,test
11134405,4.72,291.4,3.79,0.25,1.46,0.15,0,2,1,45.3,1,2,2,train
11135055,4.2,328.8,3.78,0.31,1.14,0.11,0,2,1,35.5,1,2,2,test
11135286,4.35,250.9,2.32,0.49,1.48,0.13,0,2,1,37.1,1,2,2,test
11136049,7.8,69.5,0.4,0.13,1.31,0.07,0,2,0,83.6,1,1,1,train
11136578,8.24,73.3,0.49,0.15,1.53,0.1,0,2,0,90.5,1,1,1,test
11136854,7.3,235.6,4.88,0.29,2.66,0.32,0,2,2,91.8,1,2,2,train
11138375,3.91,313.4,3.24,0.37,1.31,0.12,0,2,1,33.9,1,2,2,train
11140680,9.0,75.6,0.56,0.15,1.3,0.07,0,2,0,97.4,1,1,1,train
11140831,4.09,297.1,2.83,0.47,1.19,0.14,0,2,1,32.5,1,2,2,train
11141028,4.11,323.2,3.58,0.19,1.19,0.12,0,2,1,34.9,1,2,2,test
11144005,5.9,63.4,0.22,0.15,1.19,0.06,0,2,0,54.9,1,1,1,train
11145563,3.89,300.8,2.68,0.33,1.07,0.11,0,2,1,30.1,1,2,2,train
11145672,5.56,246.2,3.6,0.25,2.37,0.18,0,2,2,60.0,1,2,2,train
11145726,4.1,311.3,3.15,0.27,1.33,0.08,0,2,1,32.8,1,2,2,train
11151753,5.64,266.7,4.17,0.23,1.89,0.08,0,2,1,58.9,1,2,2,train
11152312,4.05,323.0,3.47,0.29,1.41,0.11,0,2,1,33.5,1,2,2,test
11152753,4.55,282.8,3.41,0.19,1.71,0.17,0,2,1,43.3,1,2,2,train
11152894,4.07,329.8,3.47,0.41,1.08,0.08,0,2,1,32.2,1,2,2,test
11153026,4.34,305.9,3.5,0.25,1.45,0.14,0,2,1,37.8,1,2,2,train
11175619,3.78,265.2,1.94,0.29,0.92,0.07,0,2,1,28.2,1,2,2,train
11177749,4.05,328.8,3.62,0.23,1.29,0.06,0,2,1,34.0,1,2,2,train
11179815,4.24,318.0,3.56,0.31,1.2,0.09,0,2,1,35.1,1,2,2,train
11179902,7.48,69.8,0.36,0.27,1.13,0.05,0,2,0,74.1,1,1,1,test
11180493,6.41,68.8,0.29,0.15,1.5,0.12,0,2,0,61.8,1,1,1,test
11181600,3.89,299.5,2.6,0.19,0.73,0.05,0,2,1,29.5,1,2,2,train
11181891,4.08,247.6,2.04,0.21,1.08,0.07,0,2,1,33.7,1,2,2,train
11188067,4.28,297.5,3.39,0.37,1.43,0.12,0,2,1,38.7,1,2,2,train
11189077,4.06,276.7,2.56,0.35,1.28,0.13,0,2,1,33.5,1,2,2,test
11189239,9.45,77.2,0.63,0.19,1.34,0.07,0,2,0,105.8,1,1,1,train
11189648,4.17,319.9,3.43,0.49,1.08,0.1,0,2,1,33.9,1,2,2,train
11191557,6.26,243.8,4.15,0.35,2.11,0.22,0,2,2,70.2,1,2,2,train
11195982,4.31,322.3,4.02,0.35,1.42,0.14,0,2,1,38.7,1,2,2,train
11196514,4.22,310.0,3.43,0.27,1.34,0.07,0,2,1,35.9,1,2,2,train
11197091,3.95,250.3,2.03,0.33,1.24,0.11,0,2,1,32.5,1,2,2,train
11197457,4.46,326.9,4.25,0.27,1.43,0.14,0,2,1,40.0,1,2,2,train
11197575,4.08,333.5,3.21,0.49,0.81,0.07,0,2,1,29.0,1,2,2,train
11198190,4.18,320.2,3.59,0.27,1.18,0.1,0,2,1,34.3,1,2,2,train
11199783,4.71,284.5,3.67,0.29,1.66,0.17,0,2,1,45.7,1,2,2,train
11200291,4.14,328.6,3.71,0.39,1.38,0.05,0,2,1,34.7,1,2,2,train
11200573,4.03,273.5,2.47,0.29,1.13,0.09,0,2,1,33.2,1,2,2,train
11206075,4.53,287.6,3.43,0.33,1.54,0.1,0,2,1,41.7,1,2,2,test
11228554,4.41,293.2,3.27,0.29,1.28,0.11,0,2,1,38.6,1,2,2,train
11230630,3.84,330.1,3.27,0.33,1.23,0.09,0,2,1,30.2,1,2,2,train
11230895,4.22,313.0,2.9,0.43,0.8,0.04,0,2,1,29.8,1,2,2,test
11234625,4.14,290.9,2.85,0.41,1.29,0.11,0,2,1,34.0,1,2,2,train
11235008,4.01,313.0,2.94,0.29,1.0,0.09,0,2,1,30.7,1,2,2,test
11235672,5.94,272.2,5.43,0.27,3.03,0.2,0,2,2,73.2,1,2,2,test
11235816,4.1,300.3,2.99,0.29,1.05,0.08,0,2,1,33.8,1,2,2,test
11236508,3.3,245.5,12.62,0.17,1.42,0.11,0,2,1,27.0,1,2,2,test
11236571,14.91,86.7,1.43,0.45,1.25,0.06,0,2,0,190.8,1,1,1,train
11237133,4.11,298.1,2.95,0.37,1.1,0.09,0,2,1,33.2,1,2,2,train
11241658,7.62,73.6,0.44,0.11,1.41,0.1,0,2,0,79.6,1,1,1,train
11242934,3.77,267.7,2.26,0.45,1.29,0.1,0,2,1,31.7,1,2,2,train
11243054,4.21,330.5,3.87,0.29,1.44,0.14,0,2,1,35.6,1,2,2,train
11244855,4.26,308.1,3.48,0.21,1.47,0.12,0,2,1,36.6,1,2,2,train
11245225,4.15,263.5,2.36,0.31,1.41,0.13,0,2,1,34.2,1,2,2,test
11245234,4.07,319.2,3.26,0.33,1.04,0.09,0,2,1,32.4,1,2,2,train
11245339,4.59,283.4,3.44,0.33,1.66,0.19,0,2,1,43.1,1,2,2,train
11245496,10.8,75.2,0.74,0.11,1.56,0.09,0,2,0,131.4,1,1,1,train
11247049,3.88,330.1,3.65,0.27,1.47,0.12,0,2,1,34.4,1,2,2,train
11250010,4.28,279.1,3.1,0.27,1.78,0.14,0,2,1,40.1,1,2,2,train
11251622,7.01,67.7,0.36,0.11,1.83,0.13,0,2,0,77.8,1,1,1,test
11251939,4.44,335.8,4.76,0.33,1.71,0.13,0,2,1,42.3,1,2,2,train
11252233,3.7,297.0,2.76,0.19,1.58,0.14,0,2,1,31.6,1,2,2,train
11252437,3.42,288.3,2.16,0.25,1.06,0.08,0,2,1,26.9,1,2,2,train
11252706,4.53,308.9,3.96,0.27,1.51,0.13,0,2,1,41.8,1,2,2,train
11254566,4.27,296.9,3.27,0.23,1.45,0.12,0,2,1,37.6,1,2,2,train
11254587,4.44,284.1,3.11,0.31,1.51,0.14,0,2,1,38.8,1,2,2,test
11260279,4.01,286.2,2.51,0.37,1.09,0.08,0,2,1,31.2,1,2,2,train
11284760,4.14,299.2,3.05,0.39,1.27,0.12,0,2,1,34.4,1,2,2,test
11285650,8.46,74.5,0.52,0.23,1.4,0.08,0,2,0,94.4,1,1,1,test
11287679,4.6,288.6,3.78,0.29,2.1,0.29,0,2,2,45.8,1,2,2,train
11287896,4.11,299.4,3.03,0.29,1.32,0.11,0,2,1,34.7,1,2,2,train
11287949,8.18,71.5,0.46,0.15,1.5,0.08,0,2,0,91.3,1,1,1,train
11289335,4.18,308.5,3.37,0.25,1.14,0.09,0,2,1,36.0,1,2,2,train
11289759,3.89,315.4,3.2,0.43,1.15,0.08,0,2,1,32.8,1,2,2,train
11289990,4.11,268.0,2.53,0.25,1.46,0.15,0,2,1,35.5,1,2,2,test
11294195,4.3,257.4,2.54,0.31,1.56,0.15,0,2,1,38.5,1,2,2,train
11294920,3.72,316.6,2.85,0.29,0.94,0.07,0,2,1,28.8,1,2,2,train
11296805,3.74,322.3,3.18,0.31,1.37,0.11,0,2,1,30.8,1,2,2,train
11302791,4.57,276.1,3.29,0.39,1.79,0.15,0,2,1,43.7,1,2,2,train
11303410,3.76,325.9,2.89,0.43,1.05,0.08,0,2,1,27.6,1,2,2,train
11305448,3.33,284.7,13.19,0.47,0.96,0.1,0,2,1,25.8,1,2,2,test
11308281,3.8,319.2,3.0,0.41,1.03,0.09,0,2,1,30.0,1,2,2,train
11308660,4.24,294.1,28.19,0.17,1.39,0.1,0,2,1,36.5,1,2,2,train
11308784,6.2,67.8,0.28,0.25,1.37,0.05,0,2,0,62.1,1,1,1,train
11337714,4.24,321.0,3.92,0.29,1.37,0.11,0,2,1,38.9,1,2,2,train
11337883,11.62,76.3,0.87,0.17,1.66,0.1,0,2,0,149.1,1,1,1,train
11339000,4.28,327.8,4.12,0.35,1.47,0.14,0,2,1,38.6,1,2,2,train
11349107,4.03,337.8,3.6,0.33,0.94,0.08,0,2,1,32.0,1,2,2,train
11349490,11.11,78.0,0.8,0.21,1.44,0.09,0,2,0,132.2,1,1,1,train
11349614,7.31,71.6,0.36,0.17,1.19,0.12,0,2,0,70.0,1,1,1,train
11350202,4.16,313.2,3.27,0.17,1.01,0.11,0,2,1,34.0,1,2,2,train
11351140,4.09,334.7,3.56,0.47,1.03,0.09,0,2,1,32.4,1,2,2,test
11351684,4.19,326.7,3.33,0.25,1.06,0.1,0,2,1,31.1,1,2,2,train
11352756,3.73,322.6,2.91,0.17,0.99,0.1,0,2,1,28.8,1,2,2,test
11352764,4.1,313.0,3.13,0.35,1.29,0.11,0,2,1,32.5,1,2,2,train
11353313,10.73,76.8,0.74,0.15,1.5,0.08,0,2,0,125.9,1,1,1,train
11355933,4.35,262.5,2.7,0.29,1.76,0.18,0,2,1,40.1,1,2,2,train
11356826,4.0,326.7,3.08,0.29,0.84,0.08,0,2,1,29.7,1,2,2,train
11357931,4.14,330.4,3.85,0.21,1.46,0.12,0,2,1,36.0,1,2,2,test
11358231,12.36,79.9,0.97,0.15,1.53,0.14,0,2,0,151.1,1,1,1,test
11358810,4.33,316.5,3.6,0.31,1.25,0.1,0,2,1,36.2,1,2,2,train
11359175,4.18,287.1,2.82,0.35,1.06,0.08,0,2,1,34.7,1,2,2,train
11362947,6.3,313.9,7.05,0.27,2.37,0.18,0,2,2,71.8,1,2,2,test
11391750,8.01,72.2,0.45,0.13,1.52,0.07,0,2,0,86.4,1,1,1,train
11393852,4.17,279.6,2.66,0.25,1.32,0.11,0,2,1,34.1,1,2,2,test
11394085,4.02,267.1,2.38,0.29,1.61,0.16,0,2,1,33.5,1,2,2,train
11394905,4.39,297.6,3.39,0.25,1.54,0.15,0,2,1,38.5,1,2,2,train
11395200,4.1,316.1,2.96,0.17,0.96,0.1,0,2,1,29.6,1,2,2,train
11395438,4.13,309.8,3.2,0.29,1.1,0.09,0,2,1,33.8,1,2,2,train
11400886,6.53,65.2,0.26,0.13,1.18,0.09,0,2,0,60.4,1,1,1,train
11401029,5.74,66.8,0.24,0.09,1.35,0.11,0,2,0,54.7,1,1,1,train
11401466,4.1,258.5,2.31,0.33,1.44,0.12,0,2,1,34.9,1,2,2,train
11402359,4.05,295.4,2.63,0.23,1.02,0.1,0,2,1,30.7,1,2,2,train
11403129,4.15,239.3,2.43,0.15,2.02,0.17,0,2,2,43.2,1,2,2,test
11403437,4.14,293.8,2.92,0.27,1.21,0.1,0,2,1,34.2,1,2,2,train
11404111,14.23,83.2,1.24,0.13,1.38,0.1,0,2,0,177.6,1,1,1,train
11404899,4.11,305.3,2.97,0.39,0.95,0.08,0,2,1,32.5,1,2,2,test
11404925,4.04,284.7,2.61,0.25,1.01,0.08,0,2,1,33.2,1,2,2,train
11409529,4.07,305.8,3.29,0.23,1.23,0.08,0,2,1,35.9,1,2,2,train
11409562,4.02,278.7,2.61,0.31,1.43,0.14,0,2,1,34.2,1,2,2,train
11410549,4.11,303.3,3.35,0.29,1.36,0.12,0,2,1,37.0,1,2,2,train
11410978,4.03,325.9,3.37,0.27,1.21,0.1,0,2,1,31.8,1,2,2,train
11412082,4.12,301.4,3.02,0.31,1.06,0.08,0,2,1,33.9,1,2,2,train
11412190,4.13,310.5,3.11,0.31,1.1,0.1,0,2,1,32.5,1,2,2,test
11413158,4.99,210.6,2.58,0.33,3.26,0.22,0,2,2,56.6,1,2,2,train
11413393,6.82,69.3,0.34,0.29,1.46,0.05,0,2,0,68.7,1,1,1,train
11414438,4.44,266.1,2.84,0.19,1.45,0.14,0,2,1,40.5,1,2,2,test
11414700,4.28,315.4,34.4,0.25,1.53,0.13,0,2,1,37.5,1,2,2,train
11415370,4.29,252.7,2.45,0.23,1.45,0.14,0,2,1,38.6,1,2,2,train
11444313,3.97,312.4,3.23,0.41,1.34,0.06,0,2,1,33.4,1,2,2,train
11444844,4.08,318.6,3.14,0.31,0.75,0.05,0,2,1,31.4,1,2,2,train
11445818,4.1,271.8,2.84,0.37,1.94,0.19,0,2,2,38.1,1,2,2,test
11446151,4.06,327.4,3.55,0.19,1.31,0.12,0,2,1,33.2,1,2,2,test
11447450,7.68,71.8,0.42,0.21,1.46,0.08,0,2,0,82.2,1,1,1,test
11453225,8.38,73.0,0.49,0.17,1.42,0.08,0,2,0,91.6,1,1,1,train
11454275,4.22,243.7,2.21,0.21,1.55,0.14,0,2,1,38.1,1,2,2,train
11455925,3.91,266.0,2.13,0.23,1.09,0.09,0,2,1,30.6,1,2,2,train
11456246,3.35,235.2,1.71,0.25,1.37,0.11,0,2,1,31.2,1,2,2,train
11456927,3.39,317.7,2.45,0.17,1.03,0.08,0,2,1,24.4,1,2,2,train
11457734,4.97,237.3,2.98,0.39,1.78,0.23,0,2,1,53.2,1,2,2,train
11461608,4.15,315.2,3.42,0.31,1.39,0.15,0,2,1,35.0,1,2,2,test
11462046,4.35,270.7,2.84,0.33,1.4,0.12,0,2,1,38.9,1,2,2,test
11462529,3.82,316.7,2.99,0.25,1.14,0.1,0,2,1,30.4,1,2,2,train
11462610,3.89,278.0,2.46,0.49,1.3,0.11,0,2,1,32.2,1,2,2,train
11462972,4.47,313.5,4.19,0.49,1.97,0.23,0,2,2,42.6,1,2,2,train
11463450,4.17,290.2,3.22,0.27,1.65,0.09,0,2,1,38.9,1,2,2,train
11463560,4.17,297.7,3.21,0.31,1.49,0.15,0,2,1,36.4,1,2,2,test
11463721,3.96,326.7,3.16,0.25,0.83,0.03,0,2,1,29.9,1,2,2,train
11465042,4.16,322.6,3.65,0.29,1.37,0.11,0,2,1,35.0,1,2,2,train
11465165,6.22,67.7,0.28,0.13,1.52,0.1,0,2,0,62.3,1,1,1,train
11465618,9.15,76.1,0.57,0.19,1.27,0.07,0,2,0,98.7,1,1,1,train
11465784,4.22,301.6,3.16,0.21,1.29,0.12,0,2,1,34.9,1,2,2,train
11466403,8.08,72.8,0.45,0.21,1.33,0.05,0,2,0,84.6,1,1,1,train
11468053,9.75,75.1,0.63,0.13,1.5,0.09,0,2,0,112.3,1,1,1,train
11468340,4.53,243.9,2.45,0.29,1.4,0.13,0,2,1,41.8,1,2,2,test
11469401,3.73,266.0,15.76,0.23,0.98,0.04,0,2,1,31.7,1,2,2,test
11494312,4.33,323.7,3.98,0.31,1.48,0.16,0,2,1,38.0,1,2,2,train
11496193,12.25,81.9,0.96,0.19,1.28,0.09,0,2,0,142.2,1,1,1,train
11496569,6.17,71.1,0.34,0.29,1.96,0.13,0,2,0,67.1,1,1,1,train
11498298,4.53,246.9,2.55,0.39,1.78,0.14,0,2,1,42.1,1,2,2,train
11502036,12.96,83.1,1.08,0.19,1.24,0.08,0,2,0,156.1,1,1,1,train
11502538,4.32,330.5,4.09,0.39,1.3,0.09,0,2,1,37.6,1,2,2,train
11507936,7.37,69.7,0.38,0.19,1.68,0.21,0,2,0,77.6,1,1,1,train
11508336,3.81,266.4,2.15,0.29,1.3,0.12,0,2,1,30.5,1,2,2,test
11508928,4.18,337.6,3.83,0.29,1.36,0.13,0,2,1,33.9,1,2,2,train
11508970,3.95,327.6,3.65,0.27,1.28,0.12,0,2,1,34.2,1,2,2,train
11509277,4.57,316.0,4.42,0.25,1.56,0.16,0,2,1,45.5,1,2,2,train
11512096,3.98,341.7,3.55,0.15,1.09,0.08,0,2,1,31.2,1,2,2,test
11514221,4.53,323.5,4.3,0.35,1.56,0.2,0,2,1,41.0,1,2,2,train
11515377,14.75,83.1,1.32,0.17,1.46,0.13,0,2,0,193.0,1,1,1,train
11516163,13.43,80.8,1.12,0.13,1.41,0.06,0,2,0,169.6,1,1,1,test
11518457,11.45,80.8,0.88,0.15,1.28,0.07,0,2,0,132.6,1,1,1,train
11518610,4.78,322.9,5.39,0.35,2.37,0.29,0,2,2,52.7,1,2,2,test
11518690,3.87,288.0,2.49,0.15,1.04,0.08,0,2,1,30.7,1,2,2,train
11518990,3.89,260.2,2.19,0.25,1.35,0.11,0,2,1,32.4,1,2,2,train
11520578,9.52,75.7,0.63,0.15,1.46,0.07,0,2,0,111.2,1,1,1,train
11521078,6.39,281.2,5.86,0.23,2.2,0.18,0,2,2,73.3,1,2,2,test
11521155,4.45,327.0,4.26,0.35,1.47,0.13,0,2,1,40.0,1,2,2,test
11521547,4.41,296.7,3.75,0.35,1.92,0.16,0,2,2,43.3,1,2,2,train
11521644,4.29,335.0,4.15,0.27,1.45,0.12,0,2,1,37.6,1,2,2,test
11521653,11.55,78.7,0.85,0.15,1.38,0.05,0,2,0,136.6,1,1,1,train
11547584,4.96,324.6,5.13,0.35,1.7,0.08,0,2,1,49.0,1,2,2,train
11550492,8.68,73.9,0.51,0.23,1.32,0.06,0,2,0,94.6,1,1,1,train
11550567,4.1,345.3,4.41,0.25,1.94,0.16,0,2,2,37.3,1,2,2,train
11551628,4.98,233.8,2.93,0.23,2.35,0.21,0,2,2,53.4,1,2,2,train
11551746,4.69,292.0,3.82,0.25,1.81,0.13,0,2,1,44.9,1,2,2,train
11551758,3.92,329.7,3.31,0.23,1.25,0.09,0,2,1,30.8,1,2,2,train
11554100,20.76,93.2,2.6,0.09,1.43,0.09,0,2,0,270.2,1,1,1,train
11554718,6.8,70.9,0.35,0.17,1.47,0.15,0,2,0,68.5,1,1,1,test
11557992,5.89,67.9,0.27,0.11,1.49,0.12,0,2,0,58.2,1,1,1,train
11559187,6.68,67.7,0.32,0.33,1.58,0.11,0,2,0,70.7,1,1,1,test
11559206,7.47,70.0,0.41,0.13,1.53,0.09,0,2,0,83.0,1,1,1,train
11559478,4.03,309.6,3.53,0.35,1.54,0.13,0,2,1,37.3,1,2,2,test
11560657,10.59,78.2,0.76,0.13,1.39,0.09,0,2,0,123.1,1,1,1,train
11561379,8.65,73.5,0.49,0.15,1.16,0.04,0,2,0,90.8,1,1,1,train
11564024,13.33,77.0,1.07,0.13,1.79,0.11,0,2,0,180.2,1,1,1,test
11564092,4.13,287.4,2.86,0.17,1.08,0.1,0,2,1,35.0,1,2,2,test
11564307,4.09,332.8,3.94,0.39,1.9,0.16,0,2,2,35.9,1,2,2,train
11564787,3.52,312.3,2.73,0.13,1.02,0.07,0,2,1,28.8,1,2,2,train
11565903,9.02,72.4,0.52,0.17,1.54,0.1,0,2,0,100.1,1,1,1,test
11567572,5.22,284.3,4.57,0.25,2.41,0.24,0,2,2,57.0,1,2,2,train
11569072,7.86,73.8,0.45,0.19,1.35,0.05,0,2,0,82.2,1,1,1,train
11569659,4.05,311.2,3.0,0.49,0.81,0.03,0,2,1,31.7,1,2,2,train
11570459,4.11,313.9,3.33,0.39,1.37,0.06,0,2,1,34.1,1,2,2,train
11570886,12.73,79.4,1.03,0.11,1.66,0.11,0,2,0,161.0,1,1,1,train
11571429,12.69,79.8,1.04,0.47,1.58,0.11,0,2,0,161.7,1,1,1,train
11571931,4.09,289.7,2.63,0.27,1.03,0.06,0,2,1,31.5,1,2,2,test
11600255,9.28,74.9,0.56,0.11,1.25,0.09,0,2,0,101.1,1,1,1,train
11600442,6.13,290.5,5.81,0.35,2.63,0.29,0,2,2,69.4,1,2,2,train
11600604,8.95,70.9,0.52,0.17,1.81,0.16,0,2,0,103.6,1,1,1,test
11601276,11.79,80.8,0.92,0.13,1.31,0.09,0,2,0,141.0,1,1,1,train
11601378,4.26,315.9,3.63,0.17,1.12,0.11,0,2,1,37.0,1,2,2,test
11602793,10.44,76.3,0.71,0.13,1.56,0.16,0,2,0,123.0,1,1,1,test
11605089,4.07,335.3,3.76,0.37,1.15,0.07,0,2,1,33.7,1,2,2,train
11606356,4.08,318.2,3.0,0.39,1.06,0.12,0,2,1,29.9,1,2,2,test
11606451,7.82,73.0,0.47,0.19,1.78,0.21,0,2,0,88.8,1,1,1,test
11606959,4.03,292.9,2.72,0.17,1.13,0.09,0,2,1,31.8,1,2,2,train
11611663,3.6,318.1,1.62,0.43,0.92,0.09,0,2,1,26.9,1,2,2,train
11611737,4.08,293.3,2.69,0.35,1.11,0.13,0,2,1,31.8,1,2,2,train
11612112,4.3,308.1,3.53,0.39,1.16,0.13,0,2,1,37.6,1,2,2,train
11612135,9.16,75.6,0.57,0.15,1.28,0.07,0,2,0,100.3,1,1,1,test
11612171,3.97,251.6,2.27,0.45,1.24,0.09,0,2,1,36.6,1,2,2,test
11612434,4.0,264.1,2.19,0.19,1.21,0.11,0,2,1,31.6,1,2,2,train
11612476,3.87,317.2,2.97,0.33,1.05,0.08,0,2,1,30.0,1,2,2,train
11615617,8.14,204.6,4.3,0.13,2.5,0.2,0,2,2,104.1,1,2,2,train
11615760,4.27,324.4,3.86,0.31,1.51,0.15,0,2,1,37.1,1,2,2,train
11615944,5.96,292.3,5.56,0.29,1.87,0.08,0,2,1,65.6,1,2,2,test
11617556,6.43,67.5,0.29,0.25,1.4,0.1,0,2,0,64.7,1,1,1,train
11617622,3.89,248.4,1.98,0.23,1.24,0.09,0,2,1,32.3,1,2,2,train
11618103,9.37,74.4,0.59,0.17,1.41,0.06,0,2,0,106.9,1,1,1,train
11618522,5.42,310.8,5.56,0.31,2.31,0.29,0,2,2,57.9,1,2,2,test
11619673,4.29,313.4,3.74,0.39,1.63,0.17,0,2,1,38.3,1,2,2,train
11619730,10.39,76.4,0.72,0.15,1.47,0.09,0,2,0,122.6,1,1,1,train
11622144,4.22,334.4,4.51,0.41,1.78,0.11,0,2,1,40.8,1,2,2,test
11622755,12.57,82.8,1.12,0.23,1.53,0.08,0,2,0,162.7,1,1,1,train
11623012,4.22,298.2,3.15,0.29,1.43,0.08,0,2,1,35.4,1,2,2,train
11623195,4.24,317.9,3.62,0.11,1.03,0.05,0,2,1,36.2,1,2,2,train
11623942,14.33,82.8,1.28,0.15,1.31,0.06,0,2,0,184.0,1,1,1,train
11650219,3.96,329.9,4.21,0.45,1.16,0.11,0,2,1,31.4,1,2,2,test
11650682,9.09,75.9,0.56,0.07,1.29,0.06,0,2,0,97.1,1,1,1,train
11653073,4.25,253.9,2.38,0.25,1.45,0.13,0,2,1,37.4,1,2,2,test
11655827,14.82,84.9,1.39,0.07,1.37,0.1,0,2,0,189.6,1,1,1,train
11657118,10.0,74.5,0.64,0.21,1.49,0.18,0,2,0,114.5,1,1,1,train
11658322,7.7,249.7,5.81,0.27,2.34,0.25,0,2,2,92.6,1,2,2,train
11658849,3.86,351.4,3.68,0.37,1.07,0.09,0,2,1,30.2,1,2,2,train
11658954,4.96,254.9,3.26,0.31,1.71,0.15,0,2,1,51.0,1,2,2,train
11658986,13.36,83.2,1.14,0.15,1.39,0.1,0,2,0,164.1,1,1,1,test
11663151,4.41,314.0,3.42,0.49,1.07,0.1,0,2,1,35.6,1,2,2,train
11665692,5.93,230.8,3.59,0.35,2.36,0.19,0,2,2,68.4,1,2,2,train
11665850,3.93,318.4,3.11,0.49,1.11,0.09,0,2,1,31.1,1,2,2,train
11667630,9.0,74.7,0.56,0.17,1.42,0.1,0,2,0,100.1,1,1,1,train
11668036,4.49,329.1,4.51,0.27,1.47,0.13,0,2,1,42.1,1,2,2,train
11670355,4.01,305.6,3.01,0.19,1.13,0.1,0,2,1,32.4,1,2,2,train
11671039,4.17,288.6,2.87,0.25,1.32,0.12,0,2,1,34.6,1,2,2,train
11671578,10.02,73.6,0.65,0.13,1.62,0.09,0,2,0,119.6,1,1,1,train
11673754,15.4,87.4,1.5,0.17,1.18,0.06,0,2,0,194.9,1,1,1,train
11674666,3.97,325.3,3.44,0.25,1.29,0.11,0,2,1,32.7,1,2,2,train
11703582,8.65,74.1,0.51,0.09,1.36,0.11,0,2,0,94.7,1,1,1,train
11707304,4.11,266.1,2.4,0.29,1.38,0.13,0,2,1,34.2,1,2,2,train
11707798,4.33,300.3,3.42,0.31,1.53,0.15,0,2,1,38.2,1,2,2,test
11708457,7.43,71.5,0.37,0.19,1.25,0.12,0,2,0,72.7,1,1,1,train
11713326,3.9,257.7,2.07,0.19,1.2,0.04,0,2,1,31.6,1,2,2,train
11718486,9.13,76.0,0.57,0.13,1.28,0.07,0,2,0,98.8,1,1,1,test
11720493,4.07,265.2,2.38,0.23,1.35,0.1,0,2,1,33.9,1,2,2,train
11721438,8.51,180.1,2.4,0.23,2.58,0.3,0,2,2,107.8,1,2,2,train
11721529,8.08,73.2,0.47,0.17,1.51,0.14,0,2,0,87.1,1,1,1,train
11723893,7.92,71.8,0.43,0.23,1.46,0.11,0,2,0,84.8,1,1,1,train
11753211,4.13,335.1,3.91,0.29,1.51,0.15,0,2,1,35.1,1,2,2,train
11754056,4.15,311.2,3.25,0.47,1.04,0.07,0,2,1,33.9,1,2,2,train
11757076,4.06,327.8,4.03,0.41,2.06,0.2,0,2,2,38.2,1,2,2,test
11757739,4.3,315.8,3.67,0.39,1.48,0.16,0,2,1,37.0,1,2,2,train
11759860,4.46,301.8,3.59,0.43,1.45,0.11,0,2,1,40.2,1,2,2,train
11763919,4.21,332.6,4.02,0.31,1.35,0.11,0,2,1,37.0,1,2,2,train
11764221,7.45,71.9,0.38,0.13,1.2,0.07,0,2,0,73.0,1,1,1,train
11764544,4.05,319.9,3.41,0.19,1.1,0.07,0,2,1,33.2,1,2,2,test
11767058,5.35,269.2,3.93,0.33,1.96,0.16,0,2,2,54.7,1,2,2,train
11768570,4.19,289.1,2.92,0.39,1.14,0.1,0,2,1,35.3,1,2,2,train
11768621,4.27,290.9,2.98,0.37,1.55,0.19,0,2,1,35.3,1,2,2,train
11768640,4.1,268.9,2.34,0.41,1.05,0.12,0,2,1,32.6,1,2,2,train
11769014,4.15,298.0,3.06,0.31,1.31,0.1,0,2,1,34.5,1,2,2,train
11769570,4.16,324.0,3.63,0.33,1.41,0.13,0,2,1,35.2,1,2,2,train
11769954,3.69,280.4,2.62,0.29,2.15,0.17,0,2,2,33.5,1,2,2,train
11771333,4.27,259.9,2.58,0.29,1.68,0.08,0,2,1,38.2,1,2,2,train
11771561,14.4,82.9,1.26,0.15,1.38,0.07,0,2,0,184.0,1,1,1,test
11773209,4.07,317.4,3.25,0.17,1.1,0.1,0,2,1,32.5,1,2,2,train
11773657,4.08,300.1,2.9,0.39,1.18,0.1,0,2,1,32.4,1,2,2,test
11802908,9.05,74.2,0.58,0.17,1.58,0.1,0,2,0,104.9,1,1,1,train
11805460,4.25,284.5,3.01,0.27,1.46,0.13,0,2,1,37.6,1,2,2,train
11805792,4.12,286.5,2.9,0.25,1.46,0.11,0,2,1,35.5,1,2,2,test
11807330,3.92,286.9,2.54,0.27,1.17,0.11,0,2,1,31.1,1,2,2,train
11809504,5.7,64.7,0.25,0.19,1.78,0.12,0,2,0,59.1,1,1,1,train
11810798,8.27,73.7,0.46,0.19,1.25,0.06,0,2,0,85.4,1,1,1,train
11819760,3.64,264.0,2.07,0.35,1.22,0.11,0,2,1,30.3,1,2,2,train
11819928,8.24,73.4,0.48,0.15,1.51,0.13,0,2,0,89.3,1,1,1,train
11820297,4.2,311.7,3.31,0.37,1.38,0.13,0,2,1,34.1,1,2,2,train
11820477,4.09,294.5,2.92,0.27,1.45,0.15,0,2,1,34.0,1,2,2,train
11820688,4.14,283.5,3.07,0.39,2.06,0.21,0,2,2,38.7,1,2,2,train
11820717,3.72,297.4,2.43,0.49,1.0,0.11,0,2,1,27.6,1,2,2,train
11820810,4.01,313.9,3.26,0.35,1.33,0.13,0,2,1,33.5,1,2,2,train
11821135,8.17,71.8,0.47,0.05,1.51,0.07,0,2,0,90.7,1,1,1,train
11823838,4.48,332.5,4.59,0.33,1.85,0.17,0,2,1,41.4,1,2,2,train
11824328,4.26,291.2,3.2,0.31,1.53,0.16,0,2,1,38.2,1,2,2,train
11824817,10.36,77.4,0.7,0.13,1.25,0.07,0,2,0,116.6,1,1,1,test
11824976,4.17,325.2,3.83,0.25,1.56,0.09,0,2,1,36.5,1,2,2,train
11826334,4.14,289.3,2.77,0.29,1.13,0.05,0,2,1,33.0,1,2,2,train
11855110,4.37,320.0,3.92,0.33,1.41,0.12,0,2,1,38.6,1,2,2,train
11858652,4.04,293.1,2.63,0.31,1.08,0.06,0,2,1,31.1,1,2,2,train
11860771,4.42,302.3,2.82,0.39,1.47,0.14,0,2,1,39.4,1,2,2,test
11868163,10.94,77.4,0.77,0.13,1.45,0.09,0,2,0,127.0,1,1,1,train
11868246,3.76,242.4,1.93,0.23,1.57,0.11,0,2,1,33.5,1,2,2,train
11869694,4.4,323.0,4.09,0.27,1.71,0.19,0,2,1,39.2,1,2,2,train
11870734,3.98,279.8,2.29,0.41,1.15,0.13,0,2,1,29.8,1,2,2,train
11870991,4.07,298.4,2.76,0.39,0.91,0.08,0,2,1,31.4,1,2,2,train
11871718,4.0,284.5,2.52,0.41,1.33,0.11,0,2,1,31.5,1,2,2,train
11871882,4.24,299.5,3.08,0.29,1.3,0.05,0,2,1,34.8,1,2,2,train
11873200,4.08,323.2,3.82,0.31,1.8,0.15,0,2,1,36.7,1,2,2,train
11873264,4.31,273.0,2.84,0.27,1.45,0.14,0,2,1,38.5,1,2,2,train
11904929,4.67,311.7,4.2,0.37,1.52,0.11,0,2,1,43.8,1,2,2,train
11905393,4.07,297.6,2.86,0.25,1.12,0.06,0,2,1,32.8,1,2,2,train
11905840,10.28,76.0,0.69,0.17,1.56,0.08,0,2,0,120.2,1,1,1,test
11908532,4.39,267.8,2.69,0.31,1.18,0.09,0,2,1,38.2,1,2,2,train
11908744,3.98,257.6,2.11,0.39,1.01,0.05,0,2,1,32.4,1,2,2,train
11910327,4.13,258.9,2.34,0.29,1.11,0.07,0,2,1,34.8,1,2,2,train
11921573,4.38,322.3,3.97,0.27,1.47,0.12,0,2,1,38.5,1,2,2,train
11924048,4.14,304.8,3.13,0.43,1.43,0.13,0,2,1,33.7,1,2,2,train
11924125,4.15,321.2,3.07,0.33,0.84,0.04,0,2,1,30.1,1,2,2,train
11953668,3.73,263.5,2.05,0.47,1.18,0.09,0,2,1,29.7,1,2,2,train
11953849,4.25,314.3,3.56,0.27,1.4,0.12,0,2,1,36.2,1,2,2,train
11954278,4.16,310.0,3.32,0.39,1.58,0.12,0,2,1,35.0,1,2,2,train
11955410,4.09,324.5,3.48,0.49,1.22,0.1,0,2,1,33.5,1,2,2,train
11957092,4.62,287.6,3.62,0.31,1.76,0.16,0,2,1,44.0,1,2,2,train
11957192,8.04,71.6,0.46,0.15,1.56,0.08,0,2,0,89.6,1,1,1,train
11958976,10.49,71.8,0.69,0.13,1.93,0.18,0,2,0,132.6,1,1,1,test
11959228,4.2,283.5,2.96,0.21,1.51,0.14,0,2,1,37.6,1,2,2,train
11960195,11.77,78.3,0.88,0.13,1.46,0.09,0,2,0,144.0,1,1,1,test
11960363,7.98,72.1,0.45,0.15,1.42,0.1,0,2,0,87.6,1,1,1,train
11960927,4.05,330.6,3.51,0.31,1.17,0.1,0,2,1,32.4,1,2,2,train
11967671,3.87,315.9,3.29,0.33,1.66,0.13,0,2,1,33.3,1,2,2,train
11969106,3.31,320.4,2.81,0.49,1.34,0.12,0,2,1,27.9,1,2,2,train
11969372,4.1,289.2,3.06,0.23,1.63,0.17,0,2,1,36.1,1,2,2,test
11969378,4.32,272.6,2.82,0.27,1.41,0.12,0,2,1,38.6,1,2,2,train
11970987,4.67,339.2,5.09,0.43,1.85,0.14,0,2,1,44.3,1,2,2,test
11971123,3.88,324.3,3.39,0.21,1.52,0.12,0,2,1,32.5,1,2,2,train
11973246,4.68,259.2,3.08,0.23,1.91,0.14,0,2,2,46.0,1,2,2,train
12006471,4.3,296.4,3.25,0.21,1.36,0.13,0,2,1,37.6,1,2,2,test
12008680,3.63,330.5,2.83,0.37,0.78,0.06,0,2,1,26.0,1,2,2,train
12008797,3.99,323.3,3.26,0.31,1.04,0.08,0,2,1,31.7,1,2,2,train
12010646,4.26,310.0,3.54,0.27,1.34,0.11,0,2,1,37.5,1,2,2,train
12012511,7.99,71.4,0.47,0.13,1.68,0.11,0,2,0,93.0,1,1,1,train
12017829,7.92,73.4,0.44,0.17,1.23,0.06,0,2,0,81.6,1,1,1,train
12020466,4.71,289.5,4.37,0.33,2.82,0.34,0,2,2,51.2,1,2,2,train
12021487,4.21,294.2,3.01,0.25,1.04,0.1,0,2,1,35.5,1,2,2,train
12021906,4.48,320.0,4.26,0.27,1.72,0.18,0,2,1,41.5,1,2,2,train
12022176,8.59,72.9,0.52,0.09,1.5,0.09,0,2,0,98.0,1,1,1,train
12022812,3.7,269.8,1.91,0.11,0.87,0.07,0,2,1,29.1,1,2,2,train
12055552,4.2,277.6,2.77,0.21,1.38,0.13,0,2,1,36.1,1,2,2,train
12058143,15.14,86.7,1.46,0.11,1.37,0.09,0,2,0,191.5,1,1,1,train
12059823,8.92,74.8,0.55,0.15,1.38,0.07,0,2,0,97.8,1,1,1,test
12062344,9.73,74.8,0.63,0.19,1.44,0.08,0,2,0,111.8,1,1,1,train
12066649,3.86,258.4,1.97,0.25,1.19,0.12,0,2,1,30.0,1,2,2,train
12067549,8.44,73.5,0.49,0.21,1.35,0.09,0,2,0,90.1,1,1,1,train
12070301,4.08,301.4,2.89,0.17,1.26,0.1,0,2,1,32.2,1,2,2,train
12071374,4.25,313.5,3.9,0.25,2.12,0.18,0,2,2,40.8,1,2,2,train
12071530,7.75,71.0,0.43,0.13,1.48,0.09,0,2,0,85.4,1,1,1,train
12072067,4.04,288.8,2.76,0.27,1.23,0.11,0,2,1,33.3,1,2,2,train
12072570,3.45,284.6,2.07,0.35,1.05,0.1,0,2,1,26.5,1,2,2,train
12101990,4.0,312.0,2.9,0.23,1.02,0.09,0,2,1,30.0,1,2,2,train
12104737,5.85,64.4,0.23,0.13,1.18,0.05,0,2,0,54.6,1,1,1,train
12105681,5.37,313.3,5.51,0.25,2.04,0.13,0,2,2,56.6,1,2,2,train
12108732,3.69,316.2,2.87,0.15,1.15,0.1,0,2,1,29.3,1,2,2,test
12109388,4.24,248.0,2.51,0.29,1.83,0.13,0,2,1,40.6,1,2,2,train
12109480,7.07,71.8,0.35,0.11,1.18,0.05,0,2,0,68.4,1,1,1,train
12110266,4.26,255.8,2.58,0.21,1.5,0.13,0,2,1,40.0,1,2,2,train
12110800,4.27,294.1,3.17,0.29,1.34,0.14,0,2,1,37.0,1,2,2,train
12114999,4.37,332.8,4.37,0.33,1.51,0.11,0,2,1,39.6,1,2,2,train
12117138,4.44,304.6,3.79,0.29,1.48,0.13,0,2,1,41.2,1,2,2,test
12118044,5.87,299.2,5.78,0.29,2.21,0.17,0,2,2,64.6,1,2,2,test
12118058,4.1,322.6,3.39,0.23,1.08,0.09,0,2,1,33.0,1,2,2,train
12118820,3.97,273.9,2.34,0.21,1.18,0.09,0,2,1,31.7,1,2,2,train
12119770,4.04,307.6,2.93,0.49,0.82,0.06,0,2,1,31.4,1,2,2,test
12119864,4.69,258.0,3.05,0.21,1.55,0.15,0,2,1,45.6,1,2,2,train
12119979,4.82,314.3,4.61,0.25,1.65,0.13,0,2,1,47.4,1,2,2,test
12121032,4.07,303.3,2.87,0.31,0.98,0.1,0,2,1,31.7,1,2,2,test
12121044,4.0,355.0,4.13,0.27,1.26,0.11,0,2,1,32.8,1,2,2,train
12121207,3.62,320.8,3.28,0.19,1.2,0.09,0,2,1,27.7,1,2,2,train
12152850,4.01,309.6,3.0,0.21,1.09,0.08,0,2,1,31.8,1,2,2,train
12153274,8.58,74.1,0.51,0.17,1.44,0.14,0,2,0,92.1,1,1,1,train
12153488,3.93,266.0,2.14,0.35,1.36,0.17,0,2,1,30.4,1,2,2,train
12153827,4.84,299.5,4.19,0.25,1.92,0.21,0,2,2,46.6,1,2,2,train
12154686,6.7,70.0,0.32,0.17,1.32,0.07,0,2,0,64.9,1,1,1,train
12154726,7.69,221.1,4.68,0.21,2.26,0.2,0,2,2,95.3,1,2,2,train
12156874,7.24,71.6,0.39,0.09,1.46,0.11,0,2,0,76.3,1,1,1,test
12157006,4.25,253.1,2.4,0.27,1.31,0.11,0,2,1,38.6,1,2,2,train
12158327,4.12,281.8,2.72,0.23,1.23,0.1,0,2,1,35.1,1,2,2,train
12164669,6.26,64.6,0.25,0.13,1.39,0.07,0,2,0,60.6,1,1,1,test
12164689,3.78,308.1,2.81,0.39,1.07,0.09,0,2,1,29.7,1,2,2,train
12165692,9.07,75.4,0.57,0.17,1.32,0.06,0,2,0,100.3,1,1,1,test
12166563,10.01,75.0,0.68,0.19,1.6,0.1,0,2,0,120.3,1,1,1,train
12167521,4.21,324.8,3.63,0.23,1.33,0.09,0,2,1,34.5,1,2,2,train
12169353,4.09,305.6,3.13,0.25,1.32,0.08,0,2,1,33.2,1,2,2,train
12169488,3.57,232.9,1.61,0.23,1.17,0.12,0,2,1,30.1,1,2,2,train
12169910,4.0,294.0,2.81,0.25,1.02,0.08,0,2,1,32.1,1,2,2,test
12170173,9.63,74.4,0.62,0.13,1.61,0.14,0,2,0,111.9,1,1,1,train
12202062,4.37,296.8,3.39,0.45,1.55,0.13,0,2,1,38.6,1,2,2,test
12202431,4.29,320.0,3.85,0.17,1.4,0.11,0,2,1,38.1,1,2,2,train
12203243,15.2,84.0,1.4,0.15,1.34,0.09,0,2,0,199.8,1,1,1,test
12203455,4.03,300.6,2.65,0.33,1.06,0.11,0,2,1,30.1,1,2,2,train
12206828,4.06,320.6,3.41,0.49,1.18,0.12,0,2,1,33.8,1,2,2,train
12207086,4.08,287.3,2.74,0.27,1.34,0.11,0,2,1,33.2,1,2,2,train
12207840,7.86,76.4,0.45,0.19,1.1,0.06,0,2,0,77.8,1,1,1,test
12214399,5.46,66.3,0.21,0.13,1.23,0.08,0,2,0,48.4,1,1,1,train
12215354,3.43,278.5,1.84,0.17,0.85,0.03,0,2,1,23.9,1,2,2,train
12215568,6.99,67.9,0.32,0.43,1.34,0.07,0,2,0,69.7,1,1,1,train
12216433,9.56,76.8,0.64,0.17,1.36,0.09,0,2,0,108.6,1,1,1,train
12216750,8.83,75.1,0.54,0.21,1.3,0.07,0,2,0,95.6,1,1,1,train
12218634,9.31,75.3,0.59,0.17,1.43,0.07,0,2,0,104.4,1,1,1,train
12253322,5.59,64.9,0.22,0.13,1.23,0.06,0,2,0,51.5,1,1,1,train
12254344,7.93,70.8,0.44,0.13,1.46,0.08,0,2,0,86.9,1,1,1,train
12255028,4.29,331.9,3.97,0.47,1.39,0.13,0,2,1,36.5,1,2,2,train
12256516,7.03,69.9,0.36,0.17,1.43,0.1,0,2,0,73.0,1,1,1,train
12257026,3.93,306.4,2.99,0.29,1.24,0.08,0,2,1,32.2,1,2,2,test
12264805,3.9,290.8,2.38,0.37,0.99,0.04,0,2,1,28.8,1,2,2,train
12268448,4.24,246.1,2.23,0.33,1.51,0.14,0,2,1,37.3,1,2,2,train
12301522,4.26,306.2,3.39,0.27,1.45,0.14,0,2,1,36.4,1,2,2,train
12302104,4.14,311.9,3.17,0.17,1.17,0.09,0,2,1,33.4,1,2,2,train
12302516,4.07,261.7,2.17,0.33,1.06,0.11,0,2,1,32.3,1,2,2,test
12302542,3.92,321.4,3.3,0.25,1.18,0.09,0,2,1,32.5,1,2,2,train
12305574,3.82,308.5,2.84,0.27,0.99,0.06,0,2,1,30.8,1,2,2,train
12315067,4.12,246.6,2.08,0.25,1.41,0.12,0,2,1,34.3,1,2,2,train
12315964,4.14,334.2,3.81,0.31,1.4,0.11,0,2,1,33.9,1,2,2,train
12316494,3.74,255.5,14.28,0.27,1.13,0.11,0,2,1,30.7,1,2,2,train
12316982,3.92,295.9,2.53,0.37,1.05,0.05,0,2,1,29.6,1,2,2,train
12317182,3.94,283.3,2.47,0.43,1.17,0.09,0,2,1,30.7,1,2,2,test
12317351,4.09,305.6,3.24,0.21,1.5,0.1,0,2,1,35.1,1,2,2,train
12354136,3.96,329.4,3.16,0.49,1.08,0.09,0,2,1,29.2,1,2,2,train
12356204,7.54,281.6,4.98,0.29,2.15,0.15,0,2,2,89.5,1,2,2,train
12365293,7.54,250.8,5.88,0.35,2.72,0.23,0,2,2,93.4,1,2,2,train
12366768,4.1,333.7,3.44,0.35,1.07,0.12,0,2,1,31.2,1,2,2,train
12402534,4.04,306.2,2.71,0.41,0.76,0.06,0,2,1,29.4,1,2,2,train
12402804,7.0,70.2,0.33,0.19,1.15,0.04,0,2,0,67.3,1,1,1,train
12403985,4.47,313.9,3.86,0.39,1.49,0.15,0,2,1,39.4,1,2,2,train
12406029,4.12,247.1,2.11,0.31,1.37,0.08,0,2,1,35.2,1,2,2,train
12406876,4.11,310.8,3.32,0.29,1.14,0.07,0,2,1,33.8,1,2,2,train
12406960,9.84,76.2,0.66,0.15,1.4,0.09,0,2,0,113.0,1,1,1,train
12418339,4.15,252.7,2.27,0.33,1.46,0.12,0,2,1,35.8,1,2,2,train
12418515,4.18,306.9,3.23,0.25,1.44,0.14,0,2,1,34.5,1,2,2,train
12453551,5.02,268.1,3.67,0.33,1.9,0.16,0,2,2,51.6,1,2,2,train
12454201,4.32,319.8,3.98,0.23,1.63,0.16,0,2,1,38.8,1,2,2,train
12455117,3.88,324.3,3.23,0.27,1.14,0.08,0,2,1,30.8,1,2,2,train
12457926,12.4,80.8,0.95,0.19,1.3,0.05,0,2,0,145.1,1,1,1,train
12470457,3.7,316.6,2.84,0.35,1.08,0.11,0,2,1,28.6,1,2,2,test
12505707,12.12,80.1,0.96,0.11,1.39,0.1,0,2,0,148.1,1,1,1,test
12506290,4.03,317.1,3.43,0.25,1.33,0.11,0,2,1,34.6,1,2,2,test
12506511,9.55,75.7,0.62,0.17,1.47,0.08,0,2,0,108.2,1,1,1,train
12506768,14.69,83.7,1.35,0.17,1.53,0.11,0,2,0,192.6,1,1,1,train
12507577,7.52,69.7,0.4,0.25,1.45,0.06,0,2,0,82.3,1,1,1,test
12520008,4.27,326.2,4.37,0.27,1.73,0.13,0,2,1,41.0,1,2,2,test
12520106,4.34,322.2,4.22,0.23,1.85,0.18,0,2,1,41.0,1,2,2,train
12553381,5.54,66.8,0.22,0.11,1.2,0.06,0,2,0,50.0,1,1,1,test
12554556,9.01,78.1,0.66,0.11,1.7,0.08,0,2,0,108.3,1,1,1,train
12555458,4.13,333.4,3.4,0.27,0.89,0.06,0,2,1,31.1,1,2,2,train
12555589,4.02,251.9,2.1,0.49,1.37,0.1,0,2,1,33.2,1,2,2,train
12557207,8.1,74.2,0.47,0.13,1.25,0.04,0,2,0,84.8,1,1,1,test
12599878,4.13,313.4,3.49,0.35,1.39,0.11,0,2,1,36.0,1,2,2,train
12600075,4.23,264.8,2.52,0.41,1.55,0.16,0,2,1,36.7,1,2,2,train
12601052,4.35,342.7,4.73,0.45,1.9,0.22,0,2,2,40.3,1,2,2,train
12603035,3.85,318.7,3.02,0.21,0.98,0.06,0,2,1,30.0,1,2,2,train
12645107,3.77,294.4,2.56,0.23,1.12,0.09,0,2,1,30.3,1,2,2,train
12645202,4.22,336.5,4.01,0.31,1.23,0.11,0,2,1,35.7,1,2,2,train
12647649,4.14,334.1,3.56,0.31,1.03,0.11,0,2,1,32.7,1,2,2,train
12688781,4.57,242.2,2.58,0.19,1.83,0.15,0,2,1,44.3,1,2,2,train
12691122,3.94,335.9,3.38,0.33,1.0,0.07,0,2,1,30.6,1,2,2,test
12691710,4.38,326.7,4.07,0.33,1.25,0.07,0,2,1,39.2,1,2,2,train
12691734,4.34,340.5,5.43,0.43,2.3,0.21,0,2,2,47.6,1,2,2,test
12734579,4.46,325.3,4.51,0.25,1.58,0.18,0,2,1,43.0,1,2,2,test
12735291,3.96,326.6,3.19,0.37,0.88,0.07,0,2,1,30.3,1,2,2,train
12834442,13.35,83.8,1.12,0.09,1.21,0.05,0,2,0,160.6,1,1,1,train
12884930,4.32,329.9,4.11,0.31,1.43,0.07,0,2,1,37.8,1,2,2,train
12885196,8.22,73.5,0.5,0.11,1.47,0.07,0,2,0,92.0,1,1,1,train
